edition,project name,agency,project code,state,doa,original/target doc,revised doc,original cost,revised cost,cumulative expenditure,physical progress
2021-09,KAKRAPAR ATOMIC POWER PROJECT - 3 AND 4,NPCIL,N02000010,GUJARAT,10/2009,12/2015,-,"11,459.00",-,"17,212.00",62/70
2021-09,RAJASTHAN ATOMIC POWER PROJECT -7 AND 8 (2X700 MW),NPCIL,N02000027,RAJASTHAN,10/2009,12/2016,-,"12,320.00",-,"13,665.00",52/68
2021-09,PROTOTYPE FAST BREEDER REACTOR (BHAVINI 500 MWE),BHAVNI,020100044,TAMIL NADU,09/2003,09/2010,10/2022,"3,492.00","6,840.00","6,054.37",83/87
2021-09,KUDANKULAM NUCLEAR POWER PROJECT UNIT-3 and 4,NPCIL,N02000028,TAMIL NADU,03/2013,11/2020,-,"39,849.00",-,"25,434.00",28/76
2021-09,CONSTRUCTION OF NEW INTEGRATED TERMINAL BUILDING AT VSI AIRPORT PORTBLAIR,AAI,N04000073,A & N ISLANDS,SH,O,09/2018,417.23,707.73,P,0/6
2021-09,EXT AND STR. OF EXISTING RUNWAY 08/26 AT TIRUPATI AIRPORT,AAI,N04000089,ANDHRA PRADESH,08/2017,02/2020,12/2021,177.10,-,104.49,1/4
2021-09,C/O OF NITB AND ASSOCIATED WORK AT VIJAYAWADA AIRPORT,AAI,N04000091,ANDHRA PRADESH,04/2020,03/2023,-,611.80,-,44.09,3/14
2021-09,CONSTRUCTION OF NEW INTEGRATED TERMINAL BUILDING AT LGBI AIRPORT GUWAHATI,AAI,N04000083,ASSAM,12/2016,03/2021,03/2022,"1,142.00",-,371.33,0/1
2021-09,CONSTRUCTION OF NEW DORNESTIC TERMINAL BUILDING AND OTHER STRUCTURES PHASE I AND II,AAI,N04000082,BIHAR,05/2018,10/2022,-,"1,216.90",-,219.36,0/3
2021-09,CONSTRUCTION OF COMBINED OPERATIONAL OFFICES FOR DGCA BCAS AAIB AERA AND AAI AT SAFDARJUNG AIRPOR,AAI,N04000076,DELHI,11/2016,04/2020,-,303.80,351.21,183.77,0/0
2021-09,C/O NEW GREENFIELD AIRPORT AT HISSAR RAJKOT GUJARAT,AAI,N04000088,GUJARAT,01/2018,08/2022,-,"1,405.00",-,352.13,1/15
2021-09,CONSTRUCTION OF TERMINAL BUILDING AND ASSOCIATED WORKS AT LEH AIRPORT,AAI,N04000078,LADAKH,07/2018,09/2021,-,346.27,-,105.53,2/4
2021-09,UPGRADATION OF JABALPUR AIRPORT,AAI,N04000087,MADHYA PRADESH,06/2016,06/2021,-,412.24,-,207.89,0/1
2021-09,CONSTRUCTION OF NEW INTEGRATED TERMINAL BUILDING RECONSTRUCTION OF OLD TERMINAL BUILDING MODIFICAT,AAI,N04000079,MAHARASHTRA,03/2017,04/2021,-,475.39,-,168.25,3/10
2021-09,MODERNIZATION OF CHENNAI AIRPORT PHASE II CHENNAI,AAI,N04000074,TAMIL NADU,06/2018,02/2022,-,"2,467.00",-,708.28,0/12
2021-09,UPGRADATION OF PASSENGER TERMINAL BUILDING AND AIRSIDE FACILITIES AT TIRUCHIRAPALLI INTERNATIONAL AI,AAI,N04000075,TAMIL NADU,08/2018,10/2021,-,951.28,-,464.03,3/13
2021-09,DEVELOPMENT OF TUTICORIN AIRPORT,AAI,N04000090,TAMIL NADU,06/2019,03/2022,12/2023,380.87,-,14.22,3/14
2021-09,CO CIVIL AVIATION REASEARCH ORG. (PH-II) AT BEGUMPET AIRPORT HYDRABAD,AAI,N04000086,TELANGANA,05/2020,05/2022,-,353.61,-,76.41,0/4
2021-09,CONSTRUCTION OF NEW INTEGRATED TERMINAL BUILDING AND ASSOCIATED WORKS AT AGARTALA AIRPORT,AAI,N04000084,TRIPURA,09/2015,06/2019,09/2021,438.28,-,384.18,0/1
2021-09,CCS INTERNATIONAL AIRPORT LUCKNOW,AAI,N04000077,UTTAR PRADESH,06/2018,09/2021,-,"1,383.00","1,938.00",504.20,0/2
2021-09,CONSTRUCTION OF DOMESTIC PASSENGER TERMINAL BUILDING AT DEHRADUN AIRPORT DEHRADUN,AAI,N04000085,UTTARAKHAND,07/2018,09/2020,-,456.86,-,314.58,1/1
2021-09,CONSTRUCTION OF ATC TOWER AND TECHNICAL BLOCK AT NSCBI AIRPORT KOLKATA,AAI,N04000080,WEST BENGAL,01/2016,03/2020,07/2022,458.00,-,152.98,0/2
2021-09,AIRSIDE CAPACITFY ENHANCLEMENT OFA NSBI AIRPORT KOLKATA,AAI,N04000081,WEST BENGAL,S01/H2019,O11/2021,01/2023,389.71,-,P196.89,0/2
2021-09,GEVRA EXPANSION OCP (SECL) (35-70) MTY,SECL,060100093,CHHATISGARH,06/2010,03/2023,03/2016,"11,816.40",-,"4,583.34",15/21
2021-09,KUSMUNDA EXPN.OCP(SECL)(15-50)MTY,SECL,N06000008,CHHATISGARH,08/2013,03/2023,-,"7,612.33",-,"3,020.36",13/22
2021-09,PELMA OCP(15.00MTY),SECL,N06000045,CHHATISGARH,11/2014,03/2023,-,"1,624.59",-,9.08,1/12
2021-09,JAGANNATHPOR OCP(3.00MTY),SECL,N06000075,CHHATISGARH,09/2008,03/2015,03/2020,152.43,459.49,199.39,9/11
2021-09,KARTALI (EAST) OCP (2.50 MTY),SECL,N06000076,CHHATISGARH,07/2008,03/2014,-,178.44,-,11.37,3/9
2021-09,MANIKPUR OC EXPANSION (3.5 MTY),SECL,N06000081,CHHATISGARH,12/2009,03/2014,-,321.50,-,210.73,5/6
2021-09,CHHAL OC SEAM -III (6.00 MTY),SECL,N06000104,CHHATISGARH,12/2013,03/2022,-,610.63,-,159.72,4/11
2021-09,AMERA OC RCE,SECL,N06000123,CHHATISGARH,02/2015,03/2018,-,335.97,-,49.42,1/7
2021-09,AMGAON OPENCAST PROJECT RCE,SECL,N06000135,CHHATISGARH,07/2015,03/2020,-,316.10,-,146.27,3/6
2021-09,DURGAPUR OPENCAST PROJECT,SECL,N06000136,CHHATISGARH,02/2015,03/2023,-,916.24,-,11.38,2/12
2021-09,MADANNAGAR OPENCAST PROJECT,SECL,N06000140,CHHATISGARH,10/2015,03/2024,-,"1,875.32",-,.00,2/6
2021-09,VIJAY WEST OPENCAST PROJECT,SECL,N06000158,CHHATISGARH,05/2017,03/2026,-,976.95,-,76.12,2/2
2021-09,MAHAMAYA OPENCAST PROJECT,SECL,N06000164,CHHATISGARH,05/2018,03/2026,-,410.26,-,40.50,2/4
2021-09,JHIRIA WEST OPENCAST PROJECT,SECL,N06000166,CHHATISGARH,11/2018,03/2026,-,389.97,-,.00,3/5
2021-09,BAROUD OC EXPANSION (3-10 MTY),SECL,N06000197,CHHATISGARH,08/2020,03/2029,-,"2,309.80",-,288.37,0/0
2021-09,JAMPALI OCP RCE,SECL,N06000198,CHHATISGARH,05/2020,03/2024,-,278.64,-,184.39,0/0
2021-09,PORDA CHIMTAPANI OCP (10 MTY),SECL,N06000199,CHHATISGARH,12/2020,03/2029,-,"2,310.12",-,.00,0/0
2021-09,DIPKA OC EXPANSION 40 MTY,SECL,N06000200,CHHATISGARH,12/2020,03/2029,-,"5,241.40",-,"1,972.35",0/0
2021-09,MAGADH EXPANSION OC(51 MTY),CCL,N06000015,JHARKHAND,08/2008,07/2012,03/2028,"6,964.33","7,254.37",729.50,7/7
2021-09,CHURI BENTI UG (0.81 MTY),CCL,N06000083,JHARKHAND,08/2007,03/2011,-,163.51,-,124.64,7/7
2021-09,RAJRAPPA RCE OCP ( 3.0 MTY),CCL,N06000087,JHARKHAND,12/2009,03/2016,-,510.85,-,497.97,7/7
2021-09,KARMA OCP (1.0MTY),CCL,N06000088,JHARKHAND,06/2009,03/2014,-,162.46,-,89.46,7/7
2021-09,MURAIDIH UG TURN-KEY PROJECT,BCCL,N06000096,JHARKHAND,SH,O,04/2014,339.88,-,P,4/7
2021-09,MOONIDIH XV SEAM UG,BCCL,N06000098,JHARKHAND,08/2011,04/2015,-,"1,230.27",-,495.76,2/6
2021-09,RECAST EPR AMRAPALI OC,CCL,N06000103,JHARKHAND,02/2012,03/2020,03/2028,"4,983.58","4,983.58",260.01,8/8
2021-09,NORTH TISRA AND SOUTH TISRA EXPANSION OCP (6MTY),BCCL,N06000106,JHARKHAND,02/2014,03/2021,-,555.52,-,5.87,0/2
2021-09,MADHUBAND NLW WASHERY,BCCL,N06000126,JHARKHAND,08/2010,05/2014,-,289.45,-,285.47,0/8
2021-09,PATHERDIH NLW WASHERY,BCCL,N06000127,JHARKHAND,10/2012,04/2014,-,269.82,-,211.94,0/10
2021-09,HURA - C OC (3 MTY),ECL,N06000143,JHARKHAND,10/2015,03/2022,-,359.69,-,257.70,4/22
2021-09,CHITRA EAST (RCE) OCP,ECL,N06000169,JHARKHAND,08/2018,03/2024,-,513.98,-,159.28,0/17
2021-09,NORTH URIMARI EXPANSION OCP,CCL,N06000182,JHARKHAND,03/2019,03/2023,-,"1,553.06",-,347.66,2/2
2021-09,TETARIAKHAR EXPANSION OCP,CCL,N06000186,JHARKHAND,11/2019,03/2023,-,243.52,-,37.16,1/1
2021-09,PACHWARA SOUTH COAL BLOCK,NLC,N06000193,JHARKHAND,07/2013,08/2022,-,"1,795.01",-,36.84,5/11
2021-09,PATHERDIH 2.5 NLW COAL WASHERY,BCCL,N06000194,JHARKHAND,10/2015,04/2018,-,243.00,334.27,24.71,0/0
2021-09,BATURA OCP (2.0 MTY),SECL,N06000049,MADHYA PRADESH,08/2015,03/2023,-,"1,186.64",-,234.04,6/11
2021-09,AMRITDHARA OC PROJECT,SECL,N06000122,MADHYA PRADESH,02/2015,03/2023,-,481.60,-,.00,3/10
2021-09,RAJNAGAR OCP RPR (1.70 MTY),SECL,N06000124,MADHYA PRADESH,12/2014,03/2021,04/2024,357.80,-,100.65,4/10
2021-09,KANCHAN OC EXPANSION,SECL,N06000125,MADHYA PRADESH,12/2014,03/2021,-,371.04,-,66.57,5/9
2021-09,BATURA HIGHWALL PROJECT,SECL,N06000134,MADHYA PRADESH,07/2015,03/2022,-,231.92,-,1.78,1/10
2021-09,AMADAND OPENCAST EXPANSION PROJECT,SECL,N06000148,MADHYA PRADESH,03/2016,03/2021,-,869.44,-,126.82,4/6
2021-09,RPR FOR JAMUNIA UG (0.90 MTY),WCL,N06000153,MADHYA PRADESH,07/2016,03/2022,03/2026,281.25,-,18.24,0/4
2021-09,JAYANT EXPANSION OCP 10 TO 20 MTPA,NCL,N06000159,MADHYA PRADESH,05/2017,03/2021,-,"1,783.09",-,759.10,3/9
2021-09,DUDHICHUA EXPANSION OCP (10 TO 20 MTPA),NCL,N06000162,MADHYA PRADESH,11/2017,03/2022,-,"1,255.17",-,316.60,3/9
2021-09,SEMARIA OPENCAST PROJECT,NCL,N06000176,MADHYA PRADESH,05/2019,03/2026,-,396.58,-,.00,1/5
2021-09,VISHNUPURI UG TO OC MINE,WCL,N06000178,MADHYA PRADESH,07/2018,03/2025,-,195.57,-,2.94,0/7
2021-09,GANDHIGRAM UG MINE,WCL,N06000183,MADHYA PRADESH,08/2019,03/2026,-,414.16,-,1.00,1/7
2021-09,BLOCK-B EXPANSION OPENCAST PROJECT,NCL,N06000184,MADHYA PRADESH,07/2019,03/2023,-,998.71,-,.00,1/7
2021-09,NIGAHI EXPANSION OCP (15 TO 25 MTPA),NCL,N06000196,MADHYA PRADESH,11/2020,03/2025,-,"1,729.68",-,.00,0/8
2021-09,BATURA WEST OC PROJECT (0.80 MTY),SECL,N06000207,MADHYA PRADESH,SH,O,03/2028,496.28,-,P,0/0
2021-09,PR FOR DINESH(MAKARDHOKRA III) EXPANSION OC (8.0 MTY),WCL,N06000118,MAHARASHTRA,11/2014,03/2020,03/2027,"1,184.33",-,392.88,5/13
2021-09,BHANEGAON OC,WCL,N06000121,MAHARASHTRA,02/2015,03/2023,-,187.94,409.68,86.90,7/11
2021-09,NEW MAJRI UG TO OC,WCL,N06000128,MAHARASHTRA,05/2015,03/2019,03/2022,295.56,299.67,164.36,10/13
2021-09,SINGHORI OC MINE,WCL,N06000130,MAHARASHTRA,06/2015,03/2020,09/2021,205.49,-,138.58,9/10
2021-09,AMALGAMATED PAUNI-II III OC MINE,WCL,N06000131,MAHARASHTRA,06/2015,03/2021,-,483.69,499.00,253.70,4/6
2021-09,AMALGAMATED YEKONA-I YEKONA-II,WCL,N06000132,MAHARASHTRA,08/2015,03/2025,-,727.28,745.03,390.11,9/13
2021-09,ADASA UG TO OC,WCL,N06000133,MAHARASHTRA,08/2015,03/2023,-,288.90,333.43,145.08,4/10
2021-09,REVISED PR FOR AMALGAMATED INDER KAMPTEE DEEP OC (3.2 MTY),WCL,N06000141,MAHARASHTRA,11/2015,03/2021,03/2024,313.34,-,149.32,5/6
2021-09,RPR FOR MUNGOLI NIORGUDA EXTENSION (DEEP) OC (4.375 MTY),WCL,N06000142,MAHARASHTRA,11/2015,03/2020,03/2026,851.60,826.80,233.76,2/6
2021-09,AMALGAMATED GONDEGAON GHATROHAN OC,WCL,N06000149,MAHARASHTRA,02/2016,03/2019,-,198.68,325.18,272.90,6/9
2021-09,BHATADI EXPANSION OC MINE,WCL,N06000150,MAHARASHTRA,02/2016,03/2019,-,304.52,327.41,160.84,6/8
2021-09,KOLAR PIMPRI EXTENSION OC,WCL,N06000160,MAHARASHTRA,03/2017,03/2020,09/2022,362.73,402.90,336.00,0/1
2021-09,UKNI DEEP OC,WCL,N06000179,MAHARASHTRA,11/2018,03/2021,09/2022,318.14,-,217.47,1/4
2021-09,BELLORA-NAIGAON DEEP OC,WCL,N06000180,MAHARASHTRA,11/2018,03/2021,09/2022,252.71,-,102.41,0/3
2021-09,GHONSA EXPANSION DEEP OC,WCL,N06000205,MAHARASHTRA,03/2021,03/2028,-,241.72,-,57.00,0/7
2021-09,SASTI EXPANSION OC,WCL,N06000206,MAHARASHTRA,08/2020,03/2026,-,371.59,-,52.55,0/7
2021-09,NILJAI EXPANSION (DEEP) OC (3.5 MTY),WCL,N06000154,MULTI STATE,08/2016,03/2022,-,319.76,404.45,246.02,0/3
2021-09,RECAST PR FOR DHANKASA UG (1.00 MTY),WCL,N06000155,MULTI STATE,09/2016,03/2022,03/2025,289.29,-,36.10,2/12
2021-09,DURGAPUR EXTENSION (DEEP) OC (3.0 MTY),WCL,N06000157,MULTI STATE,02/2017,03/2021,09/2023,328.00,-,296.56,4/6
2021-09,BINA KAKRI AMALGAMATION OCP 14 MTPA,NCL,N06000192,MULTI STATE,08/2020,03/2024,-,836.42,-,60.07,0/6
2021-09,BHUBANESWARI EXPENSION OCP(40.0 MTY),MCL,N06000034,ODISHA,12/2007,03/2017,-,"3,145.45",-,589.39,11/12
2021-09,EXPANSION PR OF GOPAL JI KANIHA OCP(30.0 MTY),MCL,N06000035,ODISHA,12/2007,03/2013,03/2028,"8,416.19","8,416.19",941.28,8/10
2021-09,EXPANSION PR OF BALRAM EXPANSION OCP(15 MTY),MCL,N06000044,ODISHA,12/2007,03/2010,03/2029,"3,504.21","3,504.21",589.71,3/5
2021-09,ANANTA OC EXPANSION PH-III (15.0 MTY),MCL,N06000067,ODISHA,08/2008,03/2012,-,207.28,-,204.33,5/7
2021-09,HINGULA OC-II EXP. PH-III (15 MTY),MCL,N06000068,ODISHA,SH,O,03/2013,479.53,-,P,6/9
2021-09,BASUNDHARA (WEST) OC EXTN(7.00 MTY),MCL,N06000112,ODISHA,05/2014,03/2019,-,479.15,-,232.78,3/9
2021-09,SIARMAL OCP (40.00MTY),MCL,N06000113,ODISHA,05/2014,03/2026,-,"3,756.36",-,"2,540.88",9/15
2021-09,GARJANBAHAL OCP,MCL,N06000117,ODISHA,11/2014,03/2021,-,"1,375.38",-,627.83,9/10
2021-09,INTEGRATED LAKHANPUR-BELPAHAR-LILARI OCP,MCL,N06000167,ODISHA,05/2018,03/2027,-,"2,434.75",-,544.42,3/12
2021-09,REORGANISATION OF BHARATPUR OCP EXPANSION,MCL,N06000171,ODISHA,11/2018,03/2029,-,"2,838.87",-,"1,281.97",1/9
2021-09,TALABIRA II AND III OCP,NLC,N06000189,ODISHA,07/2017,07/2020,-,"2,401.07",-,893.03,18/22
2021-09,NAINI COAL MINE,SCCL,N06000203,ODISHA,03/2020,03/2024,-,494.30,-,73.22,0/7
2021-09,HADLA LIGNITE MINE PROJECT(1.90 MTPA),NLC,N06000144,RAJASTHAN,03/2015,09/2019,-,522.45,-,9.88,0/0
2021-09,BITHNOK LIGNITE MINE PROJECT (2.25 MTPA),NLC,N06000145,RAJASTHAN,03/2015,12/2019,-,513.63,-,175.30,0/0
2021-09,BARSINGSAR THERMAL POWER STATION EXTENSION,NLC,N06000187,RAJASTHAN,03/2015,09/2020,-,"2,112.60",-,93.05,0/0
2021-09,BITHNOK LIGNITE THERMAL POWER STATION,NLC,N06000188,RAJASTHAN,03/2015,09/2020,-,"2,196.30",-,143.95,0/0
2021-09,NEYVELI NEW THERMAL POWER PROJECT(2X500 MW),NLC,N06000095,TAMIL NADU,06/2011,12/2015,-,"5,907.11","7,980.79","7,413.42",35/35
2021-09,EXPANSION OF MINE-I (LEASE AREA) AND MINE-I A (3.0 TO 7.0 MTPA),NLC,N06000138,TAMIL NADU,04/2013,06/2015,03/2025,"1,458.17",709.06,492.03,5/7
2021-09,RAMAGUNDAM OC-II EXTENSION,SCCL,N06000078,TELANGANA,12/2009,03/2012,-,418.97,-,416.07,1/2
2021-09,KISTARAM OCP,SCCL,N06000089,TELANGANA,11/2010,03/2015,-,242.29,-,143.08,4/5
2021-09,RCE OF INDARAM OCP(1.20 MTPA),SCCL,N06000093,TELANGANA,07/2011,03/2015,-,162.76,-,293.69,14/29
2021-09,JALAGAM VENGALA RAO OCP-II,SCCL,N06000094,TELANGANA,07/2011,03/2015,-,447.06,-,79.04,10/13
2021-09,KALYANIKHANI OPENCAST PROJECT,SCCL,N06000101,TELANGANA,07/2012,07/2016,-,417.33,-,134.71,26/28
2021-09,RFR OF MANUGURU OC PROJECT,SCCL,N06000102,TELANGANA,11/2012,03/2016,-,430.45,-,213.44,38/39
2021-09,KAKATIYAKHANI OPENCAST-2 PROJECT,SCCL,N06000129,TELANGANA,05/2015,03/2019,-,397.09,-,112.52,17/18
2021-09,KAKATIYAKHANI OPENCAST III PROJECT PHASE-1,SCCL,N06000161,TELANGANA,03/2017,03/2019,-,413.84,-,200.89,6/11
2021-09,SRP OC-II EXPANSION PROJECT,SCCL,N06000173,TELANGANA,11/2016,-,-,272.73,-,153.75,2/6
2021-09,GODAVARIKHANI COAL MINE,SCCL,N06000202,TELANGANA,07/2019,03/2023,-,438.98,-,78.32,0/11
2021-09,VENKATESH KHANI COAL MINE,SCCL,N06000204,TELANGANA,10/2020,03/2023,-,484.51,-,23.39,0/8
2021-09,NEYVELI UTTAR PRADESH POWER PROJECT LIMITED 1980 MW,NLC,N06000152,UTTAR PRADESH,SH,O,11/2021,"17,237.00",-,P,15/48
2021-09,KHADIA EXPANSION OCP,NCL,N06000208,UTTAR PRADESH,06/2021,03/2025,-,491.67,-,.00,0/5
2021-09,EXPANSION PR OF JHANJRA UG(5.00 MTY),ECL,N06000020,WEST BENGAL,11/2015,03/2022,03/2029,"1,210.12",-,49.04,9/13
2021-09,SONEPUR BAZARI (COMB) OCP (8.0 MTY),ECL,N06000109,WEST BENGAL,08/2012,03/2018,-,"1,055.05",-,690.16,12/16
2021-09,RANIGANJ MASTER PLAN,ECL,N06000163,WEST BENGAL,08/2009,08/2019,-,"2,661.73",-,622.22,1/19
2021-09,SIDULI MINE (OC AND UG),ECL,N06000165,WEST BENGAL,05/2018,03/2026,-,535.18,-,1.75,4/22
2021-09,NAKRAKONDA KUMARDIH B OCP,ECL,N06000170,WEST BENGAL,08/2018,03/2029,-,502.68,-,18.15,2/22
2021-09,TILABONI UG MINE,ECL,N06000172,WEST BENGAL,02/2019,03/2027,-,916.62,-,2.06,2/27
2021-09,PARASEA- BELBAID REORGANISATION UG MINE,ECL,N06000185,WEST BENGAL,07/2019,03/2027,-,826.42,-,.19,0/22
2021-09,SHYAMSUNDARPUR UG INCLUDING SAPI UNIT,ECL,N06000191,WEST BENGAL,04/2020,03/2025,-,483.65,-,5.42,0/0
2021-09,2.0 MTPA BHOJUDIH NLW WASHERY,BCCL,N06000195,WEST BENGAL,12/2015,03/2017,-,304.13,341.22,66.00,0/0
2021-09,C/O OF 152 NOS TYPE-II 304 NOS TYPE-III 76 NOS TYPE-IV QTRS. FOR INCOME TAX DEPARTMENT AT CHENNAI,CPWD FOR FINANC,N28000089,TAMIL NADU,12/2015,10/2019,-,209.00,-,205.75,1/6
2021-09,CONSTRUCTION OF 726 Nos RESIDENTIAL QUARTERS CHENNAI,CPWD FOR FINANC,N28000109,TAMIL NADU,11/2017,11/2021,-,348.77,-,177.62,2/8
2021-09,GAS TURBO GENERATOR AND HEAT RECOVERY STEAM GENERATOR PROJECT NFL PANIPAT,NFL,N08000014,HARYANA,01/2018,11/2019,06/2021,215.92,-,172.93,0/2
2021-09,GAS TURBINE GENERATOR AND HEAT RECOVERY STEAM GENERATOR PROJECT AT RCF TROMBAY,RCF,N08000018,MAHARASHTRA,04/2018,04/2020,10/2021,426.72,-,297.48,12/14
2021-09,GAS TURBO GENERATOR AND HEAT RECOVERY STEAM GENERATOR PROJECT NFL BATHINDA,NFL,N08000015,PUNJAB,01/2018,11/2019,05/2021,218.83,-,194.63,1/2
2021-09,GAS TURBO GENERATOR AND HEAT RECOVERY STEAM GENERATOR PROJECT NFL NANGAL,NFL,N08000016,PUNJAB,01/2018,11/2019,05/2021,239.81,-,204.09,1/2
2021-09,5TH STREAM ALUMINA REFINERY EXPANSION PROJECT,NALCO,N10000010,ODISHA,12/2014,04/2021,12/2022,"5,540.00","6,435.90",928.19,4/4
2021-09,UTKAL D AND E COAL BLOCK,NALCO,N10000011,ODISHA,05/2016,01/2020,-,534.00,-,351.71,3/3
2021-09,CONVERSION OF FLAT BOTTOM SETTLERS AND WASHERS WITH A SINGLE TRAIN OF HRDS AND DCWS IN STREAMS 1 AND,NALCO,N10000012,ODISHA,12/2015,11/2020,-,355.00,-,95.45,3/3
2021-09,SOURCING OF BAUXITE ARRANGEMENT FOR 5TH STREAM ALUMINA REFINERY FROM SOUTH BLOCK MINING LEASE OF PAN,NALCO,N10000013,ODISHA,11/2017,04/2021,03/2023,483.00,483.00,6.91,2/2
2021-09,25.5 MW WIND POWER PROJECT AT KAYATHAR IN TAMILNADU,NALCO,N10000014,TAMIL NADU,09/2017,06/2019,12/2021,166.62,163.17,135.00,1/1
2021-09,COKE OVEN BATTERY-5,RINL,N12000117,ANDHRA PRADESH,12/2011,12/2017,07/2022,"2,858.00",-,"2,003.53",5/6
2021-09,NMDC INTEGRATED STEEL PLANT,NMDC,N12000086,CHHATISGARH,01/2010,05/2015,01/2022,"15,525.00","21,940.00","18,852.82",71/86
2021-09,REBUILDING OF COKE OVEN BATTERY NO. 7 and 8 AT BSP,SAIL,N12000123,CHHATISGARH,11/2020,12/2023,-,542.24,-,64.65,0/0
2021-09,NMDC SLURRY PIPE LINE PROJECT - PHASE-1,NMDC,N12000124,CHHATISGARH,11/2015,06/2023,-,"2,907.00",-,437.76,1/8
2021-09,NEW SINTER PLANT AT BOKARO STEEL PLANT,SAIL,N12000095,JHARKHAND,03/2015,10/2017,12/2021,"1,034.01",-,555.01,0/2
2021-09,REBUILDING OF COKE OVEN BATTERY NO-8 AT BSL,SAIL,N12000118,JHARKHAND,11/2016,06/2019,08/2021,262.87,-,203.29,1/1
2021-09,REBUILDING OF COKE OVEN BATTERY-2 ALONGWITH AUGMENTATION OF COKE HANDLING AND GAS HANDLING FACILITY,SAIL,N12000122,ODISHA,11/2020,05/2023,-,377.18,-,41.07,0/1
2021-09,FORGED WHEEL PLANT,RINL,N12000116,UTTAR PRADESH,04/2014,09/2018,10/2021,"1,682.85",-,"1,716.93",5/5
2021-09,VISAKH REFINERY MODERNISATION PROJECT,HPCL,N16000235,ANDHRA PRADESH,07/2016,07/2020,07/2022,"20,928.00","26,264.00","16,335.02",95/111
2021-09,KG-DWN-98-2 CLUSTER II DEVELOPMENT PROJECT,ONGC,N16000247,ANDHRA PRADESH,03/2016,06/2020,06/2022,"34,012.00",-,"13,844.51",15/20
2021-09,CONSTRUCTION OF RAIL FED DEPOT AT GUNTAKAL AP,IOCL,N16000302,ANDHRA PRADESH,08/2017,04/2021,03/2021,384.58,-,276.76,0/0
2021-09,CONSTRUCTION OF GRASS ROOT PETROLEUM TOP AT ATCHUTAPURAM ANDHRA PRADESH,IOCL,N16000342,ANDHRA PRADESH,08/2018,04/2021,12/2021,466.00,-,288.13,0/0
2021-09,REVAMPING OF FACILITIES AT VIZAG TERMINAL,IOCL,N16000343,ANDHRA PRADESH,SH,O,04/2022,355.00,-,P,0/0
2021-09,REVAMPING OF VIJAYAWADA TERMINAL FOR CONVERSION TO TOP,IOCL,N16000350,ANDHRA PRADESH,10/2018,10/2021,03/2022,316.20,-,121.22,0/0
2021-09,DEVELOPMENT OF COASTAL TERMINAL AT KRISHNAPATNAM PORT,BPCL,N16000364,ANDHRA PRADESH,07/2017,02/2021,-,580.20,-,230.12,0/16
2021-09,SWRO II WITH LLPH FACILITIES,HPCL,N16000378,ANDHRA PRADESH,09/2019,07/2020,-,196.26,-,100.30,1/5
2021-09,LPG BP PROJECT CHITTOOR,IOCL,N16000381,ANDHRA PRADESH,07/2019,07/2022,-,167.00,-,10.81,0/0
2021-09,RUF PITCH LOADING GANTRY,HPCL,N16000406,ANDHRA PRADESH,10/2020,11/2022,-,332.61,-,9.38,0/0
2021-09,220 KV GRID SUPPLY,HPCL,N16000407,ANDHRA PRADESH,10/2020,03/2021,-,303.40,-,215.32,0/0
2021-09,SULPHUR FORMING UNIT IN SRU,HPCL,N16000408,ANDHRA PRADESH,10/2020,08/2021,-,210.94,-,124.97,0/0
2021-09,CGD PROJECT AT SRIKAKULAM VISAKHAPATNAM AND VIZIANAGARAM DISTRICTS,IOCL,N16000420,ANDHRA PRADESH,06/2019,08/2027,-,"2,880.00",-,98.43,0/0
2021-09,DEVELOPMENT OF FACILITIES AT MOINARBAND (SILCHAR) CACHAR ASSAM AS RESITEMENT OF RAMNAGAR DEPOT,IOCL,N16000236,ASSAM,06/2016,08/2019,06/2021,423.00,-,442.87,11/13
2021-09,PIPELINE NETWORK PROJECT GELEKI ASSAM,ONGC,N16000278,ASSAM,07/2016,05/2020,08/2021,249.85,303.75,220.99,4/5
2021-09,DEVELOPMENT OF SURFACE FACILITIES FOR PRODUCTION AND EVACUATION OF CRUDE OIL AND NATURAL GAS FROM NA,OIL,N16000331,ASSAM,01/2018,02/2020,-,543.91,652.10,384.56,1/14
2021-09,BS VI PROJECT AT GUWAHATI REFINERY,IOCL,N16000339,ASSAM,08/2018,02/2020,06/2021,557.00,-,543.00,5/5
2021-09,CONSTRUCTION OF 762 MM DIAMETER GAS PIPELINE FROM BAGHJAN TO CGGS MADHUBAN,OIL,N16000356,ASSAM,06/2016,08/2020,09/2021,224.75,222.21,180.00,0/0
2021-09,NUMALIGARH REFINERY EXPANSION PROJECT 6 MMTPA REFINARY,NRL,N16000379,ASSAM,01/2019,10/2024,-,"12,366.00",-,577.88,0/0
2021-09,NUMALIGARH REFINERY EXPANSION PROJECT COIT AND PIPELINES,NRL,N16000394,ASSAM,01/2019,10/2024,-,"10,228.00",-,380.09,0/0
2021-09,EXPANSION OF GUWAHATI REFINERY FROM 1 TO 1.2 MMTPA ALONG WITH INSTALLATION OF CATALYTIC REFORMING UN,IOCL,N16000414,ASSAM,05/2021,10/2023,-,412.00,-,23.42,0/0
2021-09,LPG BP PROJECT MOTIHARI,IOCL,N16000317,BIHAR,05/2018,03/2021,09/2021,206.50,-,154.78,21/26
2021-09,DEVLEOPMENT OF GRID INFRASTRUCTURE FOR IMPORTING GRID POWER AT 220 KV AT BARAUNI REFINERY,IOCL,N16000324,BIHAR,12/2017,10/2020,08/2022,199.36,-,67.93,2/2
2021-09,CITY GAS DISTRIBUTION (CGD) NETWORK PATNA,GAIL,N16000327,BIHAR,10/2017,10/2022,-,359.25,-,178.91,10/10
2021-09,INSTALLATION OF 'INDJET' UNIT AT BARAUNI REFINERY,IOCL,N16000337,BIHAR,07/2018,01/2021,06/2021,189.00,-,169.59,7/8
2021-09,CONSTRUCTION OF GRASS ROOT POL TERMINAL AT MOTIHARI BIHAR,IOCL,N16000344,BIHAR,SH,O,03/2021,522.00,-,P,0/0
2021-09,BARAUNI REFINERY CAPACITY EXPANSION FROM 6.0 TO 9.0 MMTPA,IOCL,N16000386,BIHAR,01/2020,04/2023,-,"14,810.00",-,"1,452.02",2/2
2021-09,MUZAFFARPUR-MOTIHARI LPG PIPELINE,IOCL,N16000399,BIHAR,06/2020,08/2022,-,403.00,-,142.09,0/0
2021-09,CGD PROJECT AT AURANGABAD KAIMUR AND ROHTAS DISTRICTS,IOCL,N16000415,BIHAR,10/2018,08/2027,-,176.00,-,76.00,0/0
2021-09,CGD PROJECT AT ARARIA PURNIA KATIHAR AND KISHANGANJ DISTRICTS,IOCL,N16000421,BIHAR,06/2019,12/2029,-,988.00,-,40.33,0/0
2021-09,CGD PROJECT AT ARWAL JEHANABAD BHOJPUR AND BUXAR DISTRICTS,IOCL,N16000422,BIHAR,06/2019,02/2028,-,439.00,-,110.67,0/0
2021-09,CGD PROJECT AT KHAGARIA SAHARSA AND MADHEPURA,IOCL,N16000423,BIHAR,06/2019,12/2029,-,163.00,-,23.01,0/0
2021-09,CGD PROJECT AT LAKHISARAI MUNGER AND BHAGALPUR DISTRICTS,IOCL,N16000424,BIHAR,06/2019,02/2028,-,347.00,-,90.88,0/0
2021-09,CGD PROJECT AT MUZAFFARPUR VAISHALI SARAN AND SAMASTIPUR DISTRICTS,IOCL,N16000425,BIHAR,06/2019,02/2028,-,"2,996.00",-,274.33,0/0
2021-09,AUGMENTATION OF FACILITIES AT THE EXISTING RAIPUR DEPOT,HPCL,N16000413,CHHATISGARH,03/2021,03/2024,-,456.00,-,12.93,2/64
2021-09,CAPACITY AUGMENTATION JAMNAGAR LONI PIPELINE,GAIL,N16000233,GUJARAT,04/2016,04/2018,-,327.78,-,195.90,19/20
2021-09,REDEVELOPMENT OF SANTHAL FIELD,ONGC,N16000279,GUJARAT,02/2017,03/2026,-,"1,162.56",-,936.54,9/10
2021-09,CREATING INFRASTRUCTURE AT GUJARAT REFINERY AND DUMAD FOR KOYALI AHMEDNAGAR SOLAPUR PIPELINE,IOCL,N16000326,GUJARAT,10/2017,02/2020,10/2021,906.00,-,333.07,7/8
2021-09,AUGMENTATION OF LPG IMPORT TERMINAL FROM 0.6 MMTPA TO 2.5 MMTPA AT KANDLA GUJARAT,IOCL,N16000336,GUJARAT,03/2018,-,05/2023,588.20,730.20,141.31,11/17
2021-09,SUSTAINED EVACUATION OF GAS FROM GANDHAR FIELDS BY INSTALLING A GAS COMPRESSOR AND PIPELINE CONNECTI,GAIL,N16000349,GUJARAT,09/2018,02/2021,-,225.54,247.90,41.34,6/8
2021-09,LAB REVAMP AT GUJARAT REFINERY,IOCL,N16000377,GUJARAT,10/2019,12/2021,-,403.00,-,160.03,9/11
2021-09,ACRYLICS OR OXO-ALCOHOL PROJECT AT GUJARAT REFINERY,IOCL,N16000382,GUJARAT,11/2019,05/2023,-,"5,251.00",-,491.54,5/11
2021-09,REPLACEMENT OF EXISTING TWIN 42” OFFSHORE PIPELINES AT VADINAR ALONG WITH TWO EXISTING PIPELINE END,IOCL,N16000400,GUJARAT,06/2020,12/2022,-,"1,378.00",-,162.57,0/0
2021-09,REDEVELOPMENT OF NANDASAN FIELD,ONGC,N16000404,GUJARAT,02/2020,08/2022,-,444.87,-,107.79,5/6
2021-09,PETROCHEMICAL AND LUBE INTEGRATION PROJECT AT GUJARAT REFINERY,IOCL,N16000409,GUJARAT,09/2020,09/2024,-,"18,936.00",-,770.81,0/0
2021-09,AUGUMENTATION OF SALAYA MATHURA CRUDE OIL PIPELINE SYSTEM,IOCL,N16000411,GUJARAT,10/2020,08/2023,-,"1,614.00",-,.21,0/0
2021-09,REDEVELOPMENT OF LINCH FIELD,ONGC,N16000428,GUJARAT,04/2021,03/2025,-,631.03,-,175.81,0/0
2021-09,CATALYST MANUFACTURING UNIT OF 1500 MTPA CAPACITY AT PANIPAT REFINERY,IOCL,N16000321,HARYANA,04/2018,02/2020,O,206.63,340.76,138.77,6/7
2021-09,NAPHTHA CRACKER EXPANSION PROJECT AT PANIPAT,IOCL,N16000340,HARYANA,08/2018,08/2020,04/2022,"1,636.00",-,891.51,6/7
2021-09,2ND GENERATION ETHANOL PLANT AT PANIPAT REFINERY,IOCL,N16000352,HARYANA,01/2019,01/2021,03/2022,909.00,-,442.91,3/6
2021-09,ETHANOL PRODUCTION FROM PSA OFF GAS BASED ON LANZATECH TECHNOLOGY AT PANIPAT REFINERY,IOCL,N16000353,HARYANA,10/2018,02/2020,02/2022,598.00,-,407.06,4/5
2021-09,SULTANPUR JHAJJAR HISSAR PIPELINE (SJHPL) PROJECT,GAIL,N16000355,HARYANA,08/2018,08/2020,05/2021,286.42,327.01,221.20,14/16
2021-09,INFRASTRUCTURE DEVELOPMENT TO FACILITATE IMPORT OF GRID POWER AT 220 KV PANIPAT,IOCL,N16000363,HARYANA,12/2018,06/2021,07/2022,278.60,-,68.36,1/3
2021-09,R and D CAMPUS II AT FARIDABAD,IOCL,N16000375,HARYANA,06/2019,12/2022,07/2023,"2,281.94","3,199.60",543.08,0/0
2021-09,PX-PTA REVAMP AT PANIPAT REFINERY,IOCL,N16000376,HARYANA,08/2019,10/2021,-,"1,255.00",-,271.61,0/0
2021-09,COMPRESSED BIO GAS PLANT AT GORAKHPUR,IOCL,N16000383,HARYANA,09/2019,07/2021,03/2022,164.69,-,14.86,0/0
2021-09,CITY GAS DISTRIBUTION PROJECT IN GEOGRAPHICAL AREA OF SONIPAT (EAAA) AND JIND DISTRICTS,HPCL,N16000385,HARYANA,09/2018,09/2026,02/2027,520.00,-,147.86,38/52
2021-09,CAPACITY EXPANSION OF PANIPAT REFINERY FROM 15 TO 25 MMTPA,IOCL,N16000412,HARYANA,02/2021,09/2024,-,"34,627.00",-,455.34,0/0
2021-09,DEVELOPMENT PLAN OF CBM - BOKARO BLOCK,ONGC,N16000239,JHARKHAND,12/2015,03/2023,03/2022,823.27,"1,137.79",711.45,9/10
2021-09,120 TMTPA NEW LPG PLANT AT BARHI JHARKAND STATE,HPCL,N16000316,JHARKHAND,06/2017,06/2020,-,161.50,-,106.27,5/12
2021-09,CITY GAS DISTRIBUTION (CGD) NETWORK RANCHI,GAIL,N16000329,JHARKHAND,10/2017,10/2022,-,226.45,-,256.26,19/19
2021-09,RESITEMENT OF RANCHI AND DHANBAD OLD POL DEPOT AT BOKARO.,BPCL,N16000373,JHARKHAND,11/2018,06/2022,-,248.55,-,131.05,0/0
2021-09,CITY GAS DISTRIBUTION JAMSHEDPUR,GAIL,N16000389,JHARKHAND,10/2017,10/2022,-,221.45,-,204.43,9/9
2021-09,CGD PROJECT AT BOKARO HAZARIBAGH AND RAMGARH DISTRICTS,IOCL,N16000416,JHARKHAND,10/2018,12/2029,-,613.00,-,156.09,0/0
2021-09,BSVI UPGRADATION,MANGALORE REFIN,N16000257,KARNATAKA,09/2016,12/2019,04/2021,"1,810.00","1,810.00","1,766.26",9/12
2021-09,SEA WATER DESALINATION PLANT,MANGALORE REFIN,N16000319,KARNATAKA,11/2017,03/2020,11/2020,581.00,637.00,534.34,2/3
2021-09,RESITEMENT OF RAICHUR DEPOT TO GULBARGA,BPCL,N16000347,KARNATAKA,10/2018,03/2021,-,206.26,-,149.39,0/15
2021-09,HASSAN CHERLAPALLI LPG PIPELINE,HPCL,N16000367,KARNATAKA,06/2019,06/2022,-,"2,166.38",-,"1,263.52",13/18
2021-09,CONSTRUCTION OF 80000MT LPG CAVERN AT MANGALORE,HPCL,N16000369,KARNATAKA,12/2018,12/2022,-,854.00,-,165.09,14/19
2021-09,SETTING UP OF PHASE LL FACILITIES FOR HPCL GREEN R AND D CENTRE AT BENGALURU,HPCL,N16000380,KARNATAKA,06/2018,11/2021,O,380.00,-,297.70,14/19
2021-09,DEVANGONTHI MARKETING TERMINAL,MANGALORE REFIN,N16000401,KARNATAKA,06/2020,06/2023,08/2023,200.00,-,2.54,1/6
2021-09,LPG TERMINAL AT KOCHI,IOCL,N16000171,KERALA,10/2015,10/2017,03/2022,607.06,"1,236.00",462.00,44/52
2021-09,PROPYLENE DERIVATIVES PETROCHEMICAL PROJECT(PDPP) AT KOCHI REFINERY,BPCL,N16000227,KERALA,11/2014,08/2018,11/2019,"4,588.29","5,575.00","5,376.50",0/20
2021-09,KOCHI SALEM LPG PIPELINE PROJECT,BPCL,N16000314,KERALA,12/2015,06/2019,-,"1,112.00","1,507.24",769.00,0/0
2021-09,SETTING UP OF FACILITIES FOR PRODUCTION OF POLYOLS PROPYLENE GLYCOL AND MONO ETHYLENE GLYCOL AT KOC,BPCL,N16000346,KERALA,09/2018,03/2023,-,"11,130.00",-,425.30,0/0
2021-09,PROVISION OF 2ND SPUR FOR TWL GANTRY TWD FACILITY FOR MS AND HSD ADDITIONAL TANKS FOR MS HSD AND,IOCL,N16000304,MADHYA PRADESH,08/2017,06/2020,09/2021,236.00,319.61,214.74,0/0
2021-09,CGD PROJECT AT REWA DISTRICT,IOCL,N16000417,MADHYA PRADESH,10/2018,02/2027,-,177.00,-,67.37,0/0
2021-09,CONVERSION OF RIG SAGAR SAMRAT TO MOBILE OFFSHORE PRODUCTION UNIT(MOPS),ONGC,N16000128,MAHARASHTRA,03/2011,05/2013,02/2022,861.79,"1,846.46","1,592.47",5/8
2021-09,LIFE EXTENSION OF WALL PLATFORMS OF MUMBAI HIGH AND HEERA FIELDS,ONGC,N16000213,MAHARASHTRA,12/2015,04/2018,05/2022,"3,190.69","3,375.90","2,883.35",13/15
2021-09,KOYALI AHMEDNAGAR SOLAPUR PIPELINE,IOCL,N16000249,MAHARASHTRA,05/2016,02/2022,-,"1,945.00",-,"1,544.42",5/5
2021-09,ADDITIONAL FACILITIES AT MANMAD FOR COVERSION TO TOP ON KOYALI-MANMAD- AHMEDNAGAR-SOLAPUR PIPELINE,IOCL,N16000267,MAHARASHTRA,05/2016,01/2021,-,212.00,-,167.98,0/0
2021-09,ADDITIONAL FACILITIES AT SOLAPUR FOR CONVERSION TO TOP ON KOYALI-MANMAD- AHMEDNAGAR-SOLAPUR PIPELINE,IOCL,N16000268,MAHARASHTRA,05/2016,01/2021,-,348.00,437.00,177.49,0/0
2021-09,ADDITIONAL FACILITIES AT AHMEDNAGAR FOR CONVERSION TO TOP ON KOYALI-MANMAD- AHMEDNAGAR-SOLAPUR PIPELI,IOCL,N16000276,MAHARASHTRA,05/2016,01/2021,-,261.00,-,180.06,0/0
2021-09,DEVELOPMENT OF R-SERIES FIELDS INCLUDING REVIVAL OF R 12 (RATNA),ONGC,N16000297,MAHARASHTRA,02/2017,05/2021,05/2021,"4,006.83","4,475.92","3,517.17",14/15
2021-09,180 TMTPA NEW LPG PLANT AT PATALGANGA(DIST RAIGAD) MAHARASHTRA,HPCL,N16000315,MAHARASHTRA,06/2017,06/2020,-,249.26,-,167.01,4/12
2021-09,DEVELOPMENT OF NEW MARGINAL FIELD WO 24-3 D30 AND B192 ALONG WITH FACILITY FOR CO2 MITIGATION,ONGC,N16000357,MAHARASHTRA,02/2019,05/2021,12/2021,"2,292.46",-,"2,073.75",4/6
2021-09,MUMBAI HIGH NORTH REDEVELOPMENT PHASE-IV,ONGC,N16000358,MAHARASHTRA,04/2019,03/2022,05/2023,"3,228.80","3,976.67","1,376.31",4/6
2021-09,MUMBAI HIGH SOUTH REDEVELOPMENT PHASE-IV,ONGC,N16000359,MAHARASHTRA,05/2019,05/2021,01/2022,"3,660.71","3,740.05","3,002.64",4/6
2021-09,HEERA REDEVELOPMENT - PHASE III,ONGC,N16000360,MAHARASHTRA,SH,O,03/2022,"2,494.68",-,P,4/6
2021-09,PIPELINE REPLACEMENT PROJECT (PRP-VI),ONGC,N16000370,MAHARASHTRA,05/2019,12/2020,12/2021,763.92,-,791.49,4/5
2021-09,ENHANCING PRODUCTION OF LUBE OIL BASE STOCK (LOBS) PROJECT AT MUMBAI REFINERY,BPCL,N16000397,MAHARASHTRA,07/2020,12/2021,-,640.00,-,357.57,0/0
2021-09,KEROSENE HYDROTREATER (KHT) UNIT INTEGRATED WITH EXISTING DIESEL HYDROTREATER (DHT) UNIT AT MUMBAI R,BPCL,N16000410,MAHARASHTRA,08/2020,03/2023,-,697.00,-,206.33,0/0
2021-09,SETTING UP 500KTPA PROPANE DEHYDROGENATION INTEGRATED WITH POLYPROPYLENE UNIT ALONG WITH OFFSITE AND,GAIL,N16000430,MAHARASHTRA,05/2019,04/2025,-,"8,797.00",-,.00,0/0
2021-09,AUGMENTATION OF PARADIP-HALDIA-DURGAPUR LPG PIPELINE AND ITS EXTENSION UPTO PATNA AND MUZAFFARPUR,IOCL,N16000193,MULTI STATE,01/2015,03/2021,12/2021,"1,823.00","3,027.90","2,139.20",5/5
2021-09,PARADIP HYDERABAD PIPLEINE,IOCL,N16000194,MULTI STATE,01/2015,12/2020,03/2022,"2,321.00","3,338.00","3,008.56",5/5
2021-09,PARADIP LPG IMPORT FACILITY,IOCL,N16000196,MULTI STATE,01/2015,07/2018,05/2021,690.00,-,593.67,27/36
2021-09,PIPELINE REHABILITATION PROJECT OF 575 KM (PHASE I),OIL,N16000258,MULTI STATE,05/2016,10/2020,-,406.00,-,270.74,6/12
2021-09,AUGMENTATION OF PUMPING CAPACITY OF BARAUNI-BONGAIGAON SECTOR PHASE II,OIL,N16000259,MULTI STATE,09/2016,12/2019,-,571.66,-,482.56,6/22
2021-09,LAYING OF VIJAIPUR-AURAIYA PIPELINE SECTION OF VIJAIPUR-AURAIYA-PHULPUR PIPELINE PROJECT,GAIL,N16000271,MULTI STATE,07/2015,12/2020,-,"2,881.40",-,"1,637.70",21/24
2021-09,DOBHI-DURGAPUR PIPELINE PROJECT,GAIL,N16000273,MULTI STATE,03/2017,12/2020,12/2021,"2,433.00",-,"2,159.90",21/24
2021-09,BOKARO-ANGUL PIPELINE PROJECT,GAIL,N16000274,MULTI STATE,03/2017,12/2020,12/2021,"3,437.00","3,048.00","2,096.90",21/24
2021-09,KOCHI-KOOTTANAD-BANGALORE-MANGALORE PIPELINE PHASE-II,GAIL,N16000285,MULTI STATE,06/2009,12/2012,02/2022,"2,915.00","5,909.00","3,752.80",26/42
2021-09,EXTENSION OF VISAKH-VIJAYAWADA- SECUNDERABAD PIPELINE (VVSPL) FROM VIJAYAWADA TO DHARMAPURI AND CONST,HPCL,N16000296,MULTI STATE,09/2017,06/2021,08/2022,"2,677.00",-,"2,546.64",18/26
2021-09,BARAUNI-GUWAHATI PIPELINE,GAIL,N16000334,MULTI STATE,06/2018,12/2021,-,"3,308.00","3,060.00","2,465.10",17/20
2021-09,BARMER PALANPUR PIPELINE,HPCL,N16000384,MULTI STATE,11/2019,11/2022,-,776.00,-,349.42,12/20
2021-09,SRIKAKULAM ANGUL PIPELINE PROJECT,GAIL,N16000388,MULTI STATE,09/2019,07/2022,-,"2,658.34",-,399.00,11/14
2021-09,DHAMRA HALDIA PIPELINE PROJECT,GAIL,N16000391,MULTI STATE,03/2020,11/2022,-,"1,030.65",-,336.90,9/12
2021-09,MUMBAI NAGPUR JHARSUGUDA PIPELINE PROJECT,GAIL,N16000398,MULTI STATE,06/2020,05/2023,-,"7,844.25",-,"1,547.30",11/29
2021-09,CGD PROJECT AT NAWADA AND KODERMA DISTRICTS,IOCL,N16000426,MULTI STATE,SH,O,12/2029,169.00,-,P,0/0
2021-09,CGD PROJECT AT SHEIKHPURA JAMUI AND DEOGHAR DISTRICTS,IOCL,N16000427,MULTI STATE,06/2019,02/2028,-,303.00,-,112.80,0/0
2021-09,DHAMRA-ANGUL PIPELINE PROJECT,GAIL,N16000272,ODISHA,03/2017,12/2020,12/2021,"1,933.00",-,"1,470.40",20/24
2021-09,LPG BP PROJECT KHORDHA,IOCL,N16000283,ODISHA,12/2016,12/2019,03/2022,161.59,-,53.94,18/26
2021-09,CITY GAS DISTRIBUTION (CGD) NETWORK BHUBANESHWAR,GAIL,N16000289,ODISHA,07/2017,07/2022,-,243.53,-,149.88,10/10
2021-09,CAPTIVE NATURAL GAS PIPELINE FROM DAHEJ TO KOYALI REFINERY,IOCL,N16000308,ODISHA,08/2017,12/2021,08/2021,315.00,-,220.97,3/3
2021-09,CITY GAS DISTRIBUTION (CGD) NETWORK CUTTACK,GAIL,N16000328,ODISHA,07/2017,07/2022,-,182.20,-,176.98,9/9
2021-09,ETHYLENE GLYCOL PROJECT AT PARADIP,IOCL,N16000338,ODISHA,04/2018,10/2021,-,"5,654.00",-,"3,419.43",9/10
2021-09,PARADIP SOMNATHPUR HALDIA PIPELINE,IOCL,N16000345,ODISHA,10/2018,10/2021,-,"1,297.50",-,812.81,1/1
2021-09,ADDITIONAL STORAGE TANKS AT PARADIP,IOCL,N16000361,ODISHA,11/2018,09/2021,06/2022,462.30,-,98.37,1/5
2021-09,Fuel Quality Upgradation Project at Paradip Refinery,IOCL,N16000362,ODISHA,05/2019,08/2021,09/2022,"3,361.00",-,"2,003.62",7/11
2021-09,INSTALLATION OF STANDBY SRU TRAIN OF 525 TPD ALONGWITH INCINERATOR AT PARADIP REFINERY,IOCL,N16000368,ODISHA,06/2019,09/2022,03/2023,371.00,427.00,27.14,3/8
2021-09,2ND GENERATION LIGNOCELLUOSIC BIOMASS ETHANOL BIOFUEL REFINERY AT BARGARH (ODISHA),BPCL,N16000374,ODISHA,08/2019,08/2022,-,"1,607.00",-,283.87,0/21
2021-09,INFRASTRUCTURE DEVELOPMENT FOR UTILIZATION OF NATURAL GAS AT PARADIP REFINERY,IOCL,N16000395,ODISHA,01/2020,07/2022,-,202.16,-,16.69,0/0
2021-09,INTEGRATED PARA XYLENE (PX) AND PURIFIED TEREPHTHALIC ACID (PTA) PROJECT AT PARADIP REFINERY,IOCL,N16000396,ODISHA,07/2020,01/2024,-,"13,805.00",-,321.83,0/0
2021-09,SECOND GENERATION ETHANOL BIOREFINERY PROJECT BATHINDA PUNJAB,HPCL,N16000402,PUNJAB,05/2020,02/2023,-,"1,421.46",-,170.32,11/22
2021-09,LPG BP PROJECT JODHPUR,IOCL,N16000318,RAJASTHAN,03/2018,-,05/2022,229.80,-,86.91,17/26
2021-09,ENNORE-TRICHY-MADURAI LPG PIPELINE,IOCL,N16000162,TAMIL NADU,05/2013,06/2020,-,711.00,-,11.12,0/0
2021-09,IRUGUR-DEVANGONTHI POL PIPELINE,BPCL,N16000234,TAMIL NADU,11/2012,02/2017,08/2022,678.00,"1,472.00",19.44,0/0
2021-09,Field Development Plan of Madanam NELP-IV Block CY- ONN-2002,ONGC,N16000241,TAMIL NADU,11/2015,03/2019,09/2021,650.82,-,455.52,4/5
2021-09,ENNORE THIRUVALLUR BENGALURU PUDUCHERRY NAGAPATTINAM MADURAITUTICORIN GAS PIPELINE,IOCL,N16000253,TAMIL NADU,05/2016,12/2018,02/2022,"4,497.00","6,025.00","3,954.37",5/5
2021-09,AUGMENTATION OF CTMPL,IOCL,N16000286,TAMIL NADU,SH,O,11/2021,228.00,-,P,5/5
2021-09,BS-VI PROJECTS,CPCL,N16000295,TAMIL NADU,09/2017,12/2019,-,"1,858.00",-,"1,528.75",0/0
2021-09,RE-LIQUIFIED NATURAL GAS,CPCL,N16000301,TAMIL NADU,08/2017,08/2020,-,421.00,-,283.83,0/0
2021-09,CONSTRUCTION OF GRASS ROOT POL TOP AT ASANUR TAMIL NADU,IOCL,N16000305,TAMIL NADU,12/2017,10/2020,01/2022,466.43,-,250.55,0/0
2021-09,CONSTRUCTION OF CAPTIVE POL LPG JETTY AT KAMARAJAR PORT CHENNAI,IOCL,N16000403,TAMIL NADU,10/2020,09/2023,02/2024,921.00,-,5.26,0/0
2021-09,SETTING UP LUBE COMPLEX AT VILLAGES AMULLAVOYAL AND VAIKKADU CHENNAI AS RESITEMENT OF EXISTING FACI,IOCL,N16000405,TAMIL NADU,10/2020,12/2023,-,"1,398.00",-,94.28,0/0
2021-09,CGD PROJECT AT COIMBATORE DISTRICT,IOCL,N16000418,TAMIL NADU,10/2018,03/2030,-,"2,998.00",-,182.33,0/0
2021-09,CGD PROJECT AT SALEM DISTRICT,IOCL,N16000419,TAMIL NADU,10/2018,03/2030,-,"1,304.00",-,37.86,0/0
2021-09,GRASS ROOT TERMINAL AT MALKAPUR,IOCL,N16000351,TELANGANA,12/2018,04/2022,-,611.00,-,92.59,0/0
2021-09,CITY GAS DISTRIBUTION (CGD) NETWORK VARANASI,GAIL,N16000288,UTTAR PRADESH,04/2017,04/2022,-,287.49,345.15,246.22,44/53
2021-09,REVAMPING OF EXISTING FACILITIES/ AUGMENTATION OF FACILITIES AT BAITALPUR DEPOT FOR,IOCL,N16000303,UTTAR PRADESH,08/2017,08/2021,-,318.80,-,165.86,0/0
2021-09,INFRASTRUCTURE DEVELOPMENT TO FACILITATE BULK IMPORT OF GRID POWER AT 220 KV AT MATHURA REFINERY,IOCL,N16000323,UTTAR PRADESH,08/2017,08/2020,03/2022,255.40,-,103.67,1/1
2021-09,AUGMENTATION OF MATHURA-TUNDLA PIPELINE AND ITS EXTENSION FOR HOOK UP WITH BARAUNI- KANPUR PIPELINE A,IOCL,N16000333,UTTAR PRADESH,03/2018,08/2022,-,676.00,-,470.31,3/3
2021-09,MULTI PRODUCT PIPELINE FROM BINA TERMINAL TO PANKI KANPUR TERMINAL,BPCL,N16000365,UTTAR PRADESH,12/2017,12/2021,-,"1,524.06",-,949.82,0/21
2021-09,CITY GAS DISTRIBUTION IN UP AND UK,HPCL,N16000387,UTTAR PRADESH,03/2019,03/2029,08/2029,"3,450.20",-,314.07,0/64
2021-09,HARIDWAR RISHIKESH DEHRADUN PIPELINE PROJECT,GAIL,N16000390,UTTAR PRADESH,08/2018,04/2021,-,217.92,217.92,101.50,12/14
2021-09,60 KTA POLYPROPYLENE PROJECT,GAIL,N16000429,UTTAR PRADESH,03/2019,04/2024,-,910.56,-,.00,0/0
2021-09,SITARGANJ LPG PROJECT,IOCL,N16000282,UTTARAKHAND,02/2017,02/2020,06/2021,160.10,-,103.89,19/26
2021-09,DURGAPUR-HALDIA PIPELINE PROJECT,GAIL,N16000275,WEST BENGAL,03/2017,12/2020,12/2021,"1,740.00",-,918.90,13/24
2021-09,KHARAGPUR LPG BOTTLING PLANT,IOCL,N16000300,WEST BENGAL,04/2017,04/2020,10/2021,163.02,207.36,125.17,19/26
2021-09,30 INCH CRUDE OIL PIPELINE IN HALDIA-BARAUNI SECTION OF PHBPL AND CONVERSION OF EXISTING 18 INCH HAL,IOCL,N16000332,WEST BENGAL,SH,O,09/2022,"3,712.00",-,P,3/3
2021-09,CITY GAS DISTRIBUTION IN WEST BENGAL,HPCL,N16000392,WEST BENGAL,03/2019,03/2031,08/2031,"5,830.20",-,123.15,14/50
2021-09,INSTALLATION OF SECOND CATALYTIC DEWAXING UNIT (CDW-II) AT HALDIA REFINERY,IOCL,N16000393,WEST BENGAL,06/2020,01/2023,-,"1,019.00",-,95.59,0/0
2021-09,SUBANSIRI LOWER H.E.P (8X250 MW) (NHPC),NHPC,180100221,ARUNACHAL PRADESH,09/2003,09/2010,08/2023,"6,285.33","19,992.43","14,209.80",0/0
2021-09,BARH STPP(3X660MW) NTPC,NTPC,180100242,BIHAR,02/2005,10/2011,07/2023,"8,692.97","21,312.11","19,258.83",33/48
2021-09,BRBCL-NABINAGAR TPP- JV (4X250 MW),NTPC,N18000190,BIHAR,01/2007,07/2012,06/2020,"5,353.00","10,566.00","8,949.29",23/25
2021-09,NPGCPL-NABINAGAR STPP - JV (3X660 MW),NTPC,N18000192,BIHAR,01/2013,05/2018,-,"12,964.60","17,304.00","16,196.00",43/45
2021-09,BUXAR THERMAL POWER PLANT (1320 MW),SJVN,N18000194,BIHAR,03/2019,01/2024,-,"10,439.09","10,439.09","3,130.93",16/27
2021-09,TALAIPALLI COAL MINING PROJECT,NTPC,N18000266,CHHATISGARH,09/2015,11/2019,-,"3,004.00",-,"1,307.03",0/0
2021-09,CREATION OF 400/220 KV SUBSTATIONS IN NCT OF DELHI DURING 12TH PLAN PERIOD (PART-A),PGCIL,N18000188,DELHI,03/2015,05/2017,12/2021,"1,394.52",-,559.81,4/9
2021-09,KAWAS SOLAR 56 MW,NTPC,N18000283,GUJARAT,08/2020,10/2021,01/2022,261.80,-,76.61,0/0
2021-09,GUJARAT 200 MW (GUVNL TENDER),NTPC,N18000295,GUJARAT,01/2021,07/2022,-,842.27,-,92.08,0/0
2021-09,150 MW SOLAR PV PROJECT IN GUJARAT (LIMBDI MESANKA & RADHANPUR),NTPC,N18000296,GUJARAT,05/2021,09/2022,-,674.92,-,.00,0/0
2021-09,PARBATI HEP (4X200 MW) (NHPC) II,NHPC,180100210,HIMACHAL PRADESH,09/2002,09/2009,03/2023,"3,919.59","9,897.59","9,260.94",5/5
2021-09,LUHRI HYDROELECTRIC PROJECT (STAGE1),SJVN,N18000279,HIMACHAL PRADESH,11/2020,01/2026,-,"1,810.56",-,515.52,0/0
2021-09,DHAULASIDH HYDROELECTRIC PROJECT (66 MW),SJVN,N18000291,HIMACHAL PRADESH,10/2020,11/2025,-,687.97,-,168.72,0/0
2021-09,PAKAL DUL HYDRO ELECTRIC PROJECT (1000 MW),CVPPPL,N18000172,JAMMU AND KASHMIR,10/2014,04/2020,07/2025,"8,112.12",-,"2,054.93",0/0
2021-09,KIRU HYDRO ELECTRIC PROJECT,CVPPPL,N18000278,JAMMU AND KASHMIR,03/2019,-,08/2024,"4,287.59",-,588.23,0/0
2021-09,NORTH KARANPURA STPP (3X660 MW),NTPC,N18000177,JHARKHAND,02/2014,06/2019,10/2022,"14,366.58",-,"12,181.80",29/36
2021-09,PAKRI BARWADIH COAL MINING PROJECT,NTPC,N18000225,JHARKHAND,10/2004,10/2017,-,"4,237.96","4,238.00","3,785.00",0/0
2021-09,PATRATU STPP-I (3X800MW),NTPC,N18000275,JHARKHAND,11/2017,03/2023,-,"18,668.00",-,"4,308.21",3/14
2021-09,KAYAMKULAM SOLAR 70 MW,NTPC,N18000288,KERALA,09/2019,06/2021,12/2021,403.62,-,107.33,0/0
2021-09,AMELIA COAL MINE,THDCIL,N18000252,MADHYA PRADESH,SH,O,09/2020,"2,104.21","1,587.16",P,12/16
2021-09,LOKTAK D/S HEP(NHPC),NHPC,180100078,MANIPUR,12/1999,06/2006,-,578.62,"1,311.05",155.82,0/0
2021-09,NORTH- EAST NORTH WESTERN INTERCONNECTOR I PROJECT,PGCIL,N18000066,MULTI STATE,02/2009,08/2013,11/2022,"11,130.19","14,719.10","12,960.89",23/26
2021-09,UNIFIED REAL TIME DYNAMIC STATE MEASUREMENT PHASE-I,PGCIL,N18000157,MULTI STATE,01/2014,04/2016,12/2017,374.63,-,252.99,0/0
2021-09,EASTERN REGION STRENGTHENING SCHEME-XII,PGCIL,N18000164,MULTI STATE,05/2014,11/2016,12/2021,522.29,546.36,480.65,10/12
2021-09,ESTABLISHMENT OF FIBER OPTIC COMMUNICATION SYSTEM IN NR UNDER FIBER OPTIC EXPANSION PROJECT (ADDITIO,PGCIL,N18000184,MULTI STATE,03/2015,03/2018,-,197.40,-,90.45,0/0
2021-09,TRANSMISSION SYSTEM STRENTHENNING IN INDIAN SYSTEM FOR TRANSFER OF POWER FROM MANGDECHHU HYDROELECTR,PGCIL,N18000213,MULTI STATE,03/2016,01/2018,07/2021,808.63,-,687.22,0/0
2021-09,HVDC BIPOLE LINK BETWEEN WR (RAIGARH CHATTISGARH) AND SR (PUGALUR-NORTH TRICHUR-SCHEME-I: RAIGARH-P,PGCIL,N18000219,MULTI STATE,05/2016,11/2019,07/2021,"14,733.37",-,"11,660.11",0/0
2021-09,ESTABLISHMENT OF 220/66KV GIS AT UT CHANDIGARH ALONG WITH 220KV D/C LINE FROM CHANDIGARH GIS TO 400/,PGCIL,N18000242,MULTI STATE,02/2017,02/2019,09/2021,322.30,-,204.23,0/0
2021-09,EASTERN REGION STRENTHENING SCHEME XVII( PART B),PGCIL,N18000244,MULTI STATE,02/2017,06/2019,11/2021,235.53,-,156.47,0/0
2021-09,SYSTEM STRENGTHENING SCHEME IN NORTH REGION XXXVII,PGCIL,N18000245,MULTI STATE,03/2017,12/2019,09/2021,379.95,-,235.87,0/0
2021-09,HVDC BIPOLE LINK BETWEEN WESTERN REGION (RAIGARH CHATTISGARH) AND SOUTHERN REGION (PUGALAR TM) NOR,PGCIL,N18000247,MULTI STATE,02/2017,04/2020,09/2021,"5,070.13",-,"4,147.79",0/0
2021-09,COMPREHENSIVE SCHEME FOR THE STRENGHTENING OF THE TRANSMISSION AND DISTRIBUTION SYSTEM IN A P,PGCIL,N18000249,MULTI STATE,12/2014,12/2018,03/2024,"4,754.42","9,129.32","2,575.04",0/0
2021-09,NORTH EASTERN REGION POWER SYSTEM IMPROVEMENT PROJECT (NERPSIP) FOR SIX (6) STATES,PGCIL,N18000250,MULTI STATE,12/2014,12/2018,12/2021,"5,111.33","6,700.00","3,135.43",0/0
2021-09,EASTERN REGION STRENGTHENING SCHEME-XVIII,PGCIL,N18000258,MULTI STATE,03/2017,07/2020,12/2020,"3,500.00","3,500.00","3,071.59",0/0
2021-09,HVDC BIPOLE LINK BETWEEN WR AND SR -NORTH TRICHUR - SCHEME -II AC SYSTEM STRENGTHENING AT PUGALUR EN,PGCIL,N18000264,MULTI STATE,08/2017,02/2020,09/2021,"1,931.39",-,"1,796.48",0/0
2021-09,EASTERN REGION STRENGTHENING SCHEME XX,PGCIL,N18000268,MULTI STATE,11/2017,05/2020,08/2021,358.83,-,259.80,0/0
2021-09,ROURKELA PP-II EXPANSION (1X250 MW) - NSPCL,NTPC,N18000276,ODISHA,SH,O,12/2018,"1,885.13","2,311.89",P,0/0
2021-09,SAMBHU KI BHURJ SOLAR 250 MW,NTPC,N18000285,RAJASTHAN,01/2020,09/2021,10/2022,"1,522.71",-,966.71,0/0
2021-09,SAMBHU KI BHURJ-II SOLAR 300MW,NTPC,N18000286,RAJASTHAN,03/2020,09/2021,07/2022,"1,782.00",-,596.14,0/0
2021-09,JETSAR SOLAR 160 MW,NTPC,N18000287,RAJASTHAN,12/2019,03/2021,11/2021,702.28,-,534.89,0/0
2021-09,FATEHGARH SOLAR 296MW,NTPC,N18000289,RAJASTHAN,03/2020,09/2021,02/2022,"1,749.31",-,"1,212.90",0/0
2021-09,ANTA SOLAR 90 MW,NTPC,N18000292,RAJASTHAN,01/2021,03/2022,-,382.22,-,.00,0/0
2021-09,BHENSARA 320 MW,NTPC,N18000293,RAJASTHAN,01/2021,07/2022,-,"1,221.73",-,137.36,0/0
2021-09,CHHATTARGARH 150 MW,NTPC,N18000294,RAJASTHAN,02/2021,07/2022,-,599.99,-,60.85,0/0
2021-09,TRANSMISSION SYSTEM FOR EVACUTION OF POWER FROM NEYVELI LIGNITE CORP LTD TS - I (REPLACEMENT) IN NEY,PGCIL,N18000262,TAMIL NADU,05/2017,07/2019,07/2021,186.17,219.66,166.73,0/0
2021-09,ETTAYAPURAM SOLAR 230MW,NTPC,N18000290,TAMIL NADU,03/2020,09/2021,02/2022,"1,316.22",-,669.87,0/0
2021-09,TELANGANA SUPER THERMAL POWER PROJECT PHASE I,NTPC,N18000212,TELANGANA,01/2016,11/2020,07/2022,"10,598.98","10,997.70","8,777.89",27/31
2021-09,RAMAGUNDAM FLOATING SOLAR 100 MW,NTPC,N18000284,TELANGANA,06/2019,04/2021,10/2021,401.90,-,162.16,0/0
2021-09,KHURJA SUPER THERMAL POWER PROJECT,THDCIL,N18000272,UTTAR PRADESH,03/2019,09/2023,-,"11,089.42",-,"2,612.21",1/11
2021-09,DEVIKOT SOLAR 90MW,NTPC,N18000280,UTTAR PRADESH,03/2020,09/2021,02/2022,501.29,-,342.30,0/0
2021-09,DEVIKOT SOLAR 150MW,NTPC,N18000281,UTTAR PRADESH,01/2020,09/2021,02/2022,798.24,-,368.80,0/0
2021-09,NOKHRA,NTPC,N18000282,UTTAR PRADESH,03/2020,09/2021,07/2022,"1,722.14",-,386.60,0/0
2021-09,TEHRI PUMPED STORAGE PLANT(1000MW),THDCIL,N18000010,UTTARAKHAND,07/2006,02/2016,-,"1,657.00","4,825.60","4,225.81",26/30
2021-09,TAPOVAN-VISHNUGAD HEP (4X130MW),NTPC,N18000014,UTTARAKHAND,11/2006,03/2013,12/2021,"2,978.48","5,867.38","5,122.69",8/15
2021-09,VISHNUGAD PIPALKOTI HYDRO ELECTRIC PROJECT,THDCIL,N18000042,UTTARAKHAND,08/2008,06/2013,11/2018,"2,491.58","3,860.35","2,297.06",11/17
2021-09,LATA-TAPOVAN HYDRO ELECTRIC POWER PROJECT 3X57 MW,NTPC,N18000142,UTTARAKHAND,07/2012,08/2017,-,"1,527.00",-,149.93,0/15
2021-09,NAITWAR MORI HEP,SJVN,N18000265,UTTARAKHAND,10/2017,12/2021,06/2022,648.33,-,679.95,11/32
2021-09,RAMMAM-III HEPP (3X40 MW),NTPC,N18000178,WEST BENGAL,09/2014,09/2019,12/2024,"1,381.84",-,715.32,6/10
2021-09,EASTERN REGION STRENGTHENNING SCHEME-XV,PGCIL,N18000214,WEST BENGAL,04/2016,04/2018,03/2021,454.11,-,344.91,0/0
2021-09,DURGAPUR PP-III (2X20 MW) - NSPCL,NTPC,N18000277,WEST BENGAL,12/2016,11/2018,-,529.68,633.80,466.93,0/0
2021-09,LOPMENT OF ADVANCED ULTRA SUPER CRITICAL TECHNOLOGIES IN THERMAL POWER PLANTS IN INDIA,BHEL,N20000002,DELHI,08/2016,09/2019,-,"1,554.00",-,815.00,0/0
2021-09,NATIONAL AUTOMOTIVE TESTING AND RD INFRASTRUCTURE PROJECT (NATRIP),NATIS,N20000001,MULTI STATE,04/2011,09/2011,03/2021,"1,718.00","3,727.30","3,518.57",24/25
2021-09,RESIDENTIAL COMPLEX AND OPD BLOCK AIIMS- MNAGLAGIRI GUNTUR ANDHRA PRADESH,HSCC,N21000017,ANDHRA PRADESH,08/2017,03/2019,-,272.19,-,268.55,0/0
2021-09,HOSPITAL AND TEACHING- AIIMS GUNTUR,HSCC,N21000020,ANDHRA PRADESH,03/2018,-,-,601.02,-,471.60,0/0
2021-09,LGBRIMH-TEZPUR ASSAM,HSCC,N21000007,ASSAM,07/2012,12/2014,-,175.57,-,163.37,0/0
2021-09,ALL INDIA INSTITUTE OF MEDICAL SCIENCE AT GUWAHATI ASSAM,HITES,N21000027,ASSAM,05/2017,05/2021,-,875.00,-,400.41,0/0
2021-09,LHMC NEW DELHI-RE-DEVELOPMENT,HSCC,N21000003,DELHI,02/2013,11/2013,-,414.11,-,566.44,0/0
2021-09,AIIMS - MOTHER AND CHILD BLOCK,HSCC,N21000008,DELHI,12/2013,05/2017,-,204.44,-,249.24,2/2
2021-09,AIIMS - OPD(NEW),HSCC,N21000009,DELHI,08/2014,05/2017,-,293.65,-,299.76,5/5
2021-09,GERIATRICS BLOCK- AIIMS DLEHI,HSCC,N21000019,DELHI,12/2017,-,-,156.56,-,173.16,0/0
2021-09,SUPER SPECIALITY BLOCK PMSSY GOA,HSCC,N21000022,GOA,01/2018,-,-,249.01,-,231.05,0/0
2021-09,CONSTRUCTION OF HOSPITAL AND OPD BLOCK NCI JHAJJAR,HSCC,N21000011,HARYANA,09/2014,03/2018,-,505.58,-,586.96,2/2
2021-09,AIIMS BILASPUR,NBCC FOR HEALTH,N21000028,HIMACHAL PRADESH,04/2018,09/2021,-,"1,351.00",-,839.46,2/4
2021-09,CONSTRUCTION OF 300 BEDDED HOSPITAL AND TEACHING BLOCK IN DR YS PARMAR GMC AT NAHAN HIMACHAL PRADESH,CPWD FOR HEALTH,N28000127,HIMACHAL PRADESH,12/2018,06/2021,-,260.00,-,25.38,0/0
2021-09,CONSTRUCTION OF AIIMS AT JAMMU VIJAYPUR SAMBA JAMMU AND KASHMIR,CPWD FOR HEALTH,N21000029,JAMMU AND KASHMIR,03/2019,09/2023,-,"1,404.00",-,307.40,0/0
2021-09,CONSTRUCTION OF AIIMS AT AWANTIPORA SRINAGAR JAMMU AND SRINAGAR,CPWD FOR HEALTH,N21000030,JAMMU AND KASHMIR,03/2019,09/2025,-,"1,577.00",-,.00,0/0
2021-09,C/O AIIMS AT AWANTIPORA (KASHMIR) JAMMU AND KASHMIR,CPWD FOR HEALTH,N28000150,JAMMU AND KASHMIR,03/2019,09/2025,-,"1,828.00",-,.00,0/0
2021-09,C/O NEW HOSPITAL BLOCK FOR SREE CHITRA TIRUNAL INSTITIUTE OF MEDICAL SCIENCE AND TECHNOLOGY (SCTIMST,CPWD FOR HEALTH,N28000112,KERALA,SH,O,03/2020,150.29,-,P,2/7
2021-09,RESIDENTIAL COMPLEX AND OPD BLOCK AIIMS NAGPUR MAHARASTRA,HSCC,N21000016,MAHARASHTRA,08/2017,03/2019,-,274.19,-,259.46,0/0
2021-09,HOSPITAL AND TEACHING- AIIMS NAGPUR,HSCC,N21000023,MAHARASHTRA,03/2018,-,-,582.99,-,534.77,0/0
2021-09,NEIGRIHMS SHILLONG MEGHALYA,HSCC,N21000013,MEGHALAYA,10/2016,05/2018,-,363.99,-,250.09,0/0
2021-09,CONST OF 152 QTRS 240 BOYS 240 GIRLS 150 NURSES HOSTEL AND OTHER BUILDINGS INCLUDING DEVELOPMENT,CPWD FOR HEALTH,N28000139,PONDICHERRY,03/2018,09/2020,-,195.00,-,16.41,0/33
2021-09,SATELLITE CENTRE PGI CHANDIGARH SANGRUR PUNJAB,HSCC,N21000012,PUNJAB,07/2016,02/2018,-,152.95,-,164.17,1/1
2021-09,ALL INDIA INSTITUTE OF MEDICAL SCIENCE AT BATHINDA PUNJAB,HITES,N21000026,PUNJAB,07/2016,06/2020,-,703.00,-,526.29,0/0
2021-09,ESTABLISHMENT OF NATIONAL ANIMAL RESOURCE FACILITY FOR BIOMEDICAL RESEARCH AT HYDERABAD,CPWD FOR HEALTH,N28000098,TELANGANA,10/2016,03/2020,-,209.84,-,164.40,1/5
2021-09,HOSPITAL AND MEDICAL COLLEGE AIIMS RAEBARELI,HSCC,N21000021,UTTAR PRADESH,03/2018,-,-,268.84,-,243.92,0/0
2021-09,ALL INDIA INSTITUTE OF MEDICAL SCIENCE AT GORAKHPUR (U.P.),HITES,N21000025,UTTAR PRADESH,07/2016,04/2020,-,785.00,-,584.11,0/0
2021-09,CONSTRUCTION OF HOSPITAL BLOCK IIT KHARAGPUR,HSCC,N21000010,WEST BENGAL,12/2014,05/2017,-,168.90,-,169.51,3/3
2021-09,CNCI KOLKATA WEST BENGAL,HSCC,N21000015,WEST BENGAL,08/2016,09/2018,-,244.00,-,224.92,0/0
2021-09,RESIDENTIALCOMPLEX AND OPD BLOCK AIIMS KALYANI WEST BENGAL,HSCC,N21000018,WEST BENGAL,08/2017,03/2019,-,355.15,-,314.95,0/0
2021-09,HOSPITAL AND TEACHING- AIIMS KALYANI,HSCC,N21000024,WEST BENGAL,04/2018,-,-,651.99,-,579.18,0/0
2021-09,KOTLPALLI-NARASAPUR (NL) (SCR),SCR,220100265,ANDHRA PRADESH,12/2001,03/2009,-,"1,045.20",-,"1,034.91",0/0
2021-09,GUDUR-DURGARAJAPATNAM,SCR,N22000265,ANDHRA PRADESH,04/2011,-,-,761.37,-,.52,0/0
2021-09,CUMBUM-PRODDATUR,SCR,N22000282,ANDHRA PRADESH,04/2013,-,-,829.00,-,.94,1/1
2021-09,NADIKUDE-SRI KALAHASTI,SCR,N22000286,ANDHRA PRADESH,04/2011,03/2021,-,"2,288.70","2,333.00","1,289.83",0/1
2021-09,VIJAYWADA-GUDUGOLANU-BHIMAVARAM- NARSAPUR DL (221 KM),RVNL,N22000313,ANDHRA PRADESH,SH,O,03/2020,"1,503.71",-,P,0/0
2021-09,DUVVADA-VIJAYAWADA,SCR,N22000366,ANDHRA PRADESH,04/2015,-,-,"3,873.07",-,.38,0/0
2021-09,GUNTUR-GUNTAKAL,SCR,N22000368,ANDHRA PRADESH,04/2016,03/2022,-,"3,631.00",-,"1,341.91",0/0
2021-09,VIJAYAWADA-GUDUR,RVNL,N22000369,ANDHRA PRADESH,04/2015,12/2023,-,"3,246.26",-,"3,069.31",0/0
2021-09,KOTTAVALSA - KORAPUT DOUBLING,ECOR,N22000377,ANDHRA PRADESH,04/2015,03/2022,03/2024,"2,499.71",-,737.43,0/0
2021-09,MULTI MODAL LOGISTICS PARK AT VISHAKHAPATNAM,CCOI,N22000424,ANDHRA PRADESH,01/2013,03/2018,-,387.70,-,434.63,0/0
2021-09,MULTI MODAL LOGISTICS PARK AT KAKINADA,CCOI,N22000431,ANDHRA PRADESH,08/2016,03/2019,-,234.50,-,14.14,0/0
2021-09,NEW B.G. LINE FROM TETELIA TO BYRNIHAT (NATIONAL PROJECT) NEFR,NFR,N22000086,ASSAM,09/2006,03/2019,-,385.20,-,873.80,0/0
2021-09,BONGAIGAON-GOALPARA-GUWAHATI (176 KM),NFR,N22000388,ASSAM,04/2015,03/2022,-,"2,232.32",-,"1,828.11",0/0
2021-09,DIGARU-HOJAI (102 KM),NFR,N22000389,ASSAM,04/2015,03/2021,-,870.96,-,"1,449.13",0/0
2021-09,JAYANAGAR-DARBHANGA-NARKATIA GANJ(GC) ECR,ECR,220100240,BIHAR,04/1997,03/2012,11/2022,324.73,898.53,"1,075.52",0/0
2021-09,KHAGARIA-KUSHESHWAR ASTHAN (NL) (ECR),ECR,220100257,BIHAR,04/1997,-,-,162.87,614.45,352.46,0/0
2021-09,HAJIPUR-SUGAULI VIA VAISHALI (NL) ECR,ECR,220100303,BIHAR,04/2003,-,03/2023,528.65,"2,066.78","1,587.00",0/0
2021-09,KOSI BRIDGE (NL) ECR,ECR,220100304,BIHAR,04/2002,03/2020,-,499.41,516.02,459.03,0/0
2021-09,MANSI-PURNIA (EXTENSION OF MANSI-SAHARSA) GAN ECR,ECR,N22000002,BIHAR,04/1996,03/2012,09/2021,477.88,751.55,718.35,0/0
2021-09,NEW B.G. LINE FROM ARARIA TO GALGALIA (THAKURGUNG) NEFR,NFR,N22000087,BIHAR,09/2006,03/2019,-,532.87,"2,132.03","1,017.53",0/0
2021-09,KISHANGANJ JALALGARH NL NEFR,NFR,N22000101,BIHAR,04/2008,-,-,333.76,-,6.74,0/0
2021-09,ARA-BHABHUA ROAD (NL),ECR,N22000166,BIHAR,04/2008,-,-,633.87,-,.40,0/0
2021-09,NAWADA-LAXMIPUR (NL),ECR,N22000167,BIHAR,04/2008,-,-,620.57,-,.31,0/0
2021-09,GAYA-DALTONGANJ VIA RAFIGANJ (NL),ECR,N22000168,BIHAR,04/2008,-,-,445.25,-,1.15,0/0
2021-09,BIHTA-AURANGABAD (NL),ECR,N22000170,BIHAR,04/2008,-,-,326.20,-,2.04,0/0
2021-09,SAKRI-HASANPUR ROAD (NL),ECR,N22000171,BIHAR,04/1999,-,-,325.00,735.20,388.57,0/0
2021-09,CHHAPRA-MUZAFFARPUR (NL),ECR,N22000172,BIHAR,04/2006,-,-,378.56,-,386.36,0/0
2021-09,DARBANGHA-KUSHESHWARSTHAN (NL),ECR,N22000173,BIHAR,04/2005,-,-,205.00,-,5.21,0/0
2021-09,MOTIHARI-SITAMARHI (NL),ECR,N22000174,BIHAR,SH,O,-,211.00,-,P,0/0
2021-09,SITAMARHI-JAYNAGAR-NIRMALI VIA SURSAND (NL),ECR,N22000175,BIHAR,04/2008,-,-,678.62,-,17.20,0/0
2021-09,MUZAFFARPUR-KATRA-ORAI-JANAKPUR ROAD (NL),ECR,N22000176,BIHAR,04/2008,-,-,228.05,-,1.53,0/0
2021-09,ARARIA-SUPAUL (NL),ECR,N22000177,BIHAR,04/2008,-,03/2023,"1,605.17",-,72.79,0/0
2021-09,KURSELA-BIHARIGANJ (NL),ECR,N22000178,BIHAR,04/2008,-,-,192.56,-,.39,0/0
2021-09,MUZAFFARPUR-DARBANGHA (NL),ECR,N22000179,BIHAR,04/2008,-,-,281.30,-,.60,0/0
2021-09,SAKRI-NIRMALI AND JHANJHARPUR- LAUKAHABAZAR AND SAHARSA-FORBESGANJ (GC),ECR,N22000180,BIHAR,04/2004,-,-,372.14,"1,470.50","1,417.82",0/0
2021-09,JAYNAGAR-BIJALPURA INCLUDING EXTENSION BIJALPURA-BARDIBAS(NEPAL) GC,ECR,N22000181,BIHAR,04/2009,03/2020,03/2023,548.00,-,538.55,0/0
2021-09,SAMASTIPUR-DARBANGHA,ECR,N22000329,BIHAR,05/2015,-,-,380.00,-,301.04,0/0
2021-09,KIUL - GAYA DOUBLING PROJECT,ECR,N22000349,BIHAR,12/2015,03/2020,-,"1,200.20","1,200.20",971.03,0/1
2021-09,RAMPUR DUMRA - TAL - RAJENDRAPUL DOUBLING INCLUDING GANGA BRIDGE,ECR,N22000350,BIHAR,12/2015,03/2020,03/2023,"1,491.47",-,543.60,1/1
2021-09,MUZAFFARPUR-SITAMARHI NEW LINE,ECR,N22000374,BIHAR,01/1991,07/2014,-,332.15,-,560.09,0/0
2021-09,SAGAULI VALMIKINAGAR DOUBLING 109.7 KM,ECR,N22000472,BIHAR,04/2016,03/2021,03/2024,744.04,"1,215.54",503.66,0/0
2021-09,MUZAFFARPUR SAGAULI DOUBLING 100.60 KM,ECR,N22000473,BIHAR,04/2016,03/2021,03/2024,731.64,-,282.52,0/0
2021-09,FATUHA-ISLAMPUR INCL. MM FOR EXTENSION OF NEW LINE FORM BIHARSHARIF-BARBIGHA DANIYAWAN-BIHARSHARIF,ECR,N22000476,BIHAR,04/1991,-,03/2022,329.39,-,"1,215.27",0/0
2021-09,KIRANDUL - JAGDALPUR DOUBLING,ECOR,N22000318,CHHATISGARH,12/2012,03/2020,03/2023,"1,160.00","1,160.83","1,000.02",1/1
2021-09,RAIPUR - TITLAGARH - DOUBLING,RVNL,N22000411,CHHATISGARH,03/2007,03/2020,-,"1,402.02",-,"1,328.88",0/0
2021-09,MULTI MODAL LOGISTICS PARK AT NAYA RAIPUR,CCOI,N22000425,CHHATISGARH,05/2014,03/2018,-,207.00,-,153.83,0/0
2021-09,JHARSUGUDA-BILASPUR 4TH LINE,SECR,N22000484,CHHATISGARH,04/2015,03/2021,12/2023,"1,973.00","2,135.34",688.37,0/1
2021-09,GEVRA ROAD PENDRA ROAD,IRCON,N22000488,CHHATISGARH,02/2014,03/2022,-,"2,288.00",-,953.27,0/1
2021-09,KHARSIA DHARAMJAIGARH WITH SPUR LINE EAST CORRIDOR-PHASE I,IRCON,N22000489,CHHATISGARH,04/2013,09/2018,-,"3,055.00",-,"2,707.85",0/1
2021-09,CONSTRUCTION OF 3RD LINE BETWEEN PENDRA ROAD AND ANUPPUR (50.1 KM) IN BILASPUR DIVISION OF SEC RAILW,RITES,N22000498,CHHATISGARH,02/2016,03/2020,-,393.98,-,339.31,1/2
2021-09,GRADE SEPERATOR AT DAYABASTI,NR,N22000269,DELHI,SH,O,-,156.65,-,P,0/0
2021-09,ANAND VIHAR-TILAK BRIDGE 3RD AND 4TH LINE,NR,N22000281,DELHI,04/2012,-,-,295.68,-,160.79,0/0
2021-09,AHMEDABAD-HIMMATNAGAR-UDAIPUR (WR),WR,N22000121,GUJARAT,04/2008,03/2020,03/2024,829.74,"1,246.59","1,875.42",0/0
2021-09,BHUJ-NALIYA(GC) WITH EXTENSION FROM NALIYA TO VAYOR (WR),WR,N22000123,GUJARAT,04/2008,03/2012,10/2023,318.24,321.62,126.36,0/0
2021-09,AHMEDABAD-BOTAD (GC),RVNL,N22000140,GUJARAT,04/2012,12/2021,-,975.62,-,"1,613.30",0/0
2021-09,DHASA-JETALSAR (GC),RVNL,N22000141,GUJARAT,04/2012,03/2021,-,644.38,-,897.61,0/0
2021-09,MIYAGAM-KARJAN-DABHOI-SAMLAYA (GC),WR,N22000142,GUJARAT,04/2011,-,03/2024,844.10,844.10,254.99,0/0
2021-09,RAJKOT-VERAVAL WANSJALIA TO JATALSAR WITH NEW MM FOR SHAPUR-SARADIYA AND SOMNATH- KODINAR (GC),WR,N22000143,GUJARAT,04/1994,03/2019,03/2023,320.66,858.96,558.66,0/0
2021-09,PALANPUR-SAMAKHAYALI (DL),RVNL,N22000144,GUJARAT,04/2013,12/2021,-,"1,548.66",-,"2,050.43",0/0
2021-09,VIRAMGAM-SAMAKHIALI (DL),WR,N22000145,GUJARAT,04/2011,03/2021,12/2022,"1,037.15","1,125.53","1,199.84",0/0
2021-09,SURENDRA NAGAR RAJKOT,WR,N22000392,GUJARAT,04/2015,03/2021,12/2022,"1,002.39","1,002.39",730.07,0/0
2021-09,MULTI MODAL LOGISTICS PARK AT VARNAMA,CCOI,N22000428,GUJARAT,10/2013,03/2019,-,343.00,-,222.83,0/0
2021-09,VIRAR SURAT ROAD OVER BRIDGE IN LIEU OF LEVEL CROSSING NOS 60 64 66 68 69 71 74 75 77 81 AND 82 ALON,WR,N22000436,GUJARAT,03/2012,-,12/2022,248.26,528.49,123.75,0/0
2021-09,PALANPUR KHODIYAR ROAD OVER BRIDGE IN LIEU OF LEVEL CROSSING NOS 208 211C 214 AND 220,WR,N22000437,GUJARAT,03/2012,-,10/2021,153.83,153.34,103.45,0/0
2021-09,ANAND GODHRA DOUBLING PROJECT 79 KMS,WR,N22000504,GUJARAT,04/2017,03/2020,-,692.25,-,.77,0/0
2021-09,MEHSANA PALANPUR DOUBLING PROJECT 65.10 KMS,WR,N22000505,GUJARAT,04/2018,03/2024,-,537.31,-,.64,0/0
2021-09,ROHTAK-MEHAM HANSI,NR,N22000272,HARYANA,04/2012,12/2011,-,287.00,-,717.17,0/0
2021-09,MULTI MODAL LOGISTICS PARK AT BARHI,CCOI,N22000426,HARYANA,12/2015,03/2019,-,346.32,-,320.28,0/0
2021-09,BHANUPALI-BILASPUR BERI NL,RVNL,N22000273,HIMACHAL PRADESH,04/2008,12/2026,-,"2,966.99",-,"1,224.53",0/0
2021-09,UDHAMPUR-SRINAGAR-BARAMULLA (NL) NR,NR,220100133,JAMMU AND KASHMIR,03/1995,11/2002,-,"2,500.00","27,949.00","25,198.63",0/0
2021-09,KODERMA-RANCHI VIA BARKAKANA (NL) ECR,ECR,220100222,JHARKHAND,03/1999,-,03/2022,"1,033.07","3,020.95","3,621.23",0/0
2021-09,KODERMA-TILAIYA (NL) ECR,ECR,220100305,JHARKHAND,04/2002,-,03/2023,459.91,"1,625.87",896.23,0/0
2021-09,BONDAMUNDA RANCHI DOUBLING,SER,N22000396,JHARKHAND,03/2016,03/2021,-,"1,724.20",-,934.46,0/0
2021-09,GARHWA ROAD-RAMNA,ECR,N22000465,JHARKHAND,03/2015,03/2021,-,348.23,-,376.20,0/0
2021-09,HUBLI-ANKOLA(NL) SWR,SWR,220100193,KARNATAKA,SH,O,-,"2,315.00",103.74,P,0/0
2021-09,BANGLORE - SATYAMANGALAM (NL)(SWR),SWR,220100274,KARNATAKA,04/1996,03/2002,-,"1,382.78",-,7.35,0/0
2021-09,TUMKUR-CHITRADURGA-DAVENGERE NL,SWR,N22000256,KARNATAKA,04/2011,-,-,"1,801.01",-,82.37,0/0
2021-09,BAGALKOT-KUDACHI NL,SWR,N22000258,KARNATAKA,04/2010,03/2016,-,986.30,-,316.08,1/1
2021-09,CHIKBALLA-PUR-PUTTTAPARTHY-SRI SATYA SAI NILAYAM NL,SWR,N22000276,KARNATAKA,04/2013,-,-,558.00,-,.00,0/0
2021-09,SHIMOGA-HARIHAR NL,SWR,N22000278,KARNATAKA,04/2011,03/2016,-,832.47,-,.94,0/0
2021-09,WHITE FIELD-KOLAR NL,SWR,N22000280,KARNATAKA,04/2011,-,-,348.85,-,.36,0/0
2021-09,HOSPET-HUBLI-LONDA-VASCODAGAMA DL,RVNL,N22000297,KARNATAKA,04/2010,03/2023,-,"2,127.00",-,"2,361.90",0/1
2021-09,GADAG-WADI NL,SWR,N22000299,KARNATAKA,04/2013,12/2018,-,"2,841.84",-,364.66,0/0
2021-09,CHIKBALLA-PUR-GOWRIBIDANUR NL,SWR,N22000300,KARNATAKA,04/2013,-,-,327.25,-,.00,0/0
2021-09,MARIKUPPAM - KUPPAM,SWR,N22000308,KARNATAKA,04/2012,03/2016,-,279.54,-,36.68,0/0
2021-09,HUBLI- CHIKJAJUR,SWR,N22000325,KARNATAKA,03/2015,03/2020,-,"1,156.94",-,"1,168.94",1/5
2021-09,ARSIKERE-TUMKUR,SWR,N22000332,KARNATAKA,03/2015,03/2020,11/2021,578.00,-,640.84,1/2
2021-09,KADUR CHIKMAGALUR SAKLESHPUR NEW LINE (93 KM),SWR,N22000486,KARNATAKA,03/1996,03/2017,-,644.78,889.00,465.94,0/0
2021-09,ANGAMALI-SABARIMALA (N.L.)(SR),SR,220100252,KERALA,10/1998,-,-,"1,566.00","1,566.00",265.11,0/0
2021-09,KUMBALAM-TURAVUR,SR,N22000191,KERALA,04/2011,-,-,252.96,369.55,8.50,0/0
2021-09,ERNAKULAM-KUMBALAM,SR,N22000204,KERALA,04/2010,-,-,189.24,275.21,6.73,0/0
2021-09,TRIVANDRUM-KANYAKUMARI DOUBLING,SR,N22000399,KERALA,02/2015,-,-,"1,431.90",-,470.78,0/0
2021-09,TURAVUR-AMBALAPUZHA DOUBLING,SR,N22000400,KERALA,02/2015,-,-,"1,000.00","1,246.00",.81,0/0
2021-09,PALAKKAD - SETTING UP OF RAIL COACH FACTORY,SR,N22000443,KERALA,02/2012,03/2016,-,550.00,-,.00,0/0
2021-09,RAMGANJMUNDI-BHOPAL (NL) WCR,WCR,220100314,MADHYA PRADESH,04/2001,03/2021,03/2024,424.60,"2,909.99","1,365.63",4/15
2021-09,RATLAM-MHOW-KHANDWA-AKOLA (GC),WR,N22000120,MADHYA PRADESH,04/2008,03/2022,03/2023,"3,503.69","5,839.02","2,327.60",0/0
2021-09,KATNI - SINGRAULI DOUBLING PROJECT,WCR,N22000351,MADHYA PRADESH,12/2015,03/2020,-,"1,763.93",-,"1,274.19",1/1
2021-09,BINA - KOTA DOUBLING WITH RE,RVNL,N22000414,MADHYA PRADESH,04/2011,12/2020,-,"1,485.85",-,"1,895.29",0/0
2021-09,KATNI-BINA 3RD LINE (263 KM),WCR,N22000415,MADHYA PRADESH,06/2016,03/2022,03/2024,"2,478.23","2,875.11","1,028.50",4/16
2021-09,KATNI GRADE SEPARATOR/BYE PASS,WCR,N22000416,MADHYA PRADESH,08/2016,03/2022,-,582.13,"1,247.64",462.54,1/1
2021-09,MULTI MODAL LOGISTICS PARK AT TIHI,CCOI,N22000427,MADHYA PRADESH,SH,O,03/2019,174.00,-,P,0/0
2021-09,CHHINDWARA NAINPUR MANDLA FORT GAUGE CONVERSION PROJECT,SECR,N22000438,MADHYA PRADESH,04/2010,02/2019,12/2021,585.93,"1,268.32","1,059.60",0/1
2021-09,ANUPPUR-KATNI,SECR,N22000485,MADHYA PRADESH,04/2015,12/2021,12/2023,"1,370.00","1,370.94",677.57,0/0
2021-09,INDORE-DEWAS-UJJAIN (80 KMS),WR,N22000493,MADHYA PRADESH,04/2016,06/2020,03/2023,700.00,603.69,321.94,0/0
2021-09,NIMACH BADI SADRI NEW LINE PROJECT,WR,N22000503,MADHYA PRADESH,04/2017,03/2022,-,495.18,-,.33,0/0
2021-09,BELAPUR-SEAWOOD-URAN ELECTRIFIED DOUBLE LINE(MTP),MRTP,220100164,MAHARASHTRA,03/1996,03/2004,-,495.44,-,"1,834.87",0/0
2021-09,AHMEDNAGAR-PARLI VAIJNATH(NL) CR,CR,220100181,MAHARASHTRA,02/1997,03/2021,-,"2,271.50",-,"2,887.20",0/0
2021-09,MUMBAI URBAN TRANSPORT PROJECT PHASE-II,MRTP,N22000092,MAHARASHTRA,04/2008,03/2014,-,"5,300.00",-,284.75,0/0
2021-09,RUNNING OF 12 CAR TRAINS ON HARBOUR LINE,MRTP,N22000214,MAHARASHTRA,04/2012,04/2016,-,714.10,-,65.20,0/0
2021-09,WARDHA-NANDED MAHARASHTRA,CR,N22000231,MAHARASHTRA,04/2008,03/2023,-,"3,168.29",-,"1,409.39",0/0
2021-09,KALYAN-KASARA 3RD LINE,CR,N22000233,MAHARASHTRA,04/2011,03/2021,-,792.89,-,357.06,0/0
2021-09,3RD LINE BETWEEN BHUSAWAL-JALGAON,CR,N22000247,MAHARASHTRA,04/2011,03/2019,-,184.06,-,325.01,0/0
2021-09,WARDHA-SEWAGRAM NGP 3RD LINE,CR,N22000250,MAHARASHTRA,04/2012,03/2022,-,540.02,-,352.80,0/0
2021-09,INDORE - MANMAD VIA MALEGAON (368 KM),CR,N22000353,MAHARASHTRA,02/2016,03/2024,-,"9,968.00",-,.00,0/0
2021-09,PUNE-NASIK (265 KM),CR,N22000354,MAHARASHTRA,02/2016,03/2024,-,"2,425.00",-,.00,0/0
2021-09,VAIBHAVWADI -KOLHAPUR (107 KM),CR,N22000355,MAHARASHTRA,02/2016,03/2024,-,"2,750.00",-,.00,0/0
2021-09,WARDHA-BALHARSHAH - 3RD LINE (132 KM),CR,N22000356,MAHARASHTRA,02/2015,03/2022,-,"1,272.19",-,501.56,0/0
2021-09,ITARSI-NAGPUR (BAL.) - 3RD LINE (267 KM),CR,N22000358,MAHARASHTRA,02/2015,03/2023,-,"2,449.91",-,454.94,0/0
2021-09,PUNE-MIRAJ-LONDA (467 KM),CR,N22000359,MAHARASHTRA,02/2015,03/2024,-,"3,627.47","3,627.00","1,650.18",0/0
2021-09,DAUND - MANMAD (236 KM),CR,N22000360,MAHARASHTRA,02/2016,03/2023,-,"1,876.00",-,614.35,0/0
2021-09,MANMAD - JALGAON - 3RD LINE (160 KM),CR,N22000361,MAHARASHTRA,02/2016,03/2022,-,"1,035.16",-,299.75,0/0
2021-09,WARDHA - NAGPUR - 4TH LINE (76 KM),CR,N22000362,MAHARASHTRA,02/2016,03/2023,-,637.95,-,232.07,0/0
2021-09,DAUND-GULBARGA - DOUBLING (224.9 KM) AND PUNE-GUNTAKAL -ELECTRIFICATION (641.37 KM),RVNL,N22000407,MAHARASHTRA,03/2009,03/2020,-,713.48,-,"2,781.86",0/0
2021-09,DIGHI PORT NEW LINE,RVNL,N22000408,MAHARASHTRA,04/2015,12/2025,-,723.78,-,.19,0/0
2021-09,RAJNANDGAON - NAGPUR - 3RD LINE (SECR),SECR,N22000420,MAHARASHTRA,09/2016,03/2023,12/2023,"1,908.51","3,176.60","1,382.00",0/1
2021-09,MULTI MODAL LOGISTICS TRANSPORT AT MIHAN,CCOI,N22000422,MAHARASHTRA,SH,O,03/2019,305.00,-,P,0/0
2021-09,MUMBAI CENTRAL VIRAR VADODARA AHMEDABAAD TRAIN PROTECTION SYSTEM 500 RKM,WR,N22000434,MAHARASHTRA,03/2010,-,-,265.88,311.36,.00,0/0
2021-09,VIRAR SURAT ROAD OVER BRIDGE IN LIEU OF LEVEL CROSSING NOS 42 46A 48 52 55 102 106 108 130 AND 137 A,WR,N22000435,MAHARASHTRA,03/2012,-,12/2022,217.38,393.62,152.98,0/0
2021-09,WADSA-GADHCHIROLI NEW LINE (52.36 KM),SECR,N22000480,MAHARASHTRA,06/2018,12/2021,12/2024,229.00,852.50,40.47,0/1
2021-09,JIRIBAM TO IMPHAL (TUPUI)(NL)(NEFR),NFR,220100288,MANIPUR,04/2003,03/2011,-,"4,454.17",-,"11,504.51",0/0
2021-09,NEW BG LINE FROM BYRNIHAT TO SHILLONG,NFR,N22000205,MEGHALAYA,04/2010,03/2021,-,906.46,"1,202.33",264.34,0/0
2021-09,BHAIRABI SAIRONG NL NEFR,NFR,N22000100,MIZORAM,04/2008,03/2014,-,"2,393.47","5,021.45","4,232.46",0/0
2021-09,NANGALDAM-TALWARA(NL) NR,NR,220100188,MULTI STATE,03/1981,07/2012,-,450.00,"2,017.96",878.49,0/0
2021-09,MUNEERABAD-MAHABOOBNAGAR(NL) SCR,SCR,220100205,MULTI STATE,04/1997,03/2000,-,"1,723.00",1.00,"2,000.67",0/0
2021-09,LALITPUR-SATNA-REWA-SINGRULI NL (NCR),WCR,220100232,MULTI STATE,09/1998,05/2008,-,247.66,-,"2,756.63",1/9
2021-09,NEW MAYNAGURI TO JOGIGHOPA VIA CHANGRABANDHA (NL) NEFR,NFR,220100266,MULTI STATE,04/2000,12/2008,-,"1,180.19","2,531.34","3,860.48",0/0
2021-09,DEOGHAR - SULTANGANJ (INL) ER,ER,220100273,MULTI STATE,04/2000,02/2013,-,607.09,-,638.19,0/0
2021-09,HATHUA-BHATNI (N L) (NER),NER,220100319,MULTI STATE,04/2005,12/2022,-,230.03,-,277.14,0/0
2021-09,CHHITAUNI TAMKUHI ROAD KUSHINAGAR GOPALGANJ UP,NER,N22000131,MULTI STATE,03/2007,12/2021,-,243.78,-,115.89,0/0
2021-09,CHHAPRA-BALLIA UP,NER,N22000134,MULTI STATE,03/2013,01/2019,-,295.00,-,556.27,0/0
2021-09,CHOTTAUDEPUR-DHAR(NL),WR,N22000138,MULTI STATE,04/2007,03/2022,03/2023,"1,347.26","1,524.68",974.69,0/0
2021-09,DAHOD-INDORE VIA SARDARPUR JHABUA AND DHAR (NL),WR,N22000139,MULTI STATE,04/2007,03/2022,03/2025,"1,640.04","1,873.10",869.58,0/0
2021-09,RATLAM-DUNGARPUR VIA BANSWARA (NL),NWR,N22000147,MULTI STATE,04/2011,-,-,"2,082.75",-,186.14,0/1
2021-09,GWALIOR-SEOPURKALA WITH EXTENSION TO KOTA (GC),NCR,N22000148,MULTI STATE,04/2011,03/2022,12/2024,"2,912.96",-,312.03,0/3
2021-09,DHOLPUR-SIRMUTTRA WITH EXTENSION TO GANGAPURCITY AND MOHARI-TANTPUR AND TANPUR-BANSI PAHARPUR,NCR,N22000158,MULTI STATE,04/2010,-,04/2010,"2,030.50",-,.00,0/0
2021-09,DIGHA-JALESWAR INCLUDING MM FOR DIGHA-EGRA,SER,N22000160,MULTI STATE,04/2010,03/2015,-,651.00,-,7.96,0/0
2021-09,GAYA-CHATRA (NL),ECR,N22000169,MULTI STATE,04/2008,-,-,415.67,-,15.58,0/0
2021-09,NEW BONGAIGAON-RANGIA-KAMAKGHYA DOUBLING,NFR,N22000183,MULTI STATE,04/2013,03/2019,-,"1,798.00","2,042.51",278.75,0/0
2021-09,CHENNAI-CUDDALORE VIA MAMALLAPURAM,SR,N22000185,MULTI STATE,SH,O,-,523.52,-,P,0/0
2021-09,KURUPPANTHARA-CHINGAVANAM,SR,N22000190,MULTI STATE,04/2007,-,12/2021,270.14,457.08,532.63,0/0
2021-09,NEW BG LINE FROM BALURGHAT TO HILLY NFR,NFR,N22000206,MULTI STATE,04/2010,03/2020,-,242.22,-,76.57,0/0
2021-09,NEW BG LINE FROM JAGBANI TO BIRATNAGAR,NFR,N22000207,MULTI STATE,04/2010,-,12/2021,241.52,-,333.46,0/0
2021-09,MURKONGSELEK-PASIGHAT NL,NFR,N22000208,MULTI STATE,04/2011,03/2020,-,414.84,-,156.95,0/0
2021-09,NEW JALPAIGURI SILIGURI NEW BONGAIGAON INCLUDING BR LINE AND MM CHALSA NAXAL RAJABHATKHOWA JAINTI,NFR,N22000209,MULTI STATE,04/1999,-,-,819.23,-,"1,089.12",0/0
2021-09,MADURAI-TUTICORIN VIA ARUPPUKKOTTAI,SR,N22000215,MULTI STATE,04/2011,03/2019,-,120.70,-,281.08,0/0
2021-09,LAKSHMIKANTAPUR-NAMKHANA SUBSEQUENTLY MM FOR NAMKHANA-CHANDRANAGAR KAKDWIP- BUDAKHALI AND CHANDRANAG,ER,N22000216,MULTI STATE,04/1987,03/2006,-,406.99,-,149.31,0/0
2021-09,SULTANGANJ-KATURIA VIA ASARGANJ TARAPUR AND BELHAR,ER,N22000217,MULTI STATE,04/2007,-,-,450.00,-,.00,0/0
2021-09,HANSNABAD-HINGALGANJ NEW BG LINE,ER,N22000218,MULTI STATE,04/2010,-,-,172.03,-,11.77,0/0
2021-09,PIRPAINTI-JASIDIH,ER,N22000219,MULTI STATE,04/2013,03/2022,-,915.98,-,412.04,0/0
2021-09,BANDEL-BOINCHI 3RD LINE,ER,N22000221,MULTI STATE,04/2011,-,-,288.35,-,515.25,0/0
2021-09,KALINARAYANPUR-KRISHNANAGAR DOUBLING ALONGWITH KRISHNANAGAR - CHAPRA NEW LINE AND NAIHATI-RANAGHAT 3,ER,N22000224,MULTI STATE,04/2001,03/2016,-,923.52,-,614.87,0/0
2021-09,CHINPAI-SAINTHIA DOUBLING MM FOR PRANTI- SURI CHOWRIGACHA-SAINTHIA VIA KANDI NL,ER,N22000225,MULTI STATE,04/2005,03/2017,-,595.51,-,97.40,0/0
2021-09,KALINARAYANPUR-SHANTIPUR DOUBLING WITH NEW MM FOR RANAGHAT-DUTTAPHULIA NEW LINE,ER,N22000227,MULTI STATE,04/2010,-,-,174.56,-,71.43,0/0
2021-09,SONDALIA-CHAMPAPUKUR DOUBLING WITH NEW MM FOR BIRA-CHAKIA NL,ER,N22000228,MULTI STATE,04/2010,03/2016,-,277.28,-,198.89,0/0
2021-09,DANKUNI-CHANDANPUR 4TH LINE 1ST PHASE OF DANKUNI-SHAKTIGARH 4TH LINE WITH MM BARUIPARA FURFURA NL,ER,N22000229,MULTI STATE,04/2010,03/2017,-,365.17,-,478.00,0/0
2021-09,HOWRAH DIVISION- PLATFORM SHELTER (40 C CATEGORY STATIONS),ER,N22000230,MULTI STATE,04/2010,11/2018,-,157.94,-,51.74,0/0
2021-09,BARIARPIUR-MANANPURVIA KHARAGPUER LACHIMPUR-BARAHAT,ER,N22000234,MULTI STATE,04/2007,-,-,450.55,-,20.11,0/0
2021-09,TARAKESHWAR-MAGRA NEW BG LINE,ER,N22000235,MULTI STATE,04/2010,-,-,365.17,-,1.76,0/0
2021-09,BOINCHI-SHAKTIGARH 3RD LINE,ER,N22000238,MULTI STATE,SH,O,-,175.80,-,P,0/0
2021-09,PRINCEPGHAT-MAJERHAT DOUBLING OF CIRCULAR RAILWAY,ER,N22000239,MULTI STATE,04/2011,03/2017,-,299.60,-,1.12,0/0
2021-09,NEW ALIPUR TO AKRA MM FOR BUDGE BUDGE- PUJALI NL PUJALI-ULUBERIA(BIRSHIVPUR) AND PUJALI-BAHRAHAT NL,ER,N22000240,MULTI STATE,04/2010,03/2005,-,494.54,-,30.12,0/0
2021-09,SONARPUR-CANNING WITH NEW MM FOR KALIKAPUR-MINAKHAN VIA GHATAKPUR NL,ER,N22000241,MULTI STATE,04/2000,-,-,297.47,-,36.13,0/0
2021-09,CHANDPARA-BANGAON DOUBLING WITH EXENSION TO CHANDBAZAR AND NEW MM FOR BONGAON- PORAMAHESHTALA AND CHA,ER,N22000242,MULTI STATE,04/2003,-,-,337.96,-,40.65,0/0
2021-09,MAGRAHAT-DIAMOND HARBOUR WITH MM SANGRAMPUR-KRISHANCHANDPUR AND DIAMOND HATBOUR - BAHRAHAT-KULPI NL,ER,N22000243,MULTI STATE,04/2009,02/2012,-,499.96,-,141.76,0/0
2021-09,LILUAH-DANKUNI 3RD LINE MM FOR DANKUNI- JONGALPARA-FURFURA SHARIF NL,ER,N22000244,MULTI STATE,04/2009,03/2014,-,257.42,-,109.23,0/0
2021-09,HOWRAH-DEVELOPMENT OF STATION INCLUDING SEGRAGATION OF AARIVAL/DEPARTURE AND OTHER AMENITIES,ER,N22000249,MULTI STATE,04/2011,-,-,166.89,-,.02,0/0
2021-09,KAZIPET-VIJAYAWADA 3RD LINE WITH ELECTRIFICATION,SCR,N22000261,MULTI STATE,04/2012,03/2023,-,"1,856.95",-,700.58,0/0
2021-09,BHADRACHALAM-KOVVUR,SCR,N22000264,MULTI STATE,04/2012,-,-,923.23,-,2.39,1/1
2021-09,DEOBAND (MUZAFFARNAGAR)- ROORKEE NL,NR,N22000274,MULTI STATE,04/2007,-,-,336.91,-,597.99,0/0
2021-09,SRINIVASA-PURA-MADANAPALLI NL,SWR,N22000277,MULTI STATE,04/2013,-,-,296.00,-,.00,0/0
2021-09,RAYADURGA-TUMKUR NL,SWR,N22000279,MULTI STATE,04/2007,-,-,"2,062.30",-,"1,126.08",2/2
2021-09,BHADRACHALAM ROAD-SATTUPALLI,SCR,N22000287,MULTI STATE,04/2010,03/2020,-,704.31,927.94,672.39,1/1
2021-09,KADAPA-BANGALORE (NL) KADAPA-PENDLIMARRI PH-I,SCR,N22000288,MULTI STATE,04/2008,03/2014,-,"2,132.77",-,347.10,1/1
2021-09,MONIGRAM- NIMTITA,ER,N22000301,MULTI STATE,04/2012,-,-,250.93,-,379.70,0/0
2021-09,PHULERA - DIGANA DOUBLING,NWR,N22000326,MULTI STATE,05/2015,03/2020,-,600.00,-,263.96,0/0
2021-09,YELAHANKA-PENUKONDA,SWR,N22000328,MULTI STATE,05/2015,03/2020,-,860.43,-,958.51,0/0
2021-09,HOTGI-KUDGI-GADAG,SWR,N22000333,MULTI STATE,03/2015,03/2019,-,"1,614.59","1,877.81","1,476.99",0/0
2021-09,HAJIPUR - BACHAWARA,ECR,N22000334,MULTI STATE,05/2015,03/2019,12/2021,678.54,678.54,922.65,0/38
2021-09,EASTERN DEDICATED FREIGHT CORRIDOR PROJECT,DFCC,N22000346,MULTI STATE,10/2006,-,-,"11,589.00","30,357.00",.00,0/0
2021-09,KAZIPET-BALHRSHA,SCR,N22000367,MULTI STATE,04/2015,03/2021,-,"2,063.03",-,"1,544.12",0/0
2021-09,MUMBAI AHMEDABAD HIGH SPEED RAIL PROJECT,NHSRCL,N22000463,MULTI STATE,SH,O,12/2023,"1,08,000.00",-,P,0/0
2021-09,WESTERN DEDICATED FREIGHT CORRIDOR,DFCC,N22000464,MULTI STATE,11/2007,03/2020,-,"16,592.00","51,101.00","22,485.00",0/0
2021-09,CHANDIGARH-BADDI,NR,N22000467,MULTI STATE,04/2007,03/2023,-,328.14,-,242.55,0/0
2021-09,JALANDHAR-PATHANKOT-JAMMU TAWI,NR,N22000492,MULTI STATE,03/2002,03/2016,-,625.00,781.00,839.36,0/0
2021-09,NEW LINE FROM DIMAPUR TO ZUBZA(KOHIMA) NATIONAL PROJECT (NEFR),NFR,N22000124,NAGALAND,04/2006,03/2015,-,"2,326.52",-,"1,359.41",0/0
2021-09,DIMAPUR-TIZIT NL,NFR,N22000196,NAGALAND,04/2013,03/2020,-,"4,274.00",-,.00,0/0
2021-09,KHURDA ROAD-BOLANGIR(NL)ECOR,ECOR,220100284,ODISHA,04/1994,03/2009,03/2026,"2,923.13","3,791.66","1,637.28",0/0
2021-09,SUKINDA ROAD - ANGUL (NL)(ECOR),RVNL,220100325,ODISHA,04/1998,02/2015,-,"1,202.70",-,"1,753.94",0/0
2021-09,KHURDA ROAD - BARANG 3RD LINE (DL) (ECOR),RVNL,220100327,ODISHA,04/2000,03/2009,12/2022,133.41,207.00,404.03,1/1
2021-09,TALCHER-BIMALAGARH(NL)(ECOR),ECOR,220100328,ODISHA,04/2005,06/2021,03/2025,810.78,"1,928.07",901.66,0/0
2021-09,CHAMPAJHARAN-BIMALGARH DOUBLING EXTENSION,SER,N22000162,ODISHA,04/2010,03/2015,-,149.90,-,54.46,0/0
2021-09,SAMBALPUR-TALCHER DOUBLING,ECOR,N22000315,ODISHA,03/2011,02/2019,03/2022,"1,111.99","1,539.28","1,195.24",0/0
2021-09,BHADRAK - NERGUNDI 3RD LINE,ECOR,N22000316,ODISHA,03/2013,10/2020,03/2024,843.04,843.04,254.59,0/0
2021-09,SAMBALPUR - ANGUL RLY. ELECTRIFICATION,ECOR,N22000319,ODISHA,03/2012,03/2020,-,155.81,238.03,223.14,0/0
2021-09,JAGADALPUR-KORAPUT DOUBLING,ECOR,N22000376,ODISHA,04/2015,03/2022,03/2023,"1,547.38","1,547.38",690.13,0/0
2021-09,KORAPUT - SINGAPUR ROAD DOUBLING,ECOR,N22000379,ODISHA,04/2015,03/2022,03/2026,"2,361.74","2,361.74",486.28,0/0
2021-09,JARAPADA - BUDHAPANK WITH FLY OVER AT TALCHER ROAD 3RD AND 4TH LINE,ECOR,N22000380,ODISHA,04/2015,11/2018,03/2024,701.61,-,193.71,0/0
2021-09,BUDHAPANK - SALEGAON VIA RAJATGARH 3RD AND 4TH LINE.,ECOR,N22000381,ODISHA,04/2015,12/2018,03/2024,"1,172.92","1,172.92",665.51,0/0
2021-09,ROURKELA JHARSUGUDA THIRD LINE 101 KM,SER,N22000395,ODISHA,11/2015,03/2020,-,969.83,-,"1,036.05",0/0
2021-09,VIZIANAGARAM -SAMABALPUR 3RD LINE,RVNL,N22000409,ODISHA,01/1991,12/2024,-,"2,335.67",-,"1,733.91",0/0
2021-09,SAMBALPUR - TITLAGARH - DOUBLING,RVNL,N22000410,ODISHA,03/2006,03/2020,-,948.04,-,"2,071.24",0/0
2021-09,BANASPANI- JAKHPURA - DOUBLING,RVNL,N22000412,ODISHA,03/2009,03/2019,-,942.95,-,"1,210.53",0/0
2021-09,QADIAN-BEAS,NR,N22000295,PUNJAB,04/2011,-,-,205.22,-,1.73,0/0
2021-09,MANSA-BHATINDA (PHASE-I) INCL. NEW MATERIAL MODIFICATION FOR RAMA MANDI (RAMAN) - SADA SINGHWALA VI,NR,N22000502,PUNJAB,06/2009,08/2016,-,404.00,-,190.00,0/0
2021-09,DAUSA-GANGAPUR CITY(NL) NWR,NWR,220100184,RAJASTHAN,SH,O,02/2019,410.08,-,P,0/0
2021-09,AJMER-KOTA (NASIRABAD-JAUNDRI),NWR,N22000150,RAJASTHAN,04/2013,-,-,822.00,-,.00,0/1
2021-09,PUSHKAR-MERTA,NWR,N22000151,RAJASTHAN,04/2013,-,-,323.00,-,.00,0/0
2021-09,MAVLI JUNCTION-BARI SADRI MM OF AJMER- CHITTSURGARH-UDAIPUR,NWR,N22000152,RAJASTHAN,04/2013,03/2020,-,420.18,-,377.31,0/0
2021-09,AJMER(NASIRABAD)- SAWAI MADHOPUR (CHAUTH KA BARWARA) VIS TONK NL,NWR,N22000330,RAJASTHAN,05/2015,-,-,873.71,-,4.60,0/0
2021-09,MULTI MODAL LOGISTICS PARK AT KATHUWAS,CCOI,N22000421,RAJASTHAN,01/2011,03/2018,-,493.17,-,464.53,0/0
2021-09,JODHPUR (RAI KA BAGH) - DEGANA DOUBLING (145 KM),NWR,N22000466,RAJASTHAN,08/2018,08/2022,-,808.85,-,282.48,0/0
2021-09,SEVOK RANGPO NEFR,NFR,N22000102,SIKKIM,04/2008,12/2015,12/2023,"1,339.48","4,084.69","1,656.78",0/0
2021-09,TIRUCHIRAPPALI-NAGORE-KARAIKKAL(SR)(GC),SR,220100262,TAMIL NADU,09/1995,03/2020,-,303.98,-,704.97,0/0
2021-09,EXTENSION OF MRTS FROM VELACHERY TO STN. THOMAS MTP,MRTP,N22000028,TAMIL NADU,04/2006,06/2013,07/2022,495.74,-,478.72,1/4
2021-09,MAYLADUTHURAI-THIRUVARUR-KARAIKUDI-THIRU 'PONDI'-AGASTIYAMPALLI,SR,N22000079,TAMIL NADU,09/2007,02/2019,-,724.69,-,"1,656.25",0/0
2021-09,TINDIVANAM-GINGEE-TIRUVANNAMALAI (NL),SR,N22000084,TAMIL NADU,09/2006,-,-,227.40,-,65.02,0/0
2021-09,TIDIVANAM-NAGARI (NL),SR,N22000085,TAMIL NADU,09/2006,-,-,582.83,-,239.53,0/0
2021-09,ATTIPPATTU PUTTUR,SR,N22000184,TAMIL NADU,04/2008,02/2019,-,151.84,-,2.59,0/0
2021-09,SRIPERUMBUDUR-GUDUVANCHERY WITH SPUR TO IRUNGATTUKKOTTAI-AVADI-SRIPERUMBUDUR,SR,N22000186,TAMIL NADU,04/2013,-,-,839.00,-,.63,0/0
2021-09,ERODE-PALANI,SR,N22000199,TAMIL NADU,04/2008,-,-,288.57,-,1.63,0/0
2021-09,MADURAI-BODINAYAKKANUR,SR,N22000201,TAMIL NADU,04/2008,-,12/2021,164.41,-,394.42,0/0
2021-09,CHENGALPATTU-VILLUPURAM DOUBLING WITH NEW MM FOR TAMBARAM-CHENGALPATTU 3RD LINE GC ALONWITH ELECTRIF,SR,N22000202,TAMIL NADU,04/2007,-,09/2021,931.98,-,977.06,0/0
2021-09,THIRUMAILA - VELACHERY : MASS RAPID TRANSIT SYSTEM (PHASE II),SR,N22000441,TAMIL NADU,02/1996,03/2005,-,268.87,-,920.84,0/0
2021-09,TRANSMISSION LINE BETWEEN CHENNAI-HOWRAH ROUTE (1662 KM),SR,N22000445,TAMIL NADU,02/2017,03/2024,-,"1,567.00",-,.00,0/0
2021-09,MANIYACHI - NAGERCOIL (102 KM) DOUBLING,SR,N22000449,TAMIL NADU,02/2015,03/2022,-,"1,700.00",-,756.45,0/0
2021-09,MADURAI - MANIYACHI - TUTICORIN (160 KM) DOUBLING,SR,N22000451,TAMIL NADU,02/2015,03/2020,-,760.00,-,"1,233.08",0/0
2021-09,MACHERLA-NALGONDA(NL)(SCR),SCR,220100220,TELANGANA,07/1998,-,-,458.25,-,3.69,0/0
2021-09,MANOHARABAD-KOTHPALL NEW LINE(SCR),SCR,N22000032,TELANGANA,SH,O,03/2010,"1,160.48",-,P,1/1
2021-09,MULTI MODAL TRANSPORT SYSTEM(MMTS) PHASE- II HYDERABAD,RVNL,N22000213,TELANGANA,04/2012,03/2016,-,632.68,-,835.16,0/0
2021-09,MANUGURU-RAMAGUNDAM,SCR,N22000259,TELANGANA,04/2013,-,-,"1,112.00",-,.92,1/1
2021-09,DOUBLING OF TRACK BETWEEN GOOTY AND DHARMAVARAM OF SOUTH CENTRAL RAILWAY,RITES,N22000394,TELANGANA,03/2015,03/2021,-,636.38,-,623.91,3/3
2021-09,SECUNDERABAD-MAHABUBNAGAR DOUBLING,RVNL,N22000403,TELANGANA,04/2015,12/2024,-,773.94,-,890.18,0/0
2021-09,MANMAD-PARBHANI-NANDED-SECUNDERABAD- GADWAL-DHONE- GUNTAKAL - TRAIN COLLISION AVOIDANCE SYSTEM (958 K,SCR,N22000432,TELANGANA,04/2017,03/2022,-,119.73,185.00,7.09,0/0
2021-09,AGARTALA-AKHAURA NL,NFR,N22000195,TRIPURA,04/2012,03/2020,06/2022,569.63,90.00,561.03,2/3
2021-09,ELECTRIFICATION OF KHURJA-MEERUT- SAHARANPUR AND G'BAD-MEERUT,RE,N22000094,UTTAR PRADESH,02/2008,03/2012,-,171.10,-,141.55,0/0
2021-09,ANANDNAGAR GHUGHALI VIA MAHRAJGANJ UP,NER,N22000130,UTTAR PRADESH,03/2013,-,-,307.00,-,.00,0/0
2021-09,KAPILVASTU-BASTI VIA BANSI SIDHARTHNAGAR BASTI NAUGARH UP,NER,N22000136,UTTAR PRADESH,03/2013,-,-,643.00,-,.00,0/0
2021-09,UNCHAHAR-AMETHI,NR,N22000294,UTTAR PRADESH,04/2012,-,-,"1,229.00",-,105.51,0/0
2021-09,ROSA-SITAPUR CANTT-BURHWAL DOUBLING,NER,N22000347,UTTAR PRADESH,03/2015,03/2022,-,"1,295.42",-,"1,333.13",0/0
2021-09,MATHURA-PLWAL 4TH LINE (80KM),NCR,N22000372,UTTAR PRADESH,04/2015,03/2020,-,668.70,668.00,4.00,4/6
2021-09,VARANASI-MODHOSINGH-ALLAHABAD DOUBLING,RVNL,N22000401,UTTAR PRADESH,04/2015,03/2022,-,943.60,-,881.28,0/0
2021-09,LUCKNOW- PILIBHIT VIA SITAPUR LAKHIMPUR GC,RVNL,N22000404,UTTAR PRADESH,04/2011,03/2019,-,927.01,-,"1,409.86",0/0
2021-09,MAU-GHAZIPUR-TARIGHAT NEW LINE,RVNL,N22000405,UTTAR PRADESH,04/2015,03/2023,-,"1,765.92",-,"1,017.59",0/0
2021-09,BHIMSEN - JHANSI DOUBLING WITH ELECTRIFICATION,RVNL,N22000413,UTTAR PRADESH,03/2012,12/2020,-,"1,183.25",-,"1,492.63",0/0
2021-09,RAMNA - SINGRAULI DOUBLING,ECR,N22000417,UTTAR PRADESH,08/2015,03/2020,-,"2,436.21",-,"1,323.95",0/0
2021-09,KARAILA ROAD - SHAKTINAGAR DOUBLING,ECR,N22000419,UTTAR PRADESH,08/2015,03/2019,-,528.57,-,232.21,0/0
2021-09,INDARA - DOHRIGHAT GAUGE CONVERSION.,NER,N22000456,UTTAR PRADESH,04/2016,04/2016,-,213.00,-,65.87,0/0
2021-09,BAHRAICH - MAILANI GAUGE CONVERSION INCLUDING BY-PASS AT MAILANI.,NER,N22000457,UTTAR PRADESH,04/2016,01/2022,-,"1,900.00",-,.00,0/0
2021-09,NANPARA - NEPALGANJ GAUGE CONVERSION.,NER,N22000459,UTTAR PRADESH,04/2017,04/2017,-,150.00,-,.00,0/0
2021-09,PADRAUNA - KUSHINAGAR VIA GORAKHPUR - NEW LINE,NER,N22000460,UTTAR PRADESH,SH,O,01/2018,"1,343.00",-,P,0/0
2021-09,ETAH - KASGANJ - NEW LINE,NER,N22000462,UTTAR PRADESH,04/2017,04/2017,-,276.90,-,.00,0/0
2021-09,BURHWAL - GONDA - 3RD RUNNING LINE.,NER,N22000468,UTTAR PRADESH,04/2016,-,-,602.50,-,122.17,0/0
2021-09,AUNRIHAR - JAUNPUR PATCH DOUBLING .,NER,N22000469,UTTAR PRADESH,04/2016,01/2022,-,600.00,-,305.24,0/0
2021-09,SHAHGANJ-BHATNI-PHEPHNA-INDARA MAU- SHAHGANJ (EXCL. MAU-INDARA) PATCH DOUBLING.,NER,N22000470,UTTAR PRADESH,04/2016,12/2019,-,"1,177.96",-,345.80,0/0
2021-09,JHANSI MANIKPUR AND KHAIRAR BHIMSEN DOUBLING,NCR,N22000495,UTTAR PRADESH,03/2018,03/2023,-,"4,329.53",-,70.56,0/0
2021-09,JHANSI BINA DOUBLING,NCR,N22000496,UTTAR PRADESH,09/2016,03/2021,12/2022,"2,001.00",-,960.08,1/6
2021-09,MATHURA-JHANSI-3RD LINE (273.80 KM),RVNL,N22000501,UTTAR PRADESH,06/2016,12/2023,-,"3,677.76",-,"2,156.77",0/0
2021-09,KICHHA-KHATIMA (NL) - NER,NER,220100317,UTTARAKHAND,04/2003,-,-,142.45,-,.15,0/0
2021-09,RISHIKESH - KARNAPRAYAG NEW LINE,RVNL,N22000406,UTTARAKHAND,04/2011,12/2024,-,"16,216.00",-,"4,622.36",0/0
2021-09,NEW BG RLY LINE FROM EKLAKHI-BALURGHAT INCLUDING GAZOLE-ITAHAR(NL) NEFR,NFR,220100135,WEST BENGAL,04/1983,03/2019,-,297.32,200.34,275.06,0/0
2021-09,HOWRAH-AMTA-CHAMPADANGA NL (SER),SER,220100208,WEST BENGAL,04/1974,03/2007,03/2007,393.46,154.30,182.49,0/0
2021-09,TOLLYGANJ-GARIA WITH EXTENSION TO DUM DUM- NOAPARA AND NOAPARA-NSCB AIRPORT(MTP),MRTP,220100268,WEST BENGAL,03/2000,12/2006,-,"1,049.69",-,"3,837.57",0/0
2021-09,TARAKESWAR - BISHNUPUR NEW BG LINE (NL) ER,ER,220100272,WEST BENGAL,04/2000,03/2019,12/2009,"1,188.91",-,907.25,0/0
2021-09,NEW WORK FOR CONSTRUCTION OF METRO RAILWAY FROM NOAPARA-BARASAI VIA BIMANBANDER (MTP),KOMRCL,N22000108,WEST BENGAL,04/2010,03/2016,-,"2,397.72",-,197.20,0/0
2021-09,NEW WORK FOR CONSTRUCTION OF METRO RAILWAY FROM BARANAGAR TO BARRACKPORE AND DAKSHINESHWAR (MTP),RVNL,N22000109,WEST BENGAL,04/2010,03/2014,-,"2,298.42",-,40.46,0/0
2021-09,NEW WORK FOR CONSTRUCTION OF METRO RAILWAY FROM NSCB AIRPORT TO NEW GARIA VIA RAJARHAT (MTP),RVNL,N22000110,WEST BENGAL,04/2010,03/2016,-,"3,951.98",-,"3,115.57",0/0
2021-09,NEW WORK FOR CONSTRUCTION OF METRO RAILWAY FROM JOKA TO BINOY BADAL DINESH BAGH.,RVNL,N22000111,WEST BENGAL,04/2010,03/2016,-,"2,913.51",-,"1,430.61",0/0
2021-09,EAST WEST METRO CORRIDOR FROM HOWRAH MAIDAN TO SALT LAKE,MRTP,N22000135,WEST BENGAL,03/2013,03/2016,-,"4,874.58",-,"5,892.72",0/0
2021-09,BOWAICHANDI-ARAMBAGH,SER,N22000159,WEST BENGAL,04/2010,-,-,267.37,-,40.99,0/0
2021-09,NEW BG LINE FROM KALIYAGANJ TO BUNIADPUR,NFR,N22000193,WEST BENGAL,04/2010,-,-,221.42,-,38.20,0/0
2021-09,CIRCULAR RAILWAY INCLUDING REMOUNT ROAD TO SANTOSHPUR,MRTP,N22000212,WEST BENGAL,SH,O,-,573.78,-,P,0/0
2021-09,BAZAR SAU -AZIMGANJ JN. DOUBLING,ER,N22000302,WEST BENGAL,04/2012,-,-,255.64,-,295.98,0/0
2021-09,NEW MAYNAGURI-GUMANIHAT-DOUBLING OF REMAINING PORTION (51.65 KM),NFR,N22000390,WEST BENGAL,04/2016,12/2021,-,602.27,-,"1,029.14",0/0
2021-09,BANKURA DAMODAR VALLEY RLY LINE 96 KM GC WITH 6MMS FOR NL,SER,N22000402,WEST BENGAL,04/1998,03/2003,-,"1,027.40",-,485.04,0/0
2021-09,NEW JALPAIGURI-SILIGURI-NEW BONGAIGAON GC WITH MM OF NEW LINE OF CHALSA-NAXAL AND RAJABHATKHAWA-JAIN,NFR,N22000499,WEST BENGAL,02/1999,04/2010,-,380.60,-,"1,089.12",0/0
2021-09,C/O PERMANENT CAMPUS FOR NITAP UNDER PHASE 1B AT TADEPALLIGUDEM A.P.,CPWD EDUCATION,N28000133,ANDHRA PRADESH,02/2019,09/2020,-,186.00,199.00,130.63,3/7
2021-09,CONSTRUCTION OF PERMANENT CAMPUS FOR INDIAN INSTITUTE OF TECHNOLOGY TIRUPATI AT MERLAPAKA VILLAGE YE,CPWD EDUCATION,N42000005,ANDHRA PRADESH,02/2019,06/2020,-,655.34,-,125.17,0/110
2021-09,CONSTRUCTION OF PERMANENT CAMPUS FOR IISER AT JANGALAPALLI VILLAGE YERPEDU MANDAL CHITTOOR DISTRIC,CPWD EDUCATION,N42000007,ANDHRA PRADESH,09/2019,09/2022,-,588.72,-,14.80,0/0
2021-09,CONSTRUCTION OF ACADEMIC AND RESIDENTIAL COMPLEX UNDER PHASE-II FOR THE CAMPUS OF IIT PATNA,CPWD EDUCATION,N28000100,BIHAR,02/2016,06/2017,-,496.18,496.00,288.03,2/6
2021-09,PERMANENT CAMPUS FOR IIM BODH GAYA,CPWD EDUCATION,N42000009,BIHAR,09/2018,09/2020,-,375.00,-,109.71,0/0
2021-09,C/O PERMANENT CAMPUS OF IIT BHILAI AT KUTHELABHATA DURG CHHATTISGARH STAGE I PHASE I.,CPWD EDUCATION,N28000141,CHHATISGARH,03/2020,07/2022,-,808.62,-,57.42,0/0
2021-09,CONSTRUCTION OF PERMANENT CAMPUS FOR NATIONAL INSTITUTE OF TECHNOLOGY GOA AT CUNCOLIM GOA.,CPWD EDUCATION,N42000002,GOA,05/2019,03/2020,-,303.90,-,31.80,1/8
2021-09,DIFFERENT BUILDINGS UNDER PHASE 1 NORTH FOR IIT MANDI AT KAMAND,CPWD EDUCATION,N28000065,HIMACHAL PRADESH,11/2012,11/2014,11/2021,270.83,-,240.38,7/8
2021-09,ESTABLISHMENT OF PERMANENT CAMPUS PHASE 1 OF IIM SIRMAUR,CPWD EDUCATION,N42000008,HIMACHAL PRADESH,09/2018,06/2022,-,392.51,-,57.47,0/0
2021-09,CONSTRUCTION OF PERMANENT CAMPUS OF IIM JAMMU (PHASE 1),CPWD EDUCATION,N28000130,JAMMU AND KASHMIR,03/2019,07/2022,-,424.93,-,47.20,0/0
2021-09,CONSTRUCTION OF PERMANENT CAMPUS IIT JAMMU (PHASE 1C),CPWD EDUCATION,N28000131,JAMMU AND KASHMIR,SH,O,04/2023,676.00,-,P,0/0
2021-09,2000 BOYS HOSTEL(1000 DOUBLE BEDDED ROOM) AT ISM DHANBAD,CPWD EDUCATION,N28000067,JHARKHAND,09/2012,03/2016,-,171.86,-,111.29,1/6
2021-09,DEVELOPMENT OF PERMANENT CAMPUS OF IIIT RANCHI AND CONSTRUCTION WORK FOR BUILDING AND OTHER AMNETIES,CPWD EDUCATION,N44000001,JHARKHAND,03/2021,10/2023,-,127.26,-,12.73,0/0
2021-09,CONSTRUCTION OF PERMANENT CAMPUS FOR INDIAN INSTITUTE OF TECHNOLOGY DHARWAD (PHASE 1A),CPWD EDUCATION,N42000006,KARNATAKA,07/2019,03/2022,-,851.00,851.00,26.10,0/0
2021-09,CONSTRUCTION OF MEGA HOSTEL II FOR NIT CALICUT KERALA,CPWD EDUCATION,N28000075,KERALA,01/2010,10/2012,-,165.23,-,118.52,1/8
2021-09,C/O PERMANENT CAMPUS OF IIT PALAKKAD PHASE IA AT PUDESSERY VILLAGE KANJIKODE WEST DISTRICT PALAKKA,CPWD EDUCATION,N28000140,KERALA,07/2019,03/2021,-,753.63,-,58.47,0/0
2021-09,CONSTRUCTION OF IITB RESEARCH PARK AT IIT BOMBAY POWAI MUMBAI,CPWD EDUCATION,N28000117,MAHARASHTRA,01/2018,07/2020,-,223.37,-,61.35,4/14
2021-09,CONSTRUCTION AND DEVELOPMENT OF NATINAL INSTITUTE OF TECHNOLOGY MEGHALAYA PERMANENT CAMPUS AT SOHRA,RITES OF HIGHER,N42000001,MEGHALAYA,09/2013,09/2014,-,484.32,-,.00,0/0
2021-09,STUDY IN INDIA,EDCIL,N42000003,MULTI STATE,03/2018,04/2018,-,150.00,-,.00,0/0
2021-09,SCHEME FOR PROMOTION OF ACADEMIC AND RESEARCH COLLABORATION,IITKGP,N42000004,MULTI STATE,08/2018,03/2019,-,418.00,-,110.00,0/0
2021-09,INDIAN INSTITUTE OF SCIENCE EDUCATION AND RESEARCH BERHAMPUR,CPWD EDUCATION,N28000126,ODISHA,01/2019,03/2022,-,790.79,-,230.59,0/5
2021-09,CONSTRUCTION OF VARIOUS BUILDINGS UNDER PHASE 1C AT IIT ROPAR PUNJAB,CPWD EDUCATION,N28000120,PUNJAB,01/2018,05/2020,-,430.00,-,219.38,3/5
2021-09,CONSTRUCTION OF PERMANENT CAMPUS OF INDIAN INSTITUTE OF MANAGEMENT (IIM) AMRITSAR PUNJAB.,CPWD EDUCATION,N28000142,PUNJAB,10/2019,05/2022,-,348.24,-,23.28,1/7
2021-09,DEVELOPMENT OF PERMANENT CAMPUS FOR IIT JODHPUR (PHASE II) AT KARWAR JODHPUR RAJASTHAN,CPWD EDUCATION,N28000119,RAJASTHAN,12/2016,07/2019,-,549.31,-,458.38,3/6
2021-09,CONSTRUCTION OF ENGINEERING CORE LAB FOR IIT KANPUR,CPWD EDUCATION,N28000111,UTTAR PRADESH,11/2017,03/2020,-,171.72,-,53.94,0/0
2021-09,CONSTRUCTION OF TWO NOS GIRLS HOSTELS AND ONE NO BOYS HOSTEL OF 500 CAPACITY EACH G PLUS 8 STOREYED,CPWD EDUCATION,N28000146,WEST BENGAL,03/2020,06/2020,-,193.83,-,.45,0/0
2021-09,ESTABLISHMENT OF CENTRAL ARMED POLICE FORCE INSTITUTE OF MEDICAL SCIENCES(CAPFIMS) AT NEW DELHI,CPWD FOR MHA,N28000071,DELHI,10/2013,10/2019,-,"1,219.21",-,975.90,1/7
2021-09,BUILDING OF THE FORCE HEADQUARTER INCLUDING SECTOR HQR RAF,CPWD FOR MHA,N45000002,DELHI,06/2019,07/2022,10/2022,277.35,290.33,27.25,0/0
2021-09,C/O SEPARATE FAMILY ACCOMMODATION (PHASE-I) WHICH INCLUDES C/O 440 NOS. RESIDENTIAL QTRS. I.E. TYPE-,CPWD FOR MHA,N28000147,HARYANA,01/2020,10/2023,-,166.98,167.00,.00,0/0
2021-09,CONSTRUCTION OF SEPARATE FAMILY ACCOMMODATION (440 NOS.) (PHASE- C/O 336 NOS. TYPE- II QTRS 96,CPWD FOR MHA,N45000001,HARYANA,01/2020,05/2022,-,166.98,-,.29,0/0
2021-09,CONSTRUCTION OF 683 VARIOUS TYPE FAMILY QUARTERS AT GROUP CENTRE CRPF CHANDAULI,CPWD FOR MHA,N45000003,UTTAR PRADESH,05/2019,01/2022,-,199.31,-,27.86,0/0
2021-09,CONSTRUCTION OF ITBP ROAD TO INDO-CHINA BORDER FROM NYU SOBLA SELA TO TEDANG IN THE STATE OF UTTARA,CPWD FOR MHA,N28000101,UTTARAKHAND,12/2008,12/2013,-,114.26,266.00,.00,0/0
2021-09,NSG AT KOLKATA,CPWD FOR MHA,N28000104,WEST BENGAL,10/2014,04/2018,12/2021,162.88,238.00,172.13,5/6
2021-09,CONSTRUCTION OF GRAMEEN VIKAS BHAWAN (2BASEMENTS+ GROUND+9 FLOORS) FOR MINISTRY OF RURAL DEVELOPMENT,CPWD FOR RURAL,N28000132,DELHI,11/2018,07/2021,-,361.60,-,12.44,0/2
2021-09,INDIA INTERNATIONAL CONVENTION AND EXPO CENTRE,IICC FOR DPIIT,N40000002,DELHI,11/2017,12/2019,05/2022,"4,773.00",-,"3,013.69",0/0
2021-09,DELHI MUMBAI INDUSTRIAL CORRIDOR,DMIC FOR DPIIT,N40000001,MULTI STATE,09/2011,09/2019,01/2014,"12,579.09",-,"9,346.57",0/0
2021-09,CONSTRUCTION OF INTERNATIONAL CENTRE FOR PERFORMING ARTS AND CULTURE SHILONG IN MEGALAYA UNDER NLCPR,HSCL FOR DONER,N12000103,MEGHALAYA,04/2014,09/2017,-,151.33,-,149.33,12/15
2021-09,CONSTRUCTION OF ATAL AKSHAY URJA BHAWAN CGO COMPLEX LODHI ROAD NEW DELHI,CPWD R ENERGY,N28000118,DELHI,10/2017,11/2019,-,271.90,-,90.99,0/0
2021-09,CONSTRUCTION OF MAJOR BRIDGE OVER MIDDLE STRAIT CREEK BETWEEN KM. 106.590 TO KM. 107.762 OF NH 223 (,NHIDCL,N24000744,A & N ISLANDS,03/2015,10/2018,01/2022,262.97,-,63.74,1/4
2021-09,2 LANE WITH HARD SHOLDER REHABILITATION AND UP GRADATION OF SECTION FROM KM 242.0 TO KM 298.0 OF N,NHIDCL,N24000745,A & N ISLANDS,03/2017,12/2017,03/2021,409.85,-,135.48,2/4
2021-09,CONSTRUCTION OF MAJOR BRIDGE OVER HUMPHREY STRAIT CREEK BETWEEN KM. 129.420 TO KM. 130.600 OF NH 4 C,NHIDCL,N24000746,A & N ISLANDS,03/2015,04/2017,03/2021,277.17,-,202.59,3/4
2021-09,REHABILITATION AND UP GRADATION OF SECTION FROM KM 107.760 TO KM 129.445 (AFTER MIDDLE STRAIT TO HUM,NHIDCL,N24000748,A & N ISLANDS,02/2018,10/2018,-,391.00,-,77.75,1/4
2021-09,REHABILITATION AND UP GRADATION OF SECTION FROM KM 206.00 TO KM 242.00 (NIMBUTALA TO AUSTIN CREEK) O,NHIDCL,N24000749,A & N ISLANDS,03/2018,10/2018,09/2020,234.27,-,75.22,2/4
2021-09,Rehabilitation and up gradation to 2 lane with paved shoulder configuration from existing km. 122.00,MoRTH,N24000820,A & N ISLANDS,11/2017,11/2019,10/2021,237.80,237.80,148.90,0/0
2021-09,RECONSTRUCTION WITH GEOMETRIC IMPROVEMENT OF EXISTING 2 LANE/INTERMEDIATE LANE TO 2LANE WITH PAVED S,MoRTH,N24000821,A & N ISLANDS,11/2017,11/2019,06/2021,257.34,-,214.90,0/0
2021-09,AJANTHA TO BULDHANA,MoRTH,N24001008,A & N ISLANDS,02/2017,07/2019,-,401.00,401.00,220.93,0/4
2021-09,TIRUPATI - TIRUTHANI - CHENNAI,NHAI,N24000178,ANDHRA PRADESH,04/2011,10/2013,-,571.00,-,582.53,0/0
2021-09,SIX LANNING OF NELLORE-CHILKALURIPET KM.1182.802 TO KM.1366.547,NHAI,N24000183,ANDHRA PRADESH,11/2011,05/2014,-,"1,535.00",-,"3,282.95",0/0
2021-09,REHABILITATION AND UPGRADATION OF EXISTING NH-565 FROM KM.86.057 TO 133.922 OF NAGARJUNASAGAR DAM T,MoRTH,N24000282,ANDHRA PRADESH,01/2014,11/2014,-,195.45,-,.00,0/4
2021-09,REHABILITATION AND UPGRADATION OF NH-219 FROM KM 58-600 TO KM 140-750 IN THE STATE OF ANDHRA PRADES,MoRTH,N24000301,ANDHRA PRADESH,03/2015,10/2015,06/2021,271.45,-,243.29,3/4
2021-09,VIJAYAWADA-GUNDUGOLANU SECTION,NHAI,N24000632,ANDHRA PRADESH,SH,O,02/2017,"1,684.00",-,P,0/0
2021-09,SIX LANNING OF RANASTALAM-ANANDAPURAM SECTION OF NH-16 FROM KM 634.000 TO KM 681.000,NHAI,N24000668,ANDHRA PRADESH,03/2017,03/2020,-,"1,041.62",-,964.73,0/0
2021-09,6-LANING OF EXISTING 2-LANE (I) NANDIGAMA BYPASS FROM KM 220.700 TO KM 226.600 (DESIGN CHAINAGE FROM,NHAI,N24000718,ANDHRA PRADESH,12/2017,-,-,328.67,-,266.63,0/0
2021-09,SIX LANING OF NARASANNAPETA – RANASTALAM SECTION OF NH-16 (OLD NH-5) FROM DESIGN KM 580.671 (EXISTIN,NHAI,N24000719,ANDHRA PRADESH,12/2017,-,-,"1,323.15",-,"1,149.15",0/0
2021-09,CAPACITY AUGMENTATION OF THE EXISTING 4 LANE STRETCH FROM ICHHAPURAM TO NARASANNAPETA IN THE STATE O,NHAI,N24000720,ANDHRA PRADESH,12/2017,-,-,357.00,-,.00,0/0
2021-09,SIX LANING OF ANANDAPURAM PENDURTHI ANAKAPALLI SECTION OF NH-5 NEW NH-16 FROM KM.681.000 EXISTING KM,NHAI,N24000799,ANDHRA PRADESH,02/2018,-,-,"1,959.00",-,"1,311.28",0/0
2021-09,FOUR LANING OF GUNDUGOLANU-DEVARAPALLI- KOVVURU SECTION OF NH-16 FROM KM 15.320 (EXISTING KM 15.700),NHAI,N24000807,ANDHRA PRADESH,03/2018,03/2021,10/2021,"1,532.62",-,927.96,2/4
2021-09,SIX LANING OF NH-140 FROM CHITTOR (DESIGN KM 0.000/EXISTING KM 158.000 OF NH-4) TO MALLAVARAM (DESIG,NHAI,N24000809,ANDHRA PRADESH,03/2018,-,-,"1,550.98",-,"1,628.86",0/0
2021-09,REHABILITATION AND UPGRADATION OF GIDDALUR-VINUKONDA SECTION OF NH-544D FROM DESIGN KM 212.983 (EXIS,NHAI,N24000810,ANDHRA PRADESH,03/2018,-,-,565.09,-,652.72,0/0
2021-09,CONSTRUCTION OF SIX LANING OF DEDICATED PORT ROAD TO KRISHNAPATNAM PORT (PACKAGE- I) KM 0+000 TO KM 1,NHAI,N24000811,ANDHRA PRADESH,03/2018,-,-,314.43,-,85.61,0/0
2021-09,CAPICITY AUGMENTATION OF THE EXISTING 4 LANE STRETCH FROM ICHAPURAM TO NARASANNAPETA FROM KM 470.415,NHAI,N24000812,ANDHRA PRADESH,03/2018,-,-,557.30,-,433.20,0/0
2021-09,FOUR LANING OF 5.122 KM OF NH9(NEW NH 65) FROM KM 269.900(DESIGN CH0.0) TO KM 275/622(DESIGN CH 5.12,MoRTH,N24000928,ANDHRA PRADESH,10/2015,12/2015,-,333.21,-,333.09,3/3
2021-09,REHABILITATION AND UPGRADATION OF NH219(NEW NH42) FROM KM 244.930 TO 299.775 (MADANAPALLI PUNGANURU,MoRTH,N24000929,ANDHRA PRADESH,09/2016,02/2017,07/2021,372.68,309.37,244.96,3/4
2021-09,REHABILITATION AND UPGRADATION OF EXISTING NH-167 FROM KM 14.900 TO KM 70.00 (DESIGN CH.14.900 TO 69,MoRTH,N24000931,ANDHRA PRADESH,11/2016,05/2017,10/2021,290.15,-,140.69,3/4
2021-09,REHABILITATION AND UPGRADATION OF NH-340 FROM KM 0/0 TO KM 60/380 (DESIGN CH. 0/000 TO 60/025 EXCLUD,MoRTH,N24000932,ANDHRA PRADESH,01/2017,08/2017,O,319.28,-,193.20,3/4
2021-09,CONSTRUCTION OF 4-LANE BYPASS TO VIJAYANAGARAM TOWN ON NH43 (NEW NH26) FROM 537/6 TO 552/0 (RAIPUR-V,MoRTH,N24000933,ANDHRA PRADESH,02/2017,11/2017,01/2022,429.43,373.05,321.92,3/4
2021-09,REHABILITATION AND UPGRADATION OF NH326A FROM KM 0/0 TO 41/979 (EXCLUDING KM 2/255 TO 3/372 AND KM 3,MoRTH,N24000934,ANDHRA PRADESH,03/2018,08/2018,12/2021,228.32,202.83,140.06,3/4
2021-09,REHABILITATION AND UPGRADATION OF NEW NH- 544DD FROM DESIGN CHAINAGE KM 56.00 TO 102.20 OF KALYANDURG,MoRTH,N24000937,ANDHRA PRADESH,03/2018,08/2018,11/2021,289.67,274.73,206.00,3/4
2021-09,REHABILITATION AND UPGRADATION OF NEW NH- 544E FROM KM. 0.000 TO KM 56.803 OF KODIKONDA - MADAKASIRA,MoRTH,N24000939,ANDHRA PRADESH,03/2018,11/2018,07/2021,504.19,556.13,468.82,3/4
2021-09,REHABILITATION AND UPGRADATION OF KARNATATKA/AP BORDER-GOOTY SECTION FROM KM 368.920 TO KM 424.225 O,MoRTH,N24000940,ANDHRA PRADESH,03/2016,05/2016,09/2021,995.09,995.00,561.45,3/4
2021-09,REHABILITATION AND UPGRADATION OF NH565 FROM EXISTING KM 361.330(DORNALA T JUNCTION) TO KM 420.800(P,MoRTH,N24000963,ANDHRA PRADESH,01/2018,08/2018,08/2021,418.03,381.75,324.00,3/4
2021-09,CONSTRUCTION OF TIMMAPURAM TO GURJANAPALLE SECTION FROM KM 26.150 TO 41.161 OF NH-214(NH216)(KAKINAD,MoRTH,N24000964,ANDHRA PRADESH,08/2016,01/2017,12/2021,350.61,-,324.60,3/4
2021-09,REHABILITATION AND UPGRADATION OF DHINDI- DIGAMARRU SECTION FROM KM126/510 TO KM135/740 OF NH214(NH21,MoRTH,N24000965,ANDHRA PRADESH,01/2016,05/2016,07/2021,386.09,316.06,214.31,3/4
2021-09,REHABILITATION UPGRADATION OF NH214(NH216) FROM KM41.161 TO KM59.800(GURJANAPALLI TO POLEKURU SECT,MoRTH,N24000966,ANDHRA PRADESH,01/2016,08/2016,12/2021,348.95,-,225.76,2/4
2021-09,REHABILITATION AND UPGRADATION OF LOSARI- MACHAVARAM SECTION FROM KM34/230 TO KM84/550 OF NH214(NH216,MoRTH,N24000967,ANDHRA PRADESH,03/2016,09/2016,08/2021,444.84,-,349.19,3/4
2021-09,REHABILITATION AND UPGRADATION OF MACHILIPATNAM TO AVANIGADDA SECTION FROM KM84/550 - 124/200 OF NH2,MoRTH,N24000968,ANDHRA PRADESH,11/2016,08/2017,12/2021,376.25,-,310.33,3/4
2021-09,CONSTRUCTION OF 2L+PS FROM PASARLAPUDI- DHINDI (105/700 TO 127.500 OF NH-214) OF NH-216,MoRTH,N24000969,ANDHRA PRADESH,01/2017,09/2017,05/2022,263.45,381.75,116.24,1/4
2021-09,REHABILITAITON AND UPGRADATION OF REPALLE TO EEPPURPALEM SECTION FROM KM 128/927 TO KM 195/000 OF NH,MoRTH,N24000970,ANDHRA PRADESH,01/2017,01/2018,04/2022,576.48,596.38,377.59,2/4
2021-09,SIX LANING OF EXISTING 4-LANE ROAD FROM GUNDUGOLANU (DESIGN KM 1023.280) TO KALAPARRU (DESIGN KM 105,NHAI,N24001298,ANDHRA PRADESH,09/2018,01/2020,-,597.67,-,189.54,0/0
2021-09,SIX LANING OF EXISTING 4-LANE ROAD FROM KALAPARRU (DESIGN KM 1050.680) TO CHINNA AVUTUPALLI (DESIGN,NHAI,N24001299,ANDHRA PRADESH,SH,O,02/2019,617.41,-,P,0/0
2021-09,6-LANING OF VIJAYAWADA BYPASS FROM CHINNA AVUTUPALLI (DESIGN CH.0+000) TO GOLLAPUDI (DESIGN CH. 30+0,NHAI,N24001300,ANDHRA PRADESH,11/2019,02/2021,-,"1,226.88",-,173.67,0/0
2021-09,6-LANING OF VIJAYAWADA BYPASS FROM GOLLAPUDI (DESIGN CH. 30+000) TO CHINNAKAKANI (DESIGN CH. 47+881),NHAI,N24001301,ANDHRA PRADESH,11/2019,02/2021,-,"1,601.10",-,10.51,0/0
2021-09,REHABILITATION AND UP GRADATION OF NH-544E FROM KM 56/803 TO KM 99/179 OF MADAKASIRA TO SIRA SECTION,MoRTH,N24001384,ANDHRA PRADESH,03/2020,03/2021,-,207.79,-,92.58,2/4
2021-09,WIDENING AND STRENGTHENING TO TWO LANE WITH PAVED SHOULDERS FROM KM 491/000 TO KM 525/200 OF RAIPUR,MoRTH,N24001385,ANDHRA PRADESH,06/2020,05/2021,-,221.40,-,12.65,0/4
2021-09,REHABILITATION AND UPGRADATION TO 2-LANE WITH PAVED SHOULDERS CONFIGURATION OF PADERU-GONDIGUDA SECT,MoRTH,N24001386,ANDHRA PRADESH,08/2020,03/2021,-,222.61,-,2.90,0/4
2021-09,2 LANING FROM LONGDING TO KANUBARI OF NH- 52B FROM KM 0 TO KM 47.213 IN ARUNACHAL PRADESH,NHIDCL,N24000327,ARUNACHAL PRADESH,03/2015,06/2018,-,394.00,-,390.07,3/3
2021-09,CONSTRUCTION OF 2-LANE ROAD FROM EXISTING KM 21.500 OF HUNLI-ANINI ROAD( NEAR ITHUN BRIDGE) TO KM 37,NHIDCL,N24000616,ARUNACHAL PRADESH,04/2016,-,01/2021,245.79,-,204.42,3/4
2021-09,TWO LANING OF AKAJAN LIKABALI BAME ROAD ON EPC BASIS FROM EXISTING KM 71.000 TO KM 99.000 (DESIGN KM,NHIDCL,N24000678,ARUNACHAL PRADESH,03/2017,04/2017,03/2021,284.09,284.09,161.67,2/4
2021-09,TWO LANING OF EXISTING HAYULIANG HAWAI ROAD ON EPC BASIS FROM DESIGN KM. 17.000 (KHUPA) TO KM. 34.00,NHIDCL,N24000679,ARUNACHAL PRADESH,02/2017,04/2017,-,195.23,-,138.39,2/4
2021-09,TWO LANING OF EXISTING HAYULIANG HAWAI ROAD ON EPC BASIS FROM DESIGN KM. 34.000 TO KM. 51.825,NHIDCL,EXIST - [N24000680,ARUNACHAL PRADESH,02/2017,04/2017,-,203.36,-,147.31,2/4
2021-09,TWO LANING OF JORAM KOLORIANG ROAD (NH 713) ON EPC BASIS FROM DESIGN KM. 138+000 TO KM. 154+036,NHIDCL,EX - [N24000683,ARUNACHAL PRADESH,02/2017,04/2017,-,180.57,-,61.40,1/4
2021-09,TWO LANING OF EXISTING KHUPA HAYULIANG HAWAI ROAD ON EPC BASIS FROM DESIGN KM. 0.000 (KHUPA) TO KM.,NHIDCL,N24000690,ARUNACHAL PRADESH,01/2017,04/2017,-,198.22,-,147.48,3/4
2021-09,FOUR LANE CONNECTIVITY TO VISAKHAPATNAM PORT ROAD FROM KM. 0.000 TO KM.12.700 (DESIGN LENGTH=12.70 K,NHAI,N24000808,ARUNACHAL PRADESH,03/2018,-,O,392.60,-,.00,0/0
2021-09,CONSTRUCTION OF 2 LANING OF EXISTING HUNLI- ANINI ROAD ON EPC BASIS FROM DESIGN KM 106.200 TO KM 120.,NHIDCL,N24000944,ARUNACHAL PRADESH,12/2016,-,08/2021,200.44,-,125.91,3/4
2021-09,CONSTRUCTION OF 2-LANE ROAD WITH PAVED SHOULDERS FROM KM16.00 OF ROING-HUNLI SECTION TO KM 21.500 OF,NHIDCL,N24000946,ARUNACHAL PRADESH,03/2017,-,06/2022,"1,718.59",-,519.92,2/4
2021-09,CONSTRUCTION OF 2 LANING OF EXISTING HUNLI- ANINI ROAD ON EPC BASIS FROM DESIGN KM 53.500 TO KM 92.50,NHIDCL,N24000948,ARUNACHAL PRADESH,09/2016,-,11/2021,568.92,-,310.07,0/0
2021-09,CONSTRUCTION OF 2 LANING OF EXISTING HUNLI- ANINI ROAD ON EPC BASIS FROM DESIGN KM 92.500 TO KM 106.5,NHIDCL,N24000949,ARUNACHAL PRADESH,12/2016,-,03/2021,188.78,-,104.07,3/4
2021-09,TWO-LANING OF JORAM – KOLORIANG ROAD (NH- 713) FROM DESIGN KM. 20+000 TO KM. 32+050,NHIDCL,EXISTING KM 20.0 - [N24000972,ARUNACHAL PRADESH,02/2017,-,04/2022,175.06,-,89.16,3/4
2021-09,TWO-LANING OF JORAM – KOLORIANG ROAD (NH- 713) FROM DESIGN KM. 32+050 TO KM. 44+000,NHIDCL,EXISTING KM 35.1 - [N24000973,ARUNACHAL PRADESH,02/2017,-,04/2022,176.12,-,74.79,2/4
2021-09,2-LANING OF EXISTING AKAJAN LIKABALI BAME ROAD ON EPC BASIS FROM DESIGN KM. 12.000 TO KM. 33.000 (EX,NHIDCL,N24000976,ARUNACHAL PRADESH,10/2015,-,-,210.50,-,145.07,4/4
2021-09,WIDENING OF EXISTING ROAD TO 2 LANE NH STANDARDS ALONG WITH IMPROVEMENT AND REALIGNMENT FROM NECHIPU,MoRTH,N24001194,ARUNACHAL PRADESH,09/2011,-,03/2020,"1,979.00",-,"1,242.64",0/0
2021-09,4 LANING OF NH 415 FROM DESIGN CHAINAGE 29/500 TO 40/400 (ITANAGAR TO BANDARDEWA SECTION) IN THE ST,MoRTH,N24001195,ARUNACHAL PRADESH,11/2016,-,-,243.89,-,210.90,0/0
2021-09,CONSTRUCTION OF 2-LANING WITH HARD SHOULDERS OF ARROWA-KHUPA-HAYULIANG SECTION OF NH-113 FROM CH.68.,NHIDCL,N24001244,ARUNACHAL PRADESH,08/2020,04/2022,-,301.06,-,25.63,0/4
2021-09,CONSTRUCTION OF 2-LANING WITH HARD SHOULDERS OF DEMWE-BRAHMAKUND SECTION OF NH-13 FROM CH.0.00 KM TO,NHIDCL,N24001245,ARUNACHAL PRADESH,09/2020,05/2022,-,353.90,-,18.36,0/4
2021-09,CONSTRUCTION OF 2 LANE ROAD OF POTIN TO PANGIN SECTION OF NH 13 FROM KM 0.00 TO KM 44.35 (PACKAGE 1),MoRTH,N24001289,ARUNACHAL PRADESH,03/2019,02/2020,-,403.68,-,63.69,0/0
2021-09,CONSTRUCTION OF 2 LANE ROAD OF POTIN TO PANGIN SECTION OF NH 13 FROM KM 44.35 TO KM 77.95 (PACKAGE 2,MoRTH,N24001290,ARUNACHAL PRADESH,03/2019,02/2020,-,342.55,-,144.45,0/0
2021-09,CONSTRUCTION OF 2 LANE ROAD OF POTIN TO PANGIN SECTION OF NH 13 FROM KM 77.95 TO KM 117.56 (PACKAGE,MoRTH,N24001291,ARUNACHAL PRADESH,03/2019,11/2020,O,421.48,-,50.14,0/0
2021-09,CONSTRUCTION OF 2 LANE ROAD OF POTIN TO PANGIN SECTION OF NH 13 FROM KM 117.56 TO KM 163.59 (PACKAGE,MoRTH,N24001292,ARUNACHAL PRADESH,03/2019,11/2020,-,543.05,-,119.81,0/0
2021-09,CONSTRUCTION OF 2 LANE ROAD OF POTIN TO PANGIN SECTION OF NH 13 FROM KM 206.66 TO KM 247.05 (PACKAGE,MoRTH,N24001293,ARUNACHAL PRADESH,03/2019,10/2020,-,486.70,-,75.26,0/0
2021-09,CONSTRUCTION OF 2 LANE ROAD OF POTIN TO PANGIN SECTION OF NH 13 FROM KM 247.05 TO KM 284.92 (PACKAGE,MoRTH,N24001294,ARUNACHAL PRADESH,03/2019,02/2020,-,560.39,-,148.75,0/0
2021-09,CONSTRUCTION OF 2 LANE ROAD OF POTIN TO PANGIN SECTION OF NH 13 FROM KM 284.92 TO KM 314.25 (PACKAGE,MoRTH,N24001295,ARUNACHAL PRADESH,03/2019,09/2020,-,347.78,-,93.70,0/0
2021-09,CONSTRUCTION OF 2 LANE ROAD OF POTIN TO PANGIN SECTION OF NH 13 FROM KM 314.25 TO KM 351.383 (PACKAG,MoRTH,N24001296,ARUNACHAL PRADESH,03/2019,10/2020,-,394.27,-,15.49,0/0
2021-09,CONSTRUCTION OF 2 LANE ROAD OF POTIN TO PANGIN SECTION OF NH 13 FROM KM 163.59 TO KM 206.66 (PACKAGE,MoRTH,N24001297,ARUNACHAL PRADESH,03/2019,11/2020,-,450.65,-,37.16,0/0
2021-09,TADADEGE - HENKAR,NHIDCL,N24001315,ARUNACHAL PRADESH,02/2021,03/2023,-,550.45,-,13.03,0/4
2021-09,LADDA - BASAI,NHIDCL,N24001316,ARUNACHAL PRADESH,02/2021,04/2023,-,445.96,-,.00,0/4
2021-09,DOGINALA - GAU,NHIDCL,N24001320,ARUNACHAL PRADESH,12/2020,09/2022,-,242.30,-,.00,0/4
2021-09,DEMBUEN - BRUNI,NHIDCL,N24001321,ARUNACHAL PRADESH,12/2020,03/2023,-,606.63,-,.00,0/4
2021-09,BALANCE WORK 2-LANING OF LALPUL MANMAO CHANGLANG ROAD (NH-215) ON EPC MODE IN THE STATE OF ARUNACH,MoRTH,N24001372,ARUNACHAL PRADESH,02/2021,03/2024,-,588.09,-,72.22,0/0
2021-09,BALANCE WORK OF 2-LANING OF LONGDING– TISSA- KHONSA ROAD (NH-215) ON EPC MODE IN THE STATE OF ARUNAC,MoRTH,N24001373,ARUNACHAL PRADESH,01/2020,02/2024,-,358.26,-,.52,0/0
2021-09,4-LANING OF ITANAGAR TO BANDARDEWA SECTION OF NH-415 FROM KM 51+700 TO KM 59+199 (PACKAGE-C) ON EPC,MoRTH,N24001374,ARUNACHAL PRADESH,06/2020,08/2021,-,437.60,-,.00,0/0
2021-09,4 LANING OF ITANAGAR TO BANDARDEWA SECTION OF NH-415 FROM KM 40+430 TO KM 51+735 (PACKAGE B) ON EPC,MoRTH,N24001375,ARUNACHAL PRADESH,06/2020,08/2021,-,496.47,-,.00,0/0
2021-09,WIDENING OF EXISTING ROAD TO 2 LANE WITH PAVED SHOULDER FROM HUKANJURI TO KHONSA SECTION OF NH-315A,MoRTH,N24001376,ARUNACHAL PRADESH,03/2021,09/2021,-,182.55,-,.00,0/0
2021-09,JORAM – KOLORIANG ROAD FROM EXISTING KM 50.050 TO KM 70.00 (PKG-3),NHIDCL,N24001390,ARUNACHAL PRADESH,SH,O,04/2022,228.71,-,P,0/4
2021-09,JORAM – KOLORIANG ROAD FROM EXISTING KM 70.00 TO KM 88.700 (PKG-4),NHIDCL,N24001391,ARUNACHAL PRADESH,08/2020,04/2022,-,294.04,-,.00,0/4
2021-09,JORAM – KOLORIANG ROAD FROM EXISTING KM104.850 TO KM 122.60 (PKG-6),NHIDCL,N24001392,ARUNACHAL PRADESH,08/2020,04/2022,-,199.03,-,.00,0/4
2021-09,JORAM – KOLORIANG ROAD FROM EXISTING KM122.600 TO KM138.00 (PKG-7),NHIDCL,N24001393,ARUNACHAL PRADESH,08/2020,04/2022,-,184.88,-,.00,0/4
2021-09,HARANGAJO TO MAIBANG (AS-23) KM.126.450 TO KM.140.700,NHAI,240106277,ASSAM,12/2003,02/2009,-,280.00,-,612.58,0/0
2021-09,MAIBANG TO LUMDING (AS-25) KM.83.400 TO KM.111.000,NHAI,240106278,ASSAM,12/2003,04/2009,-,199.81,-,.00,0/0
2021-09,MAIBANG TO LUMDING (AS-26) KM.60.500 TO KM.83.400 NH-54,NHAI,240106279,ASSAM,12/2003,11/2008,-,167.64,-,.00,0/0
2021-09,MAIBANG TO LUMDING (AS-24) KM.111.000 TO KM.126.450,NHAI,240106280,ASSAM,12/2003,11/2008,-,155.04,-,.00,0/0
2021-09,HARANGAJO TO MAIBANG NH-54,NHAI,N24000062,ASSAM,12/2003,07/2009,-,196.00,-,655.17,0/0
2021-09,FOUR LANING OF NUMALIGARH TO JORHAT SECTION FROM KM. 402.500 TO KM. 453.000 (DESIGN KM 403.200 TO KM,NHIDCL,N24000305,ASSAM,05/2015,05/2018,-,454.89,-,337.68,3/4
2021-09,4 LANING OF JORHAT TO JHANJI SECTION FROM KM. 453.00 TO KM. 491.08 (DESIGN KM 403.200 TO KM 454.240),NHIDCL,N24000319,ASSAM,06/2015,06/2018,-,437.39,-,105.09,1/4
2021-09,FOUR LANING OF JHANJHI JN TO DEMOW SECTION FROM KM. 491.050 TO KM. 535.250(DESIGN KM 490.800 TO KM 5,NHIDCL,N24000320,ASSAM,06/2015,06/2018,-,463.49,-,159.34,2/4
2021-09,FOUR LANING FROM GOHPUR TO HOLONGI SECTION FROM KM 264.10 OF NH 52 TO KM 20.37 OF NH 52A,NHIDCL,N24000322,ASSAM,03/2015,11/2018,-,168.39,-,145.72,4/4
2021-09,4 LANING FROM KALIABOR TINALI TO DOLABARI SECTION FROM KM 0.0 TO KM 17.3 OF NH 37A INCL. ADDITIONAL,NHIDCL,N24000323,ASSAM,10/2014,11/2018,-,588.95,-,496.42,3/4
2021-09,2 LANING FROM KANUBARI TO START OF BOGIBEEL BRIDGE APPROACHES OF NH-52B(EXTN) IN ASSAM,MoRTH,N24000392,ASSAM,11/2010,05/2017,05/2022,268.08,-,326.56,0/0
2021-09,4 LANING FROM JAMUGURI TO BISWANATH CHARIALI FROM KM 182 TO KM 208 OF NH-52,NHIDCL,N24000431,ASSAM,01/1991,-,-,520.01,-,196.61,2/4
2021-09,4 LANING FROM RANGAGARA TO KALIABHOR TINALI FROM KM 297.00 TO KM 315.315 OF NH-37 ON EPC BASIS.,NHIDCL,N24000438,ASSAM,12/2015,12/2018,-,289.99,-,92.37,1/4
2021-09,4 LANING OF NH-37 SECTION BETWEEN DEMOW TO END OF MORAN BYPASS (FROM KM. 534.800 TO KM. 561.700) O,NHIDCL,N24000582,ASSAM,01/2016,01/2016,-,294.17,-,210.60,2/4
2021-09,4 LANING OF NH 37 SECTION BETWEEN END OF MORAN BYPASS TO BOGIBEEL JUNCTION NEAR LAPETKETA (KM. 561,NHIDCL,N24000583,ASSAM,01/2016,01/2016,-,252.00,-,136.09,2/4
2021-09,FOUR LANING OF NH-52 FROM END OF BISWANATH CHARIALI BY-PASS (KM 208.00) TO GOHPUR (KM 265.50) (TOTAL,NHIDCL,N24000823,ASSAM,SH,O,01/2016,829.00,-,P,2/3
2021-09,FOUR LANING OF BALACHERA-HARANGAJAO SECTION OF NH-54 (EXT) FROM KM 275.00 TO KM 244.000 IN THE STATE,NHIDCL,N24000902,ASSAM,10/2017,-,-,818.00,-,336.39,1/4
2021-09,STRENGTHENING WITH PAVED SHOULDER FROM KM 30/0 TO KM 46/0 KM 54/0 TO KM 61/0 KM 69/0 TO KM 80/0 AN,MoRTH,N24001152,ASSAM,09/2018,09/2021,-,160.00,-,124.58,0/0
2021-09,OUR LANNNING OF DOLABARI TO JAMUGURI SECTION FROM KM 17.300 OF NH 37A TO KM 182.00 OF NH52 IN THE ST,NHIDCL,N24001196,ASSAM,03/2017,-,-,"1,049.51",-,143.02,2/4
2021-09,"BALANCE WORK FOR ""IMPROVEMENT OF EXISTING SINGLE INTERMEDIATE LANE ROAD OF NH-44 TO BE 2-LANE ROAD W",MoRTH,N24001243,ASSAM,03/2020,12/2020,12/2022,166.94,-,32.27,0/0
2021-09,4-LANING OF HAPACHARA - TULUNGIA SECTION,NHIDCL,N24001246,ASSAM,03/2020,12/2022,-,220.20,-,17.70,1/4
2021-09,WIDENING/IMPROVEMENT TO 4-LANE WITH PAVED SHOULDER FROM CH.75.330KM TO CH.88.00KM (DESIGN CH.71.800,NHIDCL,N24001248,ASSAM,08/2020,04/2022,-,208.84,-,16.97,1/4
2021-09,WIDENING/IMPROVEMENT TO 4-LANE WITH PAVED SHOULDER FROM KM 66.00 TO KM 81.00 (DESIGN CHAINAGE 65.923,NHIDCL,N24001250,ASSAM,08/2020,03/2022,-,278.46,-,34.54,1/4
2021-09,2-LANING OF CHURACHANDPUR TUIVAI SECTION OF NH-102B (PKG- IB),NHIDCL,N24001269,ASSAM,03/2020,03/2022,-,216.49,-,34.50,1/4
2021-09,4-L DHUBRI PHULBARI BRIDGE WITH APPROACH ROAD,NHIDCL,N24001326,ASSAM,11/2020,09/2028,-,"4,997.04",-,23.42,0/4
2021-09,JIA BHARALI BRIDGE ALONG WITH ITS APPROACH ROAD,NHIDCL,N24001328,ASSAM,12/2020,08/2023,-,804.00,-,3.23,0/4
2021-09,2-LANING FROM YAINGANGPOKPI TO FINCH CORNER (PKG-I),NHIDCL,N24001331,ASSAM,03/2020,06/2022,-,261.13,-,23.56,0/4
2021-09,2-LANING FROM YAINGANGPOKPI TO FINCH CORNER (PKG-II),NHIDCL,N24001332,ASSAM,03/2020,06/2022,-,217.50,-,34.17,0/4
2021-09,TWO- LANE WITH PAVED SHOULDER CONFIGURATION OF IMPHAL - MOREH SECTION OF NH-39 FROM KM 330 TO KM 350,NHIDCL,N24001333,ASSAM,09/2019,05/2023,-,761.54,-,95.03,1/4
2021-09,DABOKA KATHKATI PACKAGE-2,NHIDCL,N24001364,ASSAM,03/2021,01/2024,-,335.88,-,.00,0/4
2021-09,DABOKA KATHKATI PACKAGE-4,NHIDCL,N24001365,ASSAM,02/2021,12/2023,-,260.07,-,.00,0/4
2021-09,DABOKA KATHKATI PACKAGE-5,NHIDCL,N24001366,ASSAM,03/2021,01/2023,-,288.85,-,.00,0/4
2021-09,TULUNGIA-JOGIGHOPA-PAIKAN PKG-5,NHIDCL,N24001367,ASSAM,03/2021,12/2022,-,636.42,-,.00,0/4
2021-09,TULUNGIA-JOGIGHOPA-PAIKAN ROAD PKG-7,NHIDCL,N24001368,ASSAM,03/2021,01/2024,-,286.72,-,.00,0/4
2021-09,CONSTRUCTION OF 2-LANE MAJOR BRIDGE INCLUDING APPROACHESOVER BRAHMAPUTRA BETWEEN MAJULI ON NORTH BAN,MoRTH,N24001408,ASSAM,02/2021,07/2025,-,925.47,-,.00,0/0
2021-09,PATNA-MUZZAFFARPUR,NHAI,N24000165,BIHAR,08/2010,02/2013,-,671.30,-,.00,3/4
2021-09,PATNA-BAKTZARPUR KM.181.3 TO KM.231.95,NHAI,N24000185,BIHAR,09/2011,03/2014,-,574.00,-,768.92,0/0
2021-09,2-LANNING WITH PS MOTIHARI-RAXAUL,NHAI,N24000186,BIHAR,10/2011,04/2014,-,375.09,-,494.33,0/0
2021-09,4-LANNING OF CHAPRA-HAJIPUR,NHAI,N24000187,BIHAR,01/2011,07/2013,12/2021,575.00,-,501.83,2/3
2021-09,2 LANNING OF MUZAFFARPUR - SONBARSA,NHAI,N24000188,BIHAR,05/2011,11/2013,-,511.54,-,578.00,0/0
2021-09,REHABILITATION AND UPGRADING TO 2 LANES/2 LANE WITH PAVED SHOULDERS CONFIGURATION OF BIRPUR - BIHPUR,MoRTH,N24000382,BIHAR,01/1991,-,-,675.00,780.77,364.81,0/0
2021-09,FOUR LANING OF PATNA TO KOILWAR,NHAI,N24000473,BIHAR,08/2015,-,-,556.07,-,.00,0/0
2021-09,FOUR OF SIMARIA - KHAGARIA SECTION OF NH-31,NHAI,N24000480,BIHAR,12/2015,04/2019,-,"1,041.10",-,398.94,0/0
2021-09,FOUR LANING OF KOILWAR TO BHOJPUR,NHAI,N24000482,BIHAR,08/2015,-,-,814.04,-,799.07,2/4
2021-09,FOUR LANING OF FORBESGANJ - JOGBANI,NHAI,N24000501,BIHAR,08/2015,04/2018,-,322.09,247.00,.00,0/0
2021-09,FOUR LANING OF BHOJPUR TO BUXAR,NHAI,N24000506,BIHAR,01/1991,-,-,642.41,-,503.71,1/4
2021-09,FOUR LANING OF BAKHTIYARPUR - MOKAMA SECTION OF NH-31,NHAI,N24000507,BIHAR,12/2015,-,-,"1,167.45",-,269.25,0/0
2021-09,TWO LANING WITH PS OF CHHAPRA -GOPALGANJ,NHAI,N24000521,BIHAR,08/2015,-,-,854.80,-,"1,021.63",3/4
2021-09,TWO LANING WITH PS OF CHHAPRA -REWAGHAT - MUZAFFARPUR,NHAI,N24000522,BIHAR,08/2015,04/2018,-,516.13,-,643.77,4/4
2021-09,REHABILITATION AND UPGRADING TO 2 LANES/2 LANE WITH PAVED SHOULDERS (KM 40 TO KM 219.945) OF NH-104,MoRTH,N24000531,BIHAR,01/1991,-,-,319.68,-,301.91,0/0
2021-09,ENGINEERING PROCUREMENT AND CONSTRUCTION OF REHABILITATION AND UPGRADING TO 2-LANES/2 -LANE WITH P,MoRTH,N24000574,BIHAR,11/2013,07/2016,-,683.83,683.82,691.29,0/0
2021-09,ENGINEERING PROCUREMENT AND CONSTRUCTION OF REHABILITATION AND UPGRADING TO 2-LANES/2 -LANE WITH P,MoRTH,N24000576,BIHAR,02/2016,05/2016,-,178.85,-,140.55,0/0
2021-09,ENGINEERING PROCUREMENT AND CONSTRUCTION OF REHABILITATION AND UPGRADING TO 2-LANES/2 -LANE WITH P,MoRTH,N24000578,BIHAR,02/2016,05/2016,-,553.30,-,524.36,0/0
2021-09,FOUR LANING OF GAYA-HISUA-RAJGIRI-NALANDA- BIHARSHARIF SECTION (KM0.00 TO 92.935) ON NH- 82 IN BIHAR,MoRTH,N24000579,BIHAR,01/2014,10/2016,-,"1,408.85","2,138.16","1,177.56",0/0
2021-09,BALANCE WORK OF 4 LANING OF GORAKPUR - GOPALGANJ,NHAI,N24000590,BIHAR,05/2015,05/2017,-,581.84,-,.00,0/0
2021-09,REHABILIATION OFF 4-LANE L5.575 KM LAONG 4-LANE MG SETU OVER GANGA RIVER ON NH-19 FROM KM 212.72 TO KM,MoRTH,N24000610,BIHAR,S08/H2016,O12/2016,-,"1,742.01",-,"P1,701.79",0/0
2021-09,TWO-LANNING WITH PAVED SHOULDER OF MAHSHKUNT-SAHARSA-PURNEA SECTION FROM EXISTING KM.89.020 (DESIGN,NHAI,N24000665,BIHAR,03/2017,03/2020,-,672.89,-,75.90,0/0
2021-09,CONSTRUCTION OF ROAD APPROACHES TO RAIL- CUM-ROAD BRIDGE ACROSS RIVER GANGA AT MUNGER GHAT NEAR MUNGE,NHAI,N24000666,BIHAR,03/2017,03/2020,-,235.48,-,11.00,0/0
2021-09,SIX LANNING OF AUNTA-SIMARIA(GANGA BRIDGE WITH APPROACH ROADS) SECTION OF NH-31,NHAI,N24000696,BIHAR,08/2017,08/2017,-,950.64,-,311.03,0/0
2021-09,CONSTRUCTION OF NEW LINK (NH-133B) FROM KM 0/00 (KM 200/87 OF SAHIBANJ BYPASS) IN JHARKHAND TO KM 15,NHAI,N24000714,BIHAR,12/2017,-,01/2021,"2,598.00","1,962.50",235.00,0/0
2021-09,REHABILITATION AND UPGRADATION OF TWO LANING OF MAHESHKHUNT - SAHARSA - PURNEA SECTION PKG - I,NHAI,N24000723,BIHAR,01/2018,-,-,573.70,-,82.47,0/0
2021-09,SIX LANING OF AURANGABAD TO BIHAR - JHARKHAND BORDER (CHORDAHA) SECTION,NHAI,N24000724,BIHAR,01/2018,-,-,895.39,-,.00,0/0
2021-09,DEVELOPMENT OF NEWLY DECLARED NH-527C FROM MAJHAULI TO CHAROUT SECTION TO 2 LANE WITH PAVED SHOULDER,NHAI,N24000813,BIHAR,03/2018,-,-,496.20,-,58.32,0/0
2021-09,CONSTRUCTION OF A NEW 4 LANE MAJOR BRIDGE ACROSS RIVER KOSI AT PHULAUT INCLUDING RHABILITATION AND,MoRTH,N24000943,BIHAR,09/2018,-,-,"1,478.40",-,79.17,0/0
2021-09,STRENGTHENING AND WIDENING TO 2 LANE WITH PAVED SHOULDER FROM KM 103.865 TO 142.050 (GAYA-GOH) OF NH,MoRTH,N24001000,BIHAR,03/2018,-,-,153.24,-,82.98,0/0
2021-09,CONSTRUCTION OF A NEW 4 LANE BRIDGE PARALLEL TO EXISTING MG SETU WITH ITS APPROACHES FROM KM 0.00,MoRTH,N24001201,BIHAR,02/2019,-,-,"2,926.42",-,218.52,0/0
2021-09,BALANCE WORK OF 4- LANING OF PATNA-GAYA- DOBHI SECTION (KM. 0.00 TO KM. 127.217) OF NH-83 IN THE STAT,NHAI,N24001303,BIHAR,10/2013,12/2020,-,649.90,-,44.00,0/0
2021-09,BALANCE WORK OF 4- LANING OF PATNA-GAYA- DOBHI SECTION (KM. 39.00 TO KM. 83.00) OF NH-83 IN THE STATE,NHAI,N24001304,BIHAR,10/2013,11/2020,-,446.97,-,.00,0/0
2021-09,BALANCE WORK OF 4- L ANING OF PATNA-GAYA- DOBHI SECTION (KM.83.00 TO KM. 127.217) OF NH-83 IN THE STA,NHAI,N24001305,BIHAR,10/2013,11/2020,-,464.09,-,.00,0/0
2021-09,CONSTRUCTION OF 2 LANE BRIDGE ACROSS RIVER KOSI WITH APPROACH ROAD FROM BHEJA TO BAKAUR SECTION OF N,NHAI,N24001371,BIHAR,10/2019,02/2020,-,"1,101.99",-,181.13,0/4
2021-09,REHABILITATION AND UP GRADATION OF NH-12A FROM KM191.422-KM 242.300 CHILPI- KAWARDHA SECTION.,MoRTH,N24000281,CHHATISGARH,12/2015,-,10/2021,291.05,-,234.76,0/0
2021-09,FOUR LANING OF SIMGA - SARAGAON,NHAI,N24000495,CHHATISGARH,12/2015,05/2018,-,596.67,-,439.27,0/0
2021-09,FOUR LANING OF SARAGAON - BILASPUR,NHAI,N24000502,CHHATISGARH,SH,O,04/2018,509.13,-,P,0/0
2021-09,FOUR / SIX LANING OF RAIPUR - SIMGA ( PKG-1),NHAI,N24000510,CHHATISGARH,12/2015,04/2018,-,726.67,"1,096.52",518.73,0/0
2021-09,4-LANE WITH PAVED SHOULDER CONFIGURATION OF BILASPUR-PATHRAPALI (KM.0+000 TO KM. 53+300) SECTION OF,NHAI,N24000814,CHHATISGARH,03/2018,-,-,"1,029.96",-,402.95,0/0
2021-09,REHABILITATION AND UPGRADATION OF NH 43 KANKER TO BEDMA SECTION KM. 130 TO 180,MoRTH,N24001217,CHHATISGARH,01/2016,08/2016,06/2022,497.14,572.66,284.26,0/0
2021-09,REHABILITATION AND UPGRADATION OF NH 111 FROM KM 163.400 TO 215.800 SHIVNAGAR TO AMBIKAPUR SECTION,MoRTH,N24001218,CHHATISGARH,11/2015,06/2017,12/2021,335.32,-,275.68,0/0
2021-09,REHABILITATION AND UPGRADATION OF NH 200 FROM KM 178.944 TO 241.553 BANARI VILLAGE TO MASANIA KALA V,MoRTH,N24001219,CHHATISGARH,01/2016,09/2016,12/2021,476.20,543.73,400.53,0/0
2021-09,REHABILITATION AND UPGRADATION OF NH 78 FROM KM 373.505 TO 469.300 AMBIKAPUR TO PATHALGAON SECTION,MoRTH,N24001221,CHHATISGARH,01/2016,10/2016,12/2021,624.98,731.50,465.92,0/0
2021-09,REHABILITATION AND UPGRADATION OF NH 78 FROM KM 469.000 TO 531.000 PATTHALGAON TO KUNKURI,MoRTH,N24001222,CHHATISGARH,03/2016,07/2016,12/2022,452.94,435.61,112.79,0/0
2021-09,REHABILITATION AND UPGRADATION OF NH 78 FROM KM 531.250 TO KM 597.946 KUNKURI TO CG JH BORDER SECTIO,MoRTH,N24001224,CHHATISGARH,03/2017,01/2018,12/2021,423.79,-,295.31,0/0
2021-09,REHABILITATION AND UPGRADATION OF NH 216 FROM KM 3.800 TO 90.460 RAIGARH TO SARAIPALLI SECTION,MoRTH,N24001226,CHHATISGARH,12/2014,03/2015,03/2022,496.02,-,250.97,0/0
2021-09,UPGRADATION AND WIDENING OF BILASPUR TO MUNGELI SECTION NH-130A,MoRTH,N24001228,CHHATISGARH,11/2017,05/2019,12/2021,188.80,-,90.41,0/0
2021-09,UPGRADATION AND WIDENING OF MP BORDER TO SURAJPUR SECTION NH 43 FROM KM. 245 TO 331,MoRTH,N24001229,CHHATISGARH,12/2014,11/2017,11/2021,379.16,-,322.96,0/0
2021-09,CONSTRUCTION OF MARGOA WESTERN BYPASS FOR NH-17 (NEW NH-66 ) FROM KM. 26 /200 ( CHAINAGE 00/00) TO K,MoRTH,N24000257,GOA,03/2015,-,-,298.33,-,325.55,0/4
2021-09,CONST. OF MISSING LINK BETWEEN KM. 11/680 TO KM. 14/020 AND WIDENING OF EXISTING TWO LANE ROAD,MoRTH,N24000258,GOA,03/2015,-,-,184.05,-,118.37,2/4
2021-09,CONST. OF CANACONA BYPASS FROM KM.68/00 (CH.00/00) TO KM. 85/740 (CH. 7/740 ON PANAJI - MANGALORE SE,MoRTH,N24000259,GOA,03/2015,-,-,280.16,-,244.36,3/4
2021-09,CONSTRUCTION OF BRIDGE INCLUDING APPROACHES ACROSS RIVER ZUARI ON NH-17 (NH- 66) ON PANJIM-MANGALORE,MoRTH,N24000444,GOA,10/2015,-,-,936.40,-,520.09,0/0
2021-09,WIDENING TO 4/6 LANES OF EXISTING NH-17 FROM KM 531/934 (AFTER ZUARI BR.) TO KM 536/250 JN. WITH VER,MoRTH,N24000514,GOA,12/2015,-,-,773.98,-,394.63,0/0
2021-09,WIDENING TO 4/6/8 LANES OF EXISTING NH-17 FROM KM 522/615 (NEAR GMC) TO KM 530/850 JOINING NEW ZUIAR,MoRTH,N24000516,GOA,SH,O,-,819.95,-,P,0/0
2021-09,PATRADEVI TO KARASWADA 4L,MoRTH,N24001004,GOA,03/2017,05/2020,-,634.32,-,292.34,1/4
2021-09,KARASWADA TO BAMBOLIM,MoRTH,N24001005,GOA,03/2017,12/2019,-,852.67,-,190.09,1/4
2021-09,GUJARAT/MAHARASHTRA BORDERSURAT-HAZIRA PORT SECTION,NHAI,N24000125,GUJARAT,03/2010,09/2012,-,"1,509.10",-,"3,684.44",2/3
2021-09,KANDLA - MUNDRA PORT,NHAI,N24000175,GUJARAT,01/2011,07/2013,-,953.88,-,.00,0/0
2021-09,AHMEDABAD TO VADODARA SECTION,NHAI,N24000222,GUJARAT,01/2013,12/2015,-,"2,125.24",-,"4,669.71",3/3
2021-09,FOUR LANING OF BHAVNAGAR-TALAJA SECTION OF NH-8E FROM KM. 7.090 TO KM. 53.585 (DESIGN CH FROM KM. 6.,NHAI,N24000567,GUJARAT,05/2016,-,-,998.18,-,737.67,2/2
2021-09,FOUR LANING OF TALAJA – MAHUVA SECTION OF NH – 8E FROM KM. 53.585 TO KM. 100.100 (DESIGN CHAINAGE FR,NHAI,N24000568,GUJARAT,05/2016,-,-,834.64,-,203.40,1/1
2021-09,FOUR LANING OF KAGAVADAR - UNA SECTION OF NH-8E FROM KM 139.915 TO KM 180.478 (PACKAGE- IV) IN THE ST,NHAI,N24000569,GUJARAT,05/2016,-,-,723.64,-,505.33,2/2
2021-09,FOUR LANING OF UNA TO KODINAR OF NH-8E FROM KM. 180.478 TO KM 221.610 (PACKAGE-V) IN THE STATE OF GU,NHAI,N24000570,GUJARAT,05/2016,-,-,763.08,-,411.59,2/2
2021-09,SIX-LANING OF KAMREJ-CHALTHAN SECTION OF NH-8 FROM KM 248.100 TO KM 264.350 INCLUDING LONG TERM REME,NHAI,N24000571,GUJARAT,05/2016,-,-,425.60,-,.00,0/0
2021-09,CONSTRUCTION OF 4-LANE LADDOWAL BYPASS,NHAI,N24000572,GUJARAT,05/2016,-,-,364.56,-,353.42,0/0
2021-09,4-LANNING OF KODINAR TO VERAVAL SECTION OF NH-8E FROM KM 221.610 TO KM 263.000,NHAI,N24000592,GUJARAT,07/2016,-,-,829.97,-,230.83,0/0
2021-09,2-LANE WITH PAVED SHOULDERS OF GADU- PORBANDER SECTION,NHAI,N24000635,GUJARAT,12/2016,-,-,417.19,-,199.86,0/3
2021-09,SIX LANNING FROM KM. 401.200 TO 494.410 OF NH-8 ON HYBRID ANNUITY MODE UNDER NHDP-V(PKG VI)REG.,NHAI,N24000649,GUJARAT,01/2017,-,01/2019,"1,251.11","1,361.00",449.41,2/4
2021-09,4-LANNING OF PORBANDAR DWARKA SECTION IN THE STATE OF GUJARAT,NHAI,N24000693,GUJARAT,06/2017,06/2020,-,"1,958.88",-,"1,116.85",3/3
2021-09,JUNAGADH BYPASS,NHAI,N24000701,GUJARAT,10/2017,10/2017,-,232.49,-,.00,0/0
2021-09,SIX LANING OF SHAMLA JI TO MOTACHILODHA FROM KM 401.200 TO KM 494.410 (LENGTH 93.210 KM) SECTION OF,NHAI,N24000801,GUJARAT,02/2018,-,01/2019,"1,052.21",-,449.41,2/4
2021-09,CONSTRUCTION OF EIGHT LANE VADODARA KIM EXPRESSWAY FROM KM 355.00 TO KM 378.740 (PADRA TO VADODARA S,NHAI,N24000815,GUJARAT,03/2018,-,-,"2,702.05",-,"1,888.51",0/0
2021-09,CONSTRUCTION FOF EIGHT LLANE VADOADARA KIM EXPRESSWAY FROM KM 279.00 TO 292.00 (ANKLESHWAR TO MANUBAR S,NHAI,N24000833,GUJARAT,S03/H2018,O-,-,"1,437.64",-,P564.11,0/0
2021-09,CONSTRUCTION OF EIGHT LANE VADODARA KIM EXPRESSWAY FROM KM 254.430 TO KM 279.000 (KIM TO ANKLESHWAR,NHAI,N24000834,GUJARAT,03/2018,-,-,"1,161.39",-,.00,0/0
2021-09,DEVELOPMENT OF CHILODA GANDHINAGAR SARKHEJ OF NH 147 OLD NH 8C FROM KM 0/0 TO KM 44/042 IN THE STATE,MoRTH,N24000922,GUJARAT,12/2017,11/2018,-,867.97,-,590.99,2/4
2021-09,UPGRADATION OF NEW NATIONAL HIGHWAY NO 168 TO TWO LANE WITH PAVED SIDE SHOULDER CONFIGURATION BETWEE,MoRTH,N24000923,GUJARAT,03/2018,11/2018,-,464.07,-,313.82,4/4
2021-09,CONSTRUCTION OF MISSING LINKS (SINGLE LANE) IN LAKHPAT GADULI HAJIPIR ODMA KHAVDA DHOLAVIRA MAUVANA,MoRTH,N24000925,GUJARAT,10/2018,05/2019,-,400.76,-,166.41,2/4
2021-09,CONSTRUCTION OF SIGNATURE BRIDGE BETWEEN DWARKA AND BEY DWARKA AND ITS APPROACHES IN THE STATE OF GU,MoRTH,N24000926,GUJARAT,08/2017,03/2018,-,962.43,-,301.45,1/4
2021-09,UP GRADATION OF NEWLY DECLARED NH 341 TO TWO LANE WITH PAVED SHOULDER CONFIGURATION BETWEEN KM. 65.4,MoRTH,N24001197,GUJARAT,03/2018,06/2021,-,351.00,-,157.80,2/4
2021-09,DELHI/ HARYANA BORDER TO ROHTAK,NHAI,N24000122,HARYANA,04/2007,05/2010,-,486.00,-,470.01,0/0
2021-09,PANIPAT-JALANDHAR 6 LANE(KM 96 TO 387.1 KM),NHAI,N24000133,HARYANA,05/2009,11/2011,-,"1,108.00","3,485.00","3,450.00",0/0
2021-09,4 LANING OF AMBALA - KAITHAL - PACKAGE -1,NHAI,N24000443,HARYANA,12/2015,06/2016,-,602.95,-,.00,0/0
2021-09,4 LANING OF AMBALA - KAITHAL - PACKAGE -2,NHAI,N24000448,HARYANA,01/2016,07/2018,-,574.28,-,.00,0/0
2021-09,8 LANING OF MUKARBA CHOWK TO PANIPAT,NHAI,N24000449,HARYANA,07/2015,04/2019,-,"2,128.72",-,"1,577.44",0/0
2021-09,CONSTRUCTION OF 8 LANE DWARKA EXPRESSWAY (NH-248BB PACKAGE IV FROM RAIL OVER BRIDGE (ROB) TILL END P,NHAI,N24000835,HARYANA,03/2018,-,06/2021,"1,484.30",-,265.35,0/0
2021-09,REHABILITATION AND UP-GRADATION FROM 2 LANE WITH PAVED SHOULDER FOR BHIWANI-MUNDAL- JIND ROAD FROM DE,NHAI,N24000836,HARYANA,03/2018,-,-,275.12,-,172.62,0/0
2021-09,SIX LANING AND STRENGTHENING OF NEW NH-248A FROM EXISTING KM 11+682 TO EXISTING KM 24+400 IN THE STA,NHAI,N24000839,HARYANA,03/2018,-,02/2018,634.70,-,341.09,0/0
2021-09,SIX LANING AND STREGTHENING OF NH-248A FROM EXISTING KM 2.740 (RAJIV CHOWK) TO KM 11.682 (PACKAGE-I),NHAI,N24000841,HARYANA,03/2018,-,02/2018,795.50,906.65,387.49,0/0
2021-09,REHABILITATION AND UPGRADATION TO 2-LANE WITH PAVED SHOULDER FROM JIND-GOHANA ROAD FROM DESIGN CHAIN,NHAI,N24000846,HARYANA,03/2018,-,-,198.05,-,130.78,0/0
2021-09,REHABILITATION AND UPGRADATION OF JHAJJAR- LOHARU SECTION FROM KM 130.770 TO KM 228.630 (DESIGN CHAIN,NHAI,N24000848,HARYANA,03/2018,-,-,181.78,-,129.84,0/0
2021-09,CONSTN. OF 4 LANING IN KM.99.00 TO 114.375 PACKAGE-V (EPC) INCLUDING BHIWANI BYPASS,MoRTH,N24000904,HARYANA,SH,O,03/2019,247.25,-,P,0/0
2021-09,ISMAILABAD-NARNAUL PKG-5,NHAI,N24001186,HARYANA,01/2019,-,-,"1,051.91",-,852.40,0/0
2021-09,ISMAILABAD-NARNAUL PKG-6,NHAI,N24001187,HARYANA,01/2019,-,-,"1,120.06",-,884.96,0/0
2021-09,ISMAILABAD-NARNAUL PKG-7,NHAI,N24001188,HARYANA,01/2019,-,-,"1,137.42",-,955.01,0/0
2021-09,ISMAILABAD-NARNAUL PKG-8,NHAI,N24001189,HARYANA,01/2019,-,-,"1,033.19",-,890.90,0/0
2021-09,ISMAILABAD-NARNAUL PKG-2,NHAI,N24001190,HARYANA,01/2019,-,-,"1,243.45",-,985.75,0/0
2021-09,ISMAILABAD-NARNAUL PKG-3,NHAI,N24001191,HARYANA,01/2019,-,-,889.36,-,667.63,0/0
2021-09,ISMAILABAD-NARNAUL PKG-4,NHAI,N24001192,HARYANA,01/2019,-,-,"1,018.79",-,777.74,0/0
2021-09,ISMAILABAD-NARNAUL PKG-1,NHAI,N24001193,HARYANA,01/2019,-,-,996.65,-,"1,000.97",0/0
2021-09,FOUR LANING OF KIRATPUR NEAR CHOUK SECTION (73.20 KM TO186.50 KM),NHAI,N24000232,HIMACHAL PRADESH,11/2013,11/2016,-,"1,916.79",-,"1,960.92",0/0
2021-09,FOUR LANING OF PARWANOO -SOLAN,NHAI,N24000479,HIMACHAL PRADESH,09/2015,03/2018,-,934.46,-,"1,298.21",0/0
2021-09,2 LANE WITH PAVED SHOULDERS ON KULLU TO MANALI (KM 272/00 TO 309/345),NHAI,N24000546,HIMACHAL PRADESH,02/2016,02/2019,-,273.20,-,668.42,0/0
2021-09,TWO LANNING WITH FORMATION OF FOUR LANE OF PROPOSED SHIMLA BYPASS,NHAI,N24000606,HIMACHAL PRADESH,08/2016,-,-,"1,583.18",-,.00,0/0
2021-09,FOUR LANNING OF NERCHOWK-PANDOH BYPASS SECTION OF NH-21(PACKAGE-I KM 190.000 TO KM 221.305) UNDER NH,NHAI,N24000613,HIMACHAL PRADESH,09/2016,-,-,"1,273.71",-,843.36,0/0
2021-09,FOUR LANNING OF TAKOLI-KULLU SECTION OF NH- 21 (KM 242+000 TO KM 272+000),NHAI,N24000634,HIMACHAL PRADESH,10/2016,-,-,447.75,-,"1,334.18",0/0
2021-09,4-LANNING OF END OF PANDOH BYPASS TAKOLI IN H.P,NHAI,N24000692,HIMACHAL PRADESH,06/2017,06/2020,-,"2,485.93",-,"1,007.52",0/0
2021-09,FOUR LANING OF SOLAN-KAITHLIGHAT SECTION OF NH-22 (NOW NH-5) FROM KM 106.139 TO KM 129.050 ON EPC M,NHAI,N24000852,HIMACHAL PRADESH,03/2018,-,-,478.74,-,714.50,0/0
2021-09,REHABILITATION AND UPGRADATION TO 2-LANE/2- LANE WITH PAVED SHOULDERS/4-LANE CONFIGURATION OF PAONTA,MoRTH,N24001381,HIMACHAL PRADESH,08/2020,04/2021,-,272.98,-,8.75,0/0
2021-09,REHABILITATION AND UPGRADATION TO 2-LANE CONFIGURATION OF HEWNA-ASHYARI SECTION (KM 25.000 TO KM 50.,MoRTH,N24001382,HIMACHAL PRADESH,08/2020,03/2021,-,242.80,-,7.55,0/0
2021-09,REHABILITATIONF AND UPGRLADATION ATO INTERMEDIATE LANE CONFIGURATION OF SHRI KYARI-GUMMA SECTION (KM 75,MoRTH,N24001383,HIMACHAL PRADESH,S08/H2020,O04/2021,-,349.20,-,P.00,0/0
2021-09,QUAZIGUND-BANIHAL KM.220.00 TO KM.188.00,NHAI,N24000161,JAMMU AND KASHMIR,07/2010,07/2015,-,"1,987.00",-,"3,113.72",0/0
2021-09,NASHRI- CHANANI,NHAI,N24000162,JAMMU AND KASHMIR,05/2011,06/2015,-,"2,159.00",-,"4,758.92",0/0
2021-09,JAMMU-UDHAMPUR KM.27.5 TO KM.67.00,NHAI,N24000163,JAMMU AND KASHMIR,07/2010,07/2013,-,"1,813.76",-,"2,653.70",0/0
2021-09,SRINAGAR TO BANIHAL,NHAI,N24000189,JAMMU AND KASHMIR,06/2011,06/2014,-,"1,100.70",-,"2,933.30",0/0
2021-09,FOUR LANING OF RAMBAN - BANIHAL SECTION OF NH-1A,NHAI,N24000471,JAMMU AND KASHMIR,12/2015,06/2019,-,"2,168.66",-,"1,158.40",0/0
2021-09,FOUR LANING OF UDHAMBUR - RAMBAN SECTION OF NH-1A,NHAI,N24000488,JAMMU AND KASHMIR,12/2015,12/2018,-,"2,136.97",-,"1,721.40",0/0
2021-09,CONSTRUCTION OF STAND ALONE RING ROAD/ BYPASS AROUND JAMMU CITY IN THE STATE OF J AND K ON EPC MODE,NHAI,N24000717,JAMMU AND KASHMIR,12/2017,-,-,"1,471.75","1,339.00",942.33,2/3
2021-09,UP-GRADATION TO 4-LANE WITH PAVED SHOULDER OF JAMMU-AKHNOOR SECTION OF NH-144A FROM CANAL HEAD (KM 0,NHIDCL,N24000866,JAMMU AND KASHMIR,03/2018,08/2018,-,404.17,-,212.22,2/4
2021-09,WIDENING AND UPGRADATION TO 2 LANE WITH PAVED SHOULDER CONFIGURATION AND GEOMETRIC IMPROVEMENT FROM,NHIDCL,N24000867,JAMMU AND KASHMIR,03/2018,11/2018,-,216.00,-,101.31,1/4
2021-09,UP-GRADATION TO 4-LANE WITH PAVED SHOULDER OF JAMMU-AKHNOOR ROAD SECTION OF NH-144A FROM GANESH VIHA,NHIDCL,N24000868,JAMMU AND KASHMIR,03/2018,07/2019,-,253.44,-,76.09,0/4
2021-09,CONSTRUCTION OPERATION AND MAINTENANCE OF Z-MORH TUNNEL INCLUDING APPROACHES ON NH-01 SRINAGAR-SONA,NHIDCL,N24001253,JAMMU AND KASHMIR,12/2019,12/2023,-,"2,680.42",-,878.00,1/4
2021-09,CONSTRUCTION OF (I) CONNECTING ROAD FROM Z- MORH TUNNEL TO ZOJILA TUNNEL AND (II) 14.150 KM LONG BI-D,NHIDCL,N24001256,JAMMU AND KASHMIR,08/2020,09/2026,-,"6,808.69",-,246.11,0/6
2021-09,UP-GRADATION TO 2-LANE WITH PAVED SHOULDER FROM KM 12.850 TO KM20.300 OF 7.450KM LENGTH ON GOHA-KHEL,NHIDCL,N24001264,JAMMU AND KASHMIR,07/2020,04/2022,-,228.39,-,11.62,1/4
2021-09,UP-GRADATION TO 2-LANE WITH PAVED SHOULDER FROM KM 20.300 TO KM 29.030 OF 8.730 KM LENGTH ON GOHA-K,NHIDCL,N24001266,JAMMU AND KASHMIR,07/2020,04/2022,-,210.79,-,12.45,1/4
2021-09,KHELLANI-KHANABAL PKG-1,NHIDCL,N24001323,JAMMU AND KASHMIR,03/2021,09/2022,-,486.45,-,23.37,1/4
2021-09,KHELLANI-KHANABAL PKG-6,NHIDCL,N24001324,JAMMU AND KASHMIR,02/2021,09/2022,-,285.28,-,6.26,0/4
2021-09,KHELLANI-KHANABAL PKG-3,NHIDCL,N24001341,JAMMU AND KASHMIR,03/2021,12/2022,-,398.51,-,.00,0/4
2021-09,DONIPAWA TO ASHAJIPORA BYPASS PKG-7,NHIDCL,N24001342,JAMMU AND KASHMIR,SH,O,12/2022,260.40,-,P,0/4
2021-09,KHELLANI-KHANABAL PKG-2,NHIDCL,N24001394,JAMMU AND KASHMIR,07/2021,02/2023,-,512.43,-,.00,0/0
2021-09,KHELLANI-KHANABAL PKG-4,NHIDCL,N24001395,JAMMU AND KASHMIR,07/2021,08/2023,-,859.67,-,.00,0/0
2021-09,KHELLANI-KHANABAL PKG-5,NHIDCL,N24001396,JAMMU AND KASHMIR,07/2021,02/2023,-,497.09,-,.00,0/0
2021-09,GOHA-KHELLANI PKG-3,NHIDCL,N24001397,JAMMU AND KASHMIR,02/2021,03/2023,-,431.28,-,.00,0/0
2021-09,TWO/FOUR LANNING WITH PAVED SHOULDERS OF GOVINDPUR (RAIGANJ)-CHAS-WEST BENGAL BORDER SECTION OF NH-,NHAI,N24000594,JHARKHAND,07/2016,-,-,458.03,-,406.73,0/0
2021-09,FOUR LANING OF BARHI-HAZARIBAGH NH-33,NHAI,N24000607,JHARKHAND,08/2016,08/2018,-,323.72,-,316.60,0/0
2021-09,FOUR LANING OF BARHI - KODERMA SECTION OF NH - 31,NHAI,N24000725,JHARKHAND,01/2018,-,-,273.46,-,99.20,0/0
2021-09,SIX LANING OF BIHAR - JHARKHAND BORDER (CHORDAHA) TO GORHAR SECTION,NHAI,N24000726,JHARKHAND,01/2018,-,-,"1,155.16",-,474.16,0/0
2021-09,4-LANING OF LOHA - WARANGA SECTION OF NH-361 FROM KM. 187.800 TO KM. 244.369 (DESIGN LENGTH 56.569 K,NHAI,N24000854,JHARKHAND,03/2018,-,03/2021,"1,005.08","1,073.10",.00,0/0
2021-09,WIDENING TO 2 LANE WITH PAVED SHOULDERS AND GEOMETRIC IMPROVEMENT OF NH-114A FROM KM 141 TO KM 184 I,MoRTH,N24001216,JHARKHAND,12/2016,09/2021,-,196.00,-,100.31,0/4
2021-09,HUNGUND-SURATHKAL AND MANGALORE- KNT/KERALA BORDER,NHAI,N24000138,KARNATAKA,09/2010,06/2018,-,946.00,-,818.53,3/3
2021-09,STRENGTHENING AND WIDENING TO TWO LANE WITH PAVED SHOULDERS FROM KM.106.00 TO 153.00 OF NH-218 BIJAP,MoRTH,N24000334,KARNATAKA,03/2015,11/2015,-,165.67,-,116.49,0/0
2021-09,TWO LANE WITH PAVED SHOULDERS OF BIJAPUR - GULBARGA - HOMNABAD - SECTION OF NH-218 ( NEW NH NO -50),NHAI,N24000342,KARNATAKA,05/2015,09/2017,-,709.00,-,541.35,0/0
2021-09,4-LANING OF GOA/KARNATAKA BORDER-KUNDAPUR SECTION,NHAI,N24000462,KARNATAKA,05/2014,08/2016,-,"1,655.01",-,"1,867.51",0/0
2021-09,FOUR LANING OF HOSPET - CHITRADURGA,NHAI,N24000490,KARNATAKA,03/2015,08/2018,-,"1,388.00",-,"1,311.10",0/0
2021-09,4-LANNING EXISTING KM 189.700 TO 237.00] HASSAN TO MARANAHALLY,NHAI,N24000552,KARNATAKA,03/2016,03/2019,-,701.40,-,146.05,0/0
2021-09,4-LANNING EXISTING KM 263.00 TO 328.00] ADDAHOLE TO BANTAWAL,NHAI,N24000554,KARNATAKA,03/2016,03/2019,-,870.00,-,36.30,0/0
2021-09,FOUR LANNING OF HUBLI-HOSPET SECTION OF NH- 63 FROM KM. 129.249 PHASE-IVB,NHAI,N24000602,KARNATAKA,08/2016,04/2020,-,"1,664.20",-,"1,137.22",0/0
2021-09,HOSPET-BELLARY-KARNATAKA AP BORDER,NHAI,N24000603,KARNATAKA,08/2016,03/2019,01/2021,"1,167.42",-,347.76,0/0
2021-09,TWO/FOUR LANNING OF BRT TIGER RESERVE BOUNDARY TO BANGALORE SECTION OF NH- 209(EXISTING CHAINAGE FROM,NHAI,N24000622,KARNATAKA,SH,O,08/2019,950.69,"1,918.36",P,0/0
2021-09,SIX LANING OF DAVANGERE-HAVERI FROM KM 260+000 TO KM 338+923 OF NH-48(OLD NH-4) STATE OF KARNATAKA,NHAI,N24000674,KARNATAKA,03/2017,03/2020,-,831.58,-,912.41,0/0
2021-09,SIX LANING OF CHITRADURGA-DAVANGERE INCLUDING CHITRADURGA BYPASS(KM 189+000 TO KM 260+000 OF NH-48(O,NHAI,N24000675,KARNATAKA,03/2017,03/2020,-,993.16,-,"1,311.37",0/0
2021-09,2 LANING WITH PAVED SHOULDER FROM KM 30.800 TO KM 70.800 AND 2 LANING WITHOUT PAVED SHOULDER FROM KM,NHAI,N24000783,KARNATAKA,02/2018,-,-,486.78,-,171.98,0/0
2021-09,SIX-LANING OF BANGALORE – NIDAGATTA SECTION KM 18.000 TO KM 74.200 OF NH-275 IN THE STATE OF KARNAT,NHAI,N24000787,KARNATAKA,02/2018,-,-,"1,995.34",-,"3,375.43",0/0
2021-09,SIX LANING OF NIDAGATTA-MYSORE SECTION KM 74.20 TO KM 135.304 OF NH-275 IN THE STATE OF KARNATAKA,NHAI,N24000789,KARNATAKA,02/2018,-,-,"2,177.80",-,"2,498.29",0/0
2021-09,WIDENING TO TWO LANE WITH PAVED SHOULDER FROM KM 544.200 TO KM 594.000 OF NH-150A HOSMANE CROSS – PA,MoRTH,N24001156,KARNATAKA,01/2017,09/2017,-,166.67,-,184.91,0/0
2021-09,IMPROVEMENTS AND RECONSTRUCTION TO TWO LANE WITH PAVED SHOULDERS FROM KM 243.20 TO KM 290.20 OF NH,MoRTH,N24001157,KARNATAKA,08/2016,02/2017,-,175.50,-,162.78,0/0
2021-09,RECONSTRUCTION TO TWO LANE WITH PAVED SHOULDERS FROM DS. CH. 442+180 (EX. KM 448.00) TO DS. CH.485+2,MoRTH,N24001158,KARNATAKA,03/2018,06/2019,-,159.97,-,58.55,0/0
2021-09,WIDENING TO TWO LANE WITH PAVED SHOULDERS FROM KM 20.150 TO KM 40.00 OF BC ROAD KOTTIGEHARA SECTION,MoRTH,N24001159,KARNATAKA,01/2018,07/2018,-,159.70,-,113.26,0/0
2021-09,WIDENING TO TWO LANE WITH PAVED SHOULDER FROM KM 194.900 TO KM 243.200 OF NH-234 BANAVARA-HULIYAR,MoRTH,N24001160,KARNATAKA,09/2017,10/2018,-,191.60,-,110.75,0/0
2021-09,WIDENING TO TWO LANE WITH PAVED SHOULDERS FROM 24.600 TO 70.063 OF MUDIGERE TO KADUR SECTION OF NH-,MoRTH,N24001161,KARNATAKA,12/2017,01/2019,-,297.30,-,179.96,0/0
2021-09,IMPROVEMENT AND RECONSTRUCTION TO TWO LANE WITH PAVED SHOULDERS FROM KM 489.845 (NEW KM.58.125) AN,MoRTH,N24001162,KARNATAKA,03/2018,10/2018,-,325.86,-,341.90,0/0
2021-09,WIDENING TO 2 LANE WITH PAVED SHOULDERS FROM KM 79.65 TO 118.47 OF NH-150 UNDER EPC MODE IN THE STAT,MoRTH,N24001163,KARNATAKA,08/2016,02/2017,-,329.01,-,238.12,0/0
2021-09,WIDENING TO 2 LANE WITH PAVED SHOULDERS FROM KM 0 TO 54 OF NH-50 UNDER EPC MODE IN THE STATE OF KARN,MoRTH,N24001164,KARNATAKA,10/2016,03/2017,-,396.96,-,289.84,0/0
2021-09,WIDENING TO 2 LANE WITH PAVED SHOULDERS FROM KM 34.00 TO 70.900 OF NH-150 UNDER EPC MODE IN THE STAT,MoRTH,N24001165,KARNATAKA,SH,O,03/2017,314.90,-,P,0/0
2021-09,WIDENING TWO LANE WITH PAVED SHOULDERS FROM FROM KM.56.00 TO 106.00 OF NH-218 (218- KNT-2014-15-775),MoRTH,N24001166,KARNATAKA,03/2015,01/2016,-,159.12,-,125.81,0/0
2021-09,ESTIMATE FOR WIDENING TWO LANE TO FOUR LANE FROM FROM KM.129.00 TO 144.00 OF NH-63 ANKOLA-GOOTY SECT,MoRTH,N24001168,KARNATAKA,05/2018,05/2018,-,171.60,-,77.67,0/0
2021-09,WIDENING TO TWO LANE WITH PAVED SHOULDER FROM KM 4.40 TO KM 56.00 OF NH-218 BIJAPURA- HUBLI SECTION U,MoRTH,N24001172,KARNATAKA,01/2017,08/2017,-,291.49,-,221.11,0/0
2021-09,CONSTRUCTION OF MAJOR BRIDGE AT KM 180.865 ACROSS RIVER KRISHNA ON NH-167 HAGARI – JADERCELA SECTION,MoRTH,N24001173,KARNATAKA,02/2017,05/2019,-,157.32,188.00,.28,0/0
2021-09,WIDENING TO 2-LANE WIH PAVED SHOULDER FROM KM. 544.20 TO 594.00 (HOSAMANE CROSS TO PANDAVAPURA) SECT,MoRTH,N24001387,KARNATAKA,01/2017,09/2017,-,264.34,-,184.91,0/0
2021-09,CONSTRUCTION OF MAJOR BRIDGE ACROSS SHARAVATHI BACKWATERS AND APPROCHES BETWEEN AMBARGODU AND KALASA,MoRTH,N24001388,KARNATAKA,03/2019,12/2019,-,423.15,-,136.58,0/0
2021-09,SIX LANNING OF VADAKKANCHERRY THRISSURESECTION KM 240 270KM,NHAI,N24000149,KERALA,02/2010,08/2012,-,617.00,-,.00,0/0
2021-09,CONSTRUCTION OF 6.80 KM 2 LANE WITH PAVED SHOULDERS ALAPPUZHA BYPASS ON NH47 NEW NH 66 FROM KM 408.1,MoRTH,N24000260,KERALA,01/2014,09/2017,-,255.75,348.00,314.12,0/0
2021-09,4 LANING OF KAZHAKKOTTAM TO MUKKOLA SECTION OF NH-47,NHAI,N24000459,KERALA,06/2015,-,01/2020,845.24,-,881.72,0/0
2021-09,4 LANNING OF MUKKOLA JUNCTION TO KERALA/ TAMIL NADU BORDER FROM KM 26.500 TO KM 43.000 OF NH-47 IN T,NHAI,N24000566,KERALA,04/2016,06/2018,10/2021,804.97,-,591.77,0/0
2021-09,4-LANNING OF THALSERRY -MAHE BYPASS,NHAI,N24000704,KERALA,09/2017,09/2017,-,"1,124.11",-,629.21,0/0
2021-09,6-LANING OF KOZHIKODE BYPASS (CALICUT BYPASS) (I.E. VENGALAM JN. TO RAMANATTUKARA JN.) SECTION OF NH,NHAI,N24000784,KERALA,02/2018,-,-,"1,424.77",-,14.19,0/0
2021-09,WIDENING TO 2 LANES WITH PAVED SHOULDERS FROM KM.87/000 TO 133/720 (NATTUKAL TO THANAU JN. IN PALAKK,MoRTH,N24001369,KERALA,02/2017,08/2017,-,294.28,-,138.25,0/0
2021-09,WIDENING TO 2-LANE WITH PAVED SHOULDERS FROM KM 119/017 TO KM 161/300 ON NH 85 (OLD NH 49),MoRTH,N24001370,KERALA,02/2017,09/2017,-,380.76,-,242.85,0/0
2021-09,KARGIL-ZANSKR PACKAGE-5,NHIDCL,N24001330,LADAKH,08/2020,12/2023,-,169.79,-,40.96,0/4
2021-09,KARGIL-ZANSKR PACKAGE-1,NHIDCL,N24001343,LADAKH,03/2021,01/2023,-,384.23,-,.00,0/4
2021-09,KARGIL-ZANSKR PACKAGE-2,NHIDCL,N24001344,LADAKH,SH,O,01/2023,404.89,-,P,0/4
2021-09,KARGIL-ZANSKR PACKAGE-3,NHIDCL,N24001345,LADAKH,08/2020,01/2023,-,381.01,-,.00,0/4
2021-09,KARGIL-ZANSKR PACKAGE-6,NHIDCL,N24001346,LADAKH,01/2021,05/2024,-,239.81,-,31.14,1/4
2021-09,KARGIL-ZANSKR PACKAGE-7,NHIDCL,N24001347,LADAKH,01/2021,06/2024,-,308.86,-,30.49,1/4
2021-09,KARGIL-ZANSKR PACKAGE-8,NHIDCL,N24001348,LADAKH,03/2021,01/2023,-,398.37,-,3.39,0/4
2021-09,INDORE-JHABUA-GUJRAT/MP,NHAI,N24000136,MADHYA PRADESH,10/2010,04/2013,-,"1,175.00",-,"1,509.96",4/4
2021-09,INDORE-DEWAS(NH-3),NHAI,N24000159,MADHYA PRADESH,11/2010,05/2013,-,325.00,-,469.54,3/3
2021-09,BARELA-MANDLA SECTION OF NH-12A IN MADHYA PRADESH KM 22/8 TO KM 89/6 OF NH-12A,MoRTH,N24000378,MADHYA PRADESH,06/2015,-,03/2021,390.51,-,281.69,0/0
2021-09,MANGAWA-MP/UP BORDER SECTION OF NH-27 (4L) IN MP,MoRTH,N24000412,MADHYA PRADESH,01/2012,04/2015,-,410.72,-,392.42,0/0
2021-09,FOUR LANING OF REWA - KATNI - JABALPUR - PACKAGE -II,NHAI,N24000468,MADHYA PRADESH,03/2015,-,-,795.76,-,669.94,0/0
2021-09,FOUR LANING OF REWA - KATNI - JABALPUR - PACKAGE -I,NHAI,N24000469,MADHYA PRADESH,03/2015,-,-,794.30,-,669.35,0/0
2021-09,JABALPUR TO HIREN RIVER SECTION OF NH-12 IN MADHYA PRADESH KM 11/400 TO 66/400,MoRTH,N24000475,MADHYA PRADESH,11/2015,01/2020,06/2021,628.45,-,445.35,0/0
2021-09,GOHARGANJ TO BHOPAL SECTION OF NH-12 IN MADHYA PRADESH KM 43 TO 93,MoRTH,N24000478,MADHYA PRADESH,12/2015,02/2020,04/2021,957.54,-,765.48,0/0
2021-09,FOUR LANING OF JABALPUR - LAKHNADON,NHAI,N24000489,MADHYA PRADESH,03/2015,-,-,928.83,-,867.83,0/0
2021-09,FOUR LANING OF GWALIOR-SHIVPURI,NHAI,N24000494,MADHYA PRADESH,05/2013,11/2015,-,"1,055.00",-,"1,393.40",0/0
2021-09,FOUR LANING OF GUNA TO BIAORA SECTION OF NH-3 FROM KM 332.100 TO KM. 426.100 IN THE STATE OF MADHYA,NHAI,N24000496,MADHYA PRADESH,06/2015,03/2016,-,"1,012.90",-,226.10,0/0
2021-09,FOUR LANING OF REWA - KATNI - JABALPUR - PACKAGE -IV,NHAI,N24000504,MADHYA PRADESH,03/2015,-,-,810.22,-,742.47,0/0
2021-09,UMARIYA TO SHAHDOL SECTION OF NH-78 IN MADYA PRADESH KM 68/4 TO 142/200,MoRTH,N24000513,MADHYA PRADESH,03/2015,08/2017,06/2021,511.83,-,387.81,0/0
2021-09,BALANCE WORK OF 2-LANE WITH PAVED SHOULDER OF BHOPAL-SANCHI SECTION,NHAI,N24000605,MADHYA PRADESH,08/2016,01/2019,-,227.49,-,.00,4/4
2021-09,FOUR LANNING BALANCE WORK FOR BHOPAL- BIAORA SECTION OF NH-12 FROM MUBARAKPUR TO BIAORA FROM KM 124.,NHAI,N24000702,MADHYA PRADESH,10/2017,10/2017,-,639.97,-,484.15,4/4
2021-09,BALANCE WORK OF 4-LANNING OF LALGHATI TO MUBARAKPUR OF NH-12,NHAI,N24000705,MADHYA PRADESH,09/2017,09/2017,-,374.40,-,313.11,4/4
2021-09,BALANCE WORK OF 4-LANNING OF OBEDULLAGANJ TO ITARSI SECTION OF NH-69,NHAI,N24000706,MADHYA PRADESH,SH,O,09/2017,990.61,-,P,3/4
2021-09,BALANCE WORK FOR FOUR LANING OF ITARSI TO BETUL SECTION OF NH69 FROM KM 63.000 TO KM 137.00 (DESIGN,NHAI,N24000709,MADHYA PRADESH,12/2017,-,-,950.27,-,271.15,3/4
2021-09,FOUR LANNING WORK FROM HIRAN RIVER TO SINDOOR RIVER,NHAI,N24000728,MADHYA PRADESH,01/2018,-,-,770.73,-,409.98,0/0
2021-09,UPGRADATION OF REWA-SIRMOUR ROAD TO 2L + PS,MoRTH,N24000870,MADHYA PRADESH,03/2018,03/2018,10/2021,162.56,-,137.52,0/0
2021-09,UPGRADATION OF MORENA-PORSA ROAD TO 2L + PS,MoRTH,N24000872,MADHYA PRADESH,03/2018,08/2018,08/2021,166.21,-,154.26,0/0
2021-09,REHABILITATION AND UP-GRADATION OF EXISTING INTERMEDIATE LANE FLEXIBLE PAVEMENT TO 2L+PS FLEXIBLE PA,MoRTH,N24000875,MADHYA PRADESH,02/2018,03/2018,04/2021,169.63,-,52.44,0/0
2021-09,UPGRADATION OF PACHORE- SHUJALPUR ROAD TO 2L + PS,MoRTH,N24000881,MADHYA PRADESH,11/2017,02/2018,09/2021,184.62,-,125.42,0/0
2021-09,CONSTRUCTION OF ROAD FROM KM. 1 TO KM. 49/4 OF NH-26A IN THE STATE OF MADHYA PRADESH.,MoRTH,N24000886,MADHYA PRADESH,01/2017,03/2017,06/2021,205.05,-,126.89,0/0
2021-09,UPGRADATION OF PAWAI-SALEHA-JASSO-NAGOD ROAD TO 2L + PS,MoRTH,N24000888,MADHYA PRADESH,03/2018,03/2018,09/2021,214.69,-,78.48,0/0
2021-09,UPGRADATION OF PORSA-BHIND ROAD TO 2L + PS,MoRTH,N24000890,MADHYA PRADESH,03/2018,08/2018,09/2021,217.22,-,173.03,0/0
2021-09,UPGRADATION OF DABOH-UP BORDER ROAD TO 2L + PS,MoRTH,N24000891,MADHYA PRADESH,03/2018,03/2018,10/2021,233.04,-,165.60,0/0
2021-09,2L+PS OF THIKRI ANJAD SECTION OF NH-347B,MoRTH,N24000892,MADHYA PRADESH,11/2017,07/2018,08/2021,249.05,-,198.83,0/0
2021-09,UPGRADATION OF BIAORA-MAKSUDANGARH ROAD TO 2L + PS,MoRTH,N24000893,MADHYA PRADESH,11/2017,02/2018,03/2022,254.17,-,175.37,0/0
2021-09,UPGRADATION OF MAKSUDANGARH-SIRONJ ROAD TO 2L + PS,MoRTH,N24000894,MADHYA PRADESH,02/2018,03/2018,11/2021,279.44,-,203.95,0/0
2021-09,WIDENING TO 2 LANE PS WITH RECONSTRUCTION OF BRIDGES CULVERT IN KM. 182 TO 266 OF NH- 59A,MoRTH,N24000896,MADHYA PRADESH,01/2017,09/2019,06/2021,373.82,-,232.63,0/0
2021-09,REHABILITATION AND UPGRADATION OF SINDOOR RIVER TO START OF BARELI BYPASS SECTION OF NH-12 FROM EXIS,MoRTH,N24000898,MADHYA PRADESH,01/2016,07/2018,05/2021,809.16,-,615.21,0/0
2021-09,REHABILITATION AND UPGRADATION OF BARELI TO GOHARGANJ SECTION OF NH-12 FROM EXISTING KM 193/0 TO KM,MoRTH,N24000899,MADHYA PRADESH,03/2016,06/2019,04/2021,877.79,-,743.57,0/0
2021-09,ANJANGAON TO MAH/MP BORDER,MoRTH,N24001007,MADHYA PRADESH,01/2017,06/2019,-,359.00,359.00,322.21,0/4
2021-09,BALANCE WORK FOR REHABILITATION AND UPGRADATION OF SATNA-BELA SECTION OF NH-75 FROM KM. 155.0 TO KM.,MoRTH,N24001151,MADHYA PRADESH,11/2017,03/2018,06/2021,392.33,428.55,390.40,0/0
2021-09,CONSTRUCTION TO TWO LANE WITH PAVED SHOULDERS WITH FLEXIBLE PAVEMENT ON KHALGHAT TO SARWARDEWLA ROAD,MoRTH,N24001198,MADHYA PRADESH,SH,O,03/2021,264.50,-,P,0/0
2021-09,CONSTRUCTION OF EIGHT LANE ACCESS CONTROLLED EXPRESSWAY CARRIAGEWAY FROM BARDAWADI VILLAGE TO MANDSA,NHAI,N24001199,MADHYA PRADESH,10/2019,-,-,743.88,-,420.00,1/3
2021-09,CONSTRUCTION OF EIGHT LANE ACCESS CONTROLLED EXPRESSWAY CARRIAGEWAY FROM BANI VILLAGE TO BARDAWADI V,NHAI,N24001212,MADHYA PRADESH,12/2017,-,-,656.98,-,297.00,1/4
2021-09,CONSTRUCTION OF EIGHT LANE ACCESS CONTROLLED EXPRESSWAY CARRIAGEWAY FROM JODMI VILLAGE TO BANI VILLA,NHAI,N24001213,MADHYA PRADESH,12/2017,-,-,"1,094.97",-,802.00,2/4
2021-09,CONSTRUCTION OF EIGHT LANE ACCESS CONTROLLED EXPRESSWAY CARRIAGEWAY FROM RAJASTHAN/MP BORDER TO JODM,NHAI,N24001214,MADHYA PRADESH,12/2017,-,-,217.96,-,448.00,2/4
2021-09,PACKAGE-21 CONSTRUCTION OF EIGHTLANE ACCESS- CONTROLLED EXPRESSWAY CARRIAGEWAY FROM KAMLIYA VILLAGE,NHAI,N24001231,MADHYA PRADESH,02/2019,12/2019,-,990.97,-,706.00,2/3
2021-09,PACKAGE-24 CONSTRUCTION OF EIGHTLANE ACCESS- CONTROLLED EXPRESSWAY CARRIAGEWAY FROM RANNI VILLAGE TO,NHAI,N24001232,MADHYA PRADESH,02/2019,03/2020,-,847.00,-,520.00,2/3
2021-09,PACKAGE-23 CONSTRUCTION OF DELHI-VADODARA EIGHT LANE ACCESS- CONTROLLED EXPRESSWAY FROM BAWDI VILLAG,NHAI,N24001233,MADHYA PRADESH,03/2019,05/2020,-,"1,047.00",-,517.00,2/3
2021-09,PACKAGE-25 CONSTRUCTION OF EIGHTLANE ACCESS- CONTROLLED EXPRESSWAY CARRIAGEWAY FROM MIYATI VILLAGE T,NHAI,N24001234,MADHYA PRADESH,02/2019,03/2020,-,996.27,-,587.00,2/3
2021-09,4-LANING OF DEWAS-UJJAIN OF SECTION NH-148 NG FROM KM 0+000 TO KM 41.42 IN MP ON HAM MODE,NHAI,N24001340,MADHYA PRADESH,11/2019,07/2021,-,716.00,-,.00,0/0
2021-09,PUNE-SATARA(NH-4),NHAI,N24000156,MAHARASHTRA,10/2010,03/2013,-,"1,724.55",-,"2,624.22",0/0
2021-09,WIDENING OF KHED-SINNAR STRETCH OF PUNE NASHIK SECTION OF NH-50,NHAI,N24000230,MAHARASHTRA,05/2013,02/2014,-,"1,348.20",-,"1,792.90",2/2
2021-09,CONSTRUCTION OF MAJOR BRIDGE WITH APPROACHES ACROSS PRANHITA RIVER AT KM 57.300 ON NH-63(16),MoRTH,N24000252,MAHARASHTRA,03/2015,-,-,168.30,-,106.56,0/4
2021-09,REHABILATION AND UPGRADATION OF NH-222(61) FOM KM 342.00 TO 444.00,MoRTH,N24000254,MAHARASHTRA,01/2014,-,-,446.77,-,303.72,3/4
2021-09,REHABILITATIONF AND UPGRLADATION AOF END OF AHMEDNAGAR BYPASS TO KHARWANDI KASAR SECTION OF NH-222 FROM,MoRTH,N24000332,MAHARASHTRA,S01/H2015,O-,-,225.81,-,P107.34,0/0
2021-09,CONSTRUCTION OF NH-4B FROM KM.21.200 TO KM.27.270( D TO E SECTION) AND FROM KM.0.000 TO KM.4.492 ( D,NHAI,N24000432,MAHARASHTRA,09/2015,05/2018,11/2020,414.51,-,409.16,1/1
2021-09,CONSTRUCTION OF KARALPHATA INTERCHANGE FROM 3.600 TO KM 6.073 OF NH4B AND FROM 5.300 TO KM 7.422 (,NHAI,N24000435,MAHARASHTRA,10/2015,05/2018,03/2022,531.13,-,691.32,0/0
2021-09,CONSTRUCTION OF GAVANPHATA INTERCHANGE FROM 14.740 TO KM 15.894 ( OLD SH -54) PKG-2,NHAI,N24000441,MAHARASHTRA,10/2015,05/2018,03/2022,593.26,717.24,619.88,0/1
2021-09,CONSTRUCTION OF FLYOVER AT KM.544.650 INCLUDING ROB SERVICE ROADS FOOTPATH FOR RCC DRAINS ON URBAN,NHAI,N24000442,MAHARASHTRA,12/2015,03/2019,12/2021,649.50,-,233.12,0/0
2021-09,6/8 LANING OF ROAD PORT CONNECTIVITY JNPT PHASE II -CONSTRUCTION OF NH-348 - PKG3,NHAI,N24000451,MAHARASHTRA,08/2015,05/2018,04/2019,505.00,-,428.46,0/1
2021-09,4 LANING OF SOLAPUR YEDISHI SECTION OF NH- 211,NHAI,N24000453,MAHARASHTRA,01/2015,07/2017,-,972.50,-,"1,492.00",0/0
2021-09,4-LANING OF SOLAPUR - MAHARASHTRA/ KARNATKA SECTION,NHAI,N24000454,MAHARASHTRA,06/2014,11/2016,-,923.04,-,867.59,0/0
2021-09,FOUR LANING FROM MPMAHARASHTRA BORDER TO NAGPUR IC KAMPTEE KANOON AND NAGPUR BYPASS,NHAI,N24000509,MAHARASHTRA,04/2010,06/2012,-,"1,170.52",-,"2,051.36",0/0
2021-09,NAGPUR RING ROAD PACKAGE-1,NHAI,N24000558,MAHARASHTRA,03/2016,07/2019,-,546.00,-,309.98,0/0
2021-09,NAGPUR RING ROAD PACKAGE-2,NHAI,N24000560,MAHARASHTRA,03/2016,07/2019,-,591.66,-,319.05,0/0
2021-09,4-LANNING OF NH17 AND NEW NO. NH66 FROM KM 161/600 TO 205/400 UNDER HYBRID ANNUITY MODE,MoRTH,N24000584,MAHARASHTRA,03/2016,-,-,"1,142.62",-,978.04,0/0
2021-09,4-LANNING OF NH17 AND NEW NO. NH66 FROM KM 241/300 TO 281/300 UNDER HYBRID ANNUITY MODE,MoRTH,N24000585,MAHARASHTRA,03/2016,-,-,"1,101.58",-,334.55,0/0
2021-09,4-LANNING OF CHIKHLI TO TARSOD (FROM KM 360- 422.700),NHAI,N24000627,MAHARASHTRA,11/2016,-,10/2021,"1,071.61",-,"1,123.46",3/4
2021-09,4-LANNING OF TARSOD-FAGNE(FROM KM 422.700- 510.00),NHAI,N24000628,MAHARASHTRA,11/2016,-,01/2022,"1,064.88",-,419.12,2/4
2021-09,4-LANNING OF RAIPUR-KODEBAD SECTION OF NH- 43 (FROM KM. 10.200 TO KM. 43.400) IN THE STATE OF CHHATTI,NHAI,N24000629,MAHARASHTRA,11/2016,03/2019,-,400.25,-,161.71,0/0
2021-09,4-LANNING OF KODEBAD-DHAMTARI SECTION OF NH-43 (FROM KM. 43.400 TO KM. 82.209) IN THE STATE OF CHHAT,NHAI,N24000630,MAHARASHTRA,11/2016,03/2019,-,446.17,-,126.33,0/0
2021-09,SIX LANNING FROM EXISTING KM 494.410(DESIGN CHAINAGE 540.595) TO EXISTING KM 509.550(DESIGN CHAINAGE,NHAI,N24000631,MAHARASHTRA,11/2016,-,12/2016,290.73,-,246.70,3/4
2021-09,FOUR LANNING OF TULJAPUR-AUSA SECTION,NHAI,N24000651,MAHARASHTRA,SH,O,02/2020,904.16,911.07,P,0/0
2021-09,CONSTRUCTION OF NEW 4-LANE BRIDGE ACROSS VARSOVA CREEK AND ITS APPROACHES WITH INTERCHANGE IN THE ST,NHAI,N24000655,MAHARASHTRA,03/2017,03/2020,-,247.02,-,31.97,0/0
2021-09,4-LANNING OF BODHRE-DHULE SECTION(KM 390.000 TO 452.800),NHAI,N24000656,MAHARASHTRA,03/2017,03/2020,-,744.64,-,.00,0/0
2021-09,4-LANNING OF WARDHA- BUTIBORI SECTION(KM 465.500 TO 524.690),NHAI,N24000657,MAHARASHTRA,03/2017,03/2020,-,"1,030.44",-,.00,0/3
2021-09,4-LANNING OF YAVATMAL-WARDHA SECTION(KM 400.575 TO 465.500),NHAI,N24000658,MAHARASHTRA,03/2017,03/2020,-,988.34,-,.00,3/3
2021-09,4-LANNING OF WARANGA-MAHAGAON SECTION(KM 253.7000 TO 320.580),NHAI,N24000659,MAHARASHTRA,03/2017,03/2017,-,"1,059.73",-,18.75,0/0
2021-09,DEVELOPMENT OF MULTILANE CARRIAGEWAY FROM KANHAN TO AUTOMATIVE SQUARE (KM 704.200 TO KM 723.000),NHAI,N24000660,MAHARASHTRA,03/2017,03/2020,-,296.19,-,254.85,0/0
2021-09,4-LANNING OF MAHAGAON-YAVATMAL SECTION(KM 320.580 TO 400.575),NHAI,N24000661,MAHARASHTRA,03/2017,03/2020,-,"1,098.06",-,.00,0/3
2021-09,SIX LANING OF PIMPALGAON-NASHIK-GONDE SECTION OF NH-3 FROM KM 380.000 TO 440.000 IN THE STATE OF MAH,NHAI,N24000713,MAHARASHTRA,12/2017,-,05/2021,404.94,495.24,476.48,0/0
2021-09,4-LANING FROM AURANGABAD TO KARODI (KM 290.200 TO 320.104),NHAI,N24000729,MAHARASHTRA,01/2018,-,-,607.00,-,510.71,0/1
2021-09,4-LANING FROM KARODI TO TELWADI (KM 320.104 TO 375.000),NHAI,N24000730,MAHARASHTRA,01/2018,-,-,621.00,-,595.00,2/3
2021-09,CONSTRUCTION OF FLYOVER AT LAKHANI TOWN ON NH-53 (OLD NH-6),NHAI,N24000847,MAHARASHTRA,03/2018,-,-,291.53,-,197.49,0/0
2021-09,CONSTRUCTION OF FLYOVER IN SAKOLI TOWN ON NH-53 (OLD NH-6),NHAI,N24000849,MAHARASHTRA,03/2018,-,-,289.21,-,224.45,0/0
2021-09,CONSTRUCTION OF 8 LANING OF EXISTING 4 LANE VADAPE TO THANE FROM KM 539.202 TO KM 563.000 SECTION OF,NHAI,N24000851,MAHARASHTRA,03/2018,-,-,"1,162.92",-,60.37,0/0
2021-09,FOUR LANING OF AKKALKOT-SOLAPUR SECTION OF NH-150E WITH PAVED SHOULDER FROM DESIGN CHAINAGE KM. 99.4,NHAI,N24000853,MAHARASHTRA,03/2018,-,-,642.13,-,709.99,0/0
2021-09,SARSAM TO KOTHARI,MoRTH,N24001002,MAHARASHTRA,02/2016,07/2019,-,545.64,-,177.20,0/4
2021-09,AKOLA TO AKOT,MoRTH,N24001003,MAHARASHTRA,01/2017,06/2019,-,313.95,-,81.15,0/4
2021-09,AKOT TO ANJANGAON,MoRTH,N24001006,MAHARASHTRA,01/2017,06/2019,-,245.77,246.00,217.40,0/4
2021-09,KHAMGAON TO SHEGAON,MoRTH,N24001009,MAHARASHTRA,SH,O,05/2019,203.21,203.00,P,0/0
2021-09,SHEGAON TO DEORI PHATA,MoRTH,N24001010,MAHARASHTRA,02/2017,05/2019,-,373.10,373.00,314.20,0/4
2021-09,MEHKAR TO CHIKALI,MoRTH,N24001011,MAHARASHTRA,02/2017,05/2019,-,322.48,322.00,230.03,0/4
2021-09,CHIKALI TO KHAMGAON,MoRTH,N24001012,MAHARASHTRA,02/2017,06/2019,-,548.03,548.00,401.46,0/4
2021-09,DIGRAS DARWAH KARANJA,MoRTH,N24001013,MAHARASHTRA,01/2017,06/2019,-,391.06,391.00,235.49,0/0
2021-09,NANDGAON TO MORSHI,MoRTH,N24001014,MAHARASHTRA,01/2017,06/2019,-,385.87,386.00,258.29,0/0
2021-09,MORSHI TO ACHALPUR,MoRTH,N24001015,MAHARASHTRA,01/2017,06/2019,-,341.16,341.00,231.19,0/0
2021-09,MORSHI TO MAH/MP BORDER,MoRTH,N24001016,MAHARASHTRA,01/2017,06/2019,-,471.61,472.00,321.02,0/0
2021-09,DAHEGAON TO KUHI,MoRTH,N24001017,MAHARASHTRA,01/2017,06/2019,-,228.89,229.00,154.69,3/4
2021-09,BHANDARA TO GHOTITOK,MoRTH,N24001018,MAHARASHTRA,01/2017,06/2019,-,392.83,393.00,273.42,0/0
2021-09,KATOL TO WARUD,MoRTH,N24001019,MAHARASHTRA,01/2017,06/2019,-,463.62,664.00,258.30,0/4
2021-09,AMDI TO SAONER,MoRTH,N24001021,MAHARASHTRA,01/2017,06/2019,-,396.91,397.00,280.56,3/4
2021-09,WADI TO ASOLA,MoRTH,N24001022,MAHARASHTRA,01/2017,09/2019,-,363.82,364.00,39.43,1/4
2021-09,NAGAJ TO VAIJAPUR,MoRTH,N24001023,MAHARASHTRA,01/2017,06/2019,-,376.72,377.00,261.86,0/4
2021-09,MANGAON TO DIGHI PORT,MoRTH,N24001024,MAHARASHTRA,01/2017,07/2019,-,457.52,-,352.94,2/4
2021-09,INDAPAUR TO AGARDANDA,MoRTH,N24001025,MAHARASHTRA,01/2017,07/2019,-,355.17,-,269.58,3/4
2021-09,WAKAN PALI KHOPOLI,MoRTH,N24001026,MAHARASHTRA,01/2017,05/2019,-,376.19,-,70.16,1/4
2021-09,SHAHPUR PATGAON SECTION I,MoRTH,N24001027,MAHARASHTRA,01/2018,12/2019,-,150.79,-,59.88,1/4
2021-09,PATGAON KHOPOLI SECTION I,MoRTH,N24001028,MAHARASHTRA,01/2018,12/2019,-,170.00,-,118.19,0/4
2021-09,AHMADPUR TO PIMPLA,MoRTH,N24001029,MAHARASHTRA,01/2017,08/2019,-,422.38,-,224.47,2/4
2021-09,PIMPLA TO MANJARSUMBHA,MoRTH,N24001030,MAHARASHTRA,01/2017,08/2019,-,595.77,-,286.10,2/4
2021-09,MANJUSUMBA TO CHUMBALI,MoRTH,N24001031,MAHARASHTRA,01/2017,08/2019,-,228.54,-,159.32,2/4
2021-09,DEORI TO AMGAON,MoRTH,N24001032,MAHARASHTRA,01/2017,05/2019,-,409.62,410.00,227.76,0/4
2021-09,MANTHA TALUKAS BORDER TO PARTUR,MoRTH,N24001033,MAHARASHTRA,01/2017,07/2019,-,486.19,-,303.24,2/4
2021-09,PARTUR TO MAJALGAON,MoRTH,N24001034,MAHARASHTRA,01/2017,07/2019,-,420.57,-,261.37,2/4
2021-09,MANSAR TO SALAIKHURD,MoRTH,N24001035,MAHARASHTRA,SH,O,12/2019,418.36,-,P,0/4
2021-09,KAIJ TO KUSALAM,MoRTH,N24001037,MAHARASHTRA,01/2017,07/2019,-,554.78,-,292.74,2/4
2021-09,MAHAD TO RAIGAD FORT,MoRTH,N24001038,MAHARASHTRA,07/2018,05/2020,-,237.40,-,9.66,0/4
2021-09,JINTUR TO PARBHANI,MoRTH,N24001039,MAHARASHTRA,01/2017,-,-,356.66,-,122.34,0/4
2021-09,JAHIRABAD TO LATUR,MoRTH,N24001040,MAHARASHTRA,01/2017,11/2019,-,461.96,-,303.98,2/4
2021-09,SHIROD SHAHPURER TO NANDED,MoRTH,N24001041,MAHARASHTRA,01/2017,07/2019,-,211.34,-,128.55,2/4
2021-09,SALAIKHURD TO TIRORA,MoRTH,N24001042,MAHARASHTRA,01/2018,12/2019,-,415.25,415.25,262.66,0/4
2021-09,NILAJPHATA TO BHANDARA,MoRTH,N24001043,MAHARASHTRA,01/2018,05/2020,-,420.63,421.00,184.85,0/4
2021-09,KALMAB TO RALEGAON,MoRTH,N24001044,MAHARASHTRA,01/2017,06/2019,-,467.78,-,210.81,0/4
2021-09,JALGAON TO BHADGAON,MoRTH,N24001045,MAHARASHTRA,01/2018,11/2019,-,307.54,308.00,200.06,0/4
2021-09,RALEGAON TO RAMTIRTH,MoRTH,N24001046,MAHARASHTRA,01/2017,07/2019,-,210.81,-,210.81,0/4
2021-09,BHADGAON TO CHALISGAON,MoRTH,N24001047,MAHARASHTRA,01/2018,11/2019,-,259.55,260.00,204.49,0/0
2021-09,MEHKAR TO AJISPUR,MoRTH,N24001048,MAHARASHTRA,01/2017,07/2019,-,232.77,-,151.60,0/0
2021-09,KARAD TO VITA,MoRTH,N24001049,MAHARASHTRA,01/2018,12/2019,-,344.85,245.00,210.84,0/4
2021-09,VITA TO NAGAJ,MoRTH,N24001050,MAHARASHTRA,03/2018,12/2019,-,304.58,305.00,120.71,0/4
2021-09,NALDURG TO AKKALKOT,MoRTH,N24001051,MAHARASHTRA,02/2018,12/2019,-,274.50,275.00,143.39,0/4
2021-09,SANGOLA TO JATH,MoRTH,N24001052,MAHARASHTRA,01/2018,12/2019,-,257.38,257.00,147.24,0/4
2021-09,KARAD TO TAGAON,MoRTH,N24001053,MAHARASHTRA,01/2017,06/2019,-,537.81,538.00,182.58,0/4
2021-09,TASGAON TO SHIRDHON,MoRTH,N24001054,MAHARASHTRA,01/2017,11/2019,-,195.64,196.00,116.30,0/4
2021-09,HELWAK TO KARAD,MoRTH,N24001055,MAHARASHTRA,02/2017,07/2019,-,416.99,-,223.81,0/4
2021-09,TEMBHURNI PANDHARPUR MANGALWEDHA MARWADE UMDI,MoRTH,N24001056,MAHARASHTRA,02/2017,07/2019,-,422.02,422.00,297.76,0/0
2021-09,KARAD PATAN CHIPLUN GUHAGAR,MoRTH,N24001057,MAHARASHTRA,02/2017,06/2019,-,407.19,407.00,175.93,0/4
2021-09,KARWANDI TO RAJURI,MoRTH,N24001058,MAHARASHTRA,03/2018,12/2019,-,276.95,277.00,125.16,0/4
2021-09,SHIVUR TO YEOLA,MoRTH,N24001059,MAHARASHTRA,03/2018,12/2019,-,181.08,-,97.86,0/4
2021-09,PALPHATA TO PHULAMBARI,MoRTH,N24001060,MAHARASHTRA,03/2018,12/2019,-,227.19,227.00,138.05,0/4
2021-09,CHIKALI TO DHAD,MoRTH,N24001061,MAHARASHTRA,03/2018,12/2019,-,189.46,189.00,107.85,0/4
2021-09,DHAD BHOKARDAN TO BHOKARDHAN SILLOD,MoRTH,N24001062,MAHARASHTRA,SH,O,12/2019,336.21,336.00,P,0/4
2021-09,WADIGODRI TO DHANGRIPIMPRI,MoRTH,N24001063,MAHARASHTRA,03/2018,02/2020,-,194.23,194.00,106.45,0/4
2021-09,DHANGIPIMPRI TO JALNA AND AMBAD CHOWK TO MANTH CHOWK,MoRTH,N24001064,MAHARASHTRA,03/2018,02/2020,-,217.14,217.00,134.90,0/4
2021-09,PARBHANI TO GANGKHED,MoRTH,N24001065,MAHARASHTRA,03/2018,12/2019,-,238.19,238.00,177.80,0/4
2021-09,LATUR TO PANGAON,MoRTH,N24001066,MAHARASHTRA,03/2018,12/2019,-,336.47,336.00,185.03,0/4
2021-09,OMREGA TO AUSA,MoRTH,N24001067,MAHARASHTRA,03/2018,12/2019,-,272.04,272.00,218.03,0/4
2021-09,WASHIM TO DASTAPUR,MoRTH,N24001068,MAHARASHTRA,03/2018,12/2019,-,165.51,-,133.93,1/4
2021-09,NANDED TO JALKOT,MoRTH,N24001069,MAHARASHTRA,12/2017,09/2019,-,456.93,457.00,155.00,1/4
2021-09,DASTAPUR TO KARANJA,MoRTH,N24001070,MAHARASHTRA,03/2018,12/2019,-,182.63,-,137.99,2/4
2021-09,JALKOT TO TOGRI,MoRTH,N24001071,MAHARASHTRA,07/2018,08/2020,-,299.92,300.00,169.59,0/4
2021-09,KHERDA TO NAGZARI,MoRTH,N24001072,MAHARASHTRA,03/2018,12/2019,-,181.30,-,137.37,0/4
2021-09,KOTHARI TO DHANORA,MoRTH,N24001073,MAHARASHTRA,09/2018,08/2020,-,301.38,301.00,144.50,0/0
2021-09,KHAMGAON TO DEULGAON SAKARSHA,MoRTH,N24001074,MAHARASHTRA,03/2018,12/2019,-,249.29,-,155.48,0/0
2021-09,OSMANNAGAR TO KUNDRAL,MoRTH,N24001075,MAHARASHTRA,09/2017,08/2020,-,344.25,344.00,139.00,0/4
2021-09,DEULGAON SAKARSHA TO MEHKAR,MoRTH,N24001076,MAHARASHTRA,03/2018,12/2019,-,219.91,-,123.76,0/0
2021-09,KUNDRAL TO WAZAR,MoRTH,N24001077,MAHARASHTRA,01/2018,12/2019,-,225.25,225.00,199.34,2/4
2021-09,PUNE TO MALE VILLAGE,MoRTH,N24001078,MAHARASHTRA,03/2018,12/2019,-,228.31,-,73.45,0/0
2021-09,ARDHAPUR TO HIMAYATNAGAR,MoRTH,N24001079,MAHARASHTRA,12/2017,06/2020,-,426.06,426.00,190.63,1/4
2021-09,MALE VILLAGE TO PUNE RAIGARH DISTRICT BORDER,MoRTH,N24001080,MAHARASHTRA,03/2018,12/2019,-,256.15,-,174.63,0/0
2021-09,HIMAYATNAGAR TO PHULSAWANGI,MoRTH,N24001081,MAHARASHTRA,03/2018,12/2019,-,294.87,295.00,120.82,1/4
2021-09,PUNE RAIGARH DISTRICT BORDER TO MANGAON,MoRTH,N24001082,MAHARASHTRA,03/2018,12/2019,-,223.46,-,52.22,0/0
2021-09,CHIKLI TO TAKARKHED,MoRTH,N24001083,MAHARASHTRA,03/2018,12/2019,-,393.10,393.00,240.73,2/4
2021-09,PAHUR TO BODHWAD,MoRTH,N24001084,MAHARASHTRA,01/2017,05/2020,-,244.93,-,159.96,0/4
2021-09,TAKARKHED TO JALNA,MoRTH,N24001085,MAHARASHTRA,09/2017,06/2019,-,417.90,418.00,237.50,0/4
2021-09,BODHWAD TO STATE BORDER,MoRTH,N24001086,MAHARASHTRA,01/2017,07/2019,-,178.26,-,159.96,0/4
2021-09,MANGRUPHIR TO MAHAN,MoRTH,N24001087,MAHARASHTRA,SH,O,11/2019,222.13,222.00,P,0/4
2021-09,JALGAON TO NANDURA,MoRTH,N24001088,MAHARASHTRA,03/2018,12/2019,-,177.84,177.00,110.20,0/0
2021-09,MALEGAON TO RISOD,MoRTH,N24001089,MAHARASHTRA,02/2018,12/2019,-,303.24,303.00,193.15,0/4
2021-09,KOLDE TO KHETIYA,MoRTH,N24001090,MAHARASHTRA,01/2017,07/2019,-,509.18,-,228.82,0/4
2021-09,REHABILITATION AND UPGRADATION OF NH 200 FROM KM 241.553 TO 312.600 MASANIAKALA TO RENGAPALI ODISHA,MoRTH,N24001091,MAHARASHTRA,03/2016,12/2019,12/2021,536.65,356.00,551.91,0/0
2021-09,SATARA TO MHASWAD,MoRTH,N24001092,MAHARASHTRA,01/2017,07/2019,-,653.46,-,258.53,0/4
2021-09,ARNI TO NAIGAINBANDI,MoRTH,N24001093,MAHARASHTRA,12/2017,12/2019,-,309.94,310.00,190.46,0/0
2021-09,NAIGAONBANDI TO MANGRULPIR,MoRTH,N24001094,MAHARASHTRA,12/2017,03/2019,-,244.04,244.00,161.70,0/0
2021-09,SATARA MURVAD PILLOV PANDHARPUR,MoRTH,N24001095,MAHARASHTRA,01/2017,-,-,388.44,-,199.61,0/0
2021-09,TALEGAON TO GONAPUR,MoRTH,N24001096,MAHARASHTRA,01/2018,03/2019,-,264.41,264.00,173.14,0/0
2021-09,SELDOH TO PANVAR,MoRTH,N24001097,MAHARASHTRA,07/2018,05/2020,-,404.33,404.00,22.40,0/4
2021-09,WARDHA TO HINGAGHAT,MoRTH,N24001098,MAHARASHTRA,01/2018,12/2019,-,216.90,217.00,144.43,1/4
2021-09,MHASWAD TO TEMBHURNI,MoRTH,N24001099,MAHARASHTRA,01/2017,07/2019,-,488.60,-,224.72,0/4
2021-09,AHMEDNAGAR TO BARAMATI,MoRTH,N24001100,MAHARASHTRA,01/2017,08/2019,-,955.40,-,459.15,0/4
2021-09,KURUDWADI TO PANDHARPUR,MoRTH,N24001101,MAHARASHTRA,01/2017,07/2019,-,307.63,-,190.69,0/4
2021-09,PANDHARPUR TO SANGOLA,MoRTH,N24001102,MAHARASHTRA,07/2017,07/2019,-,218.38,-,170.80,0/4
2021-09,SARAD VANI PIMPALGAON,MoRTH,N24001103,MAHARASHTRA,01/2017,07/2019,-,250.46,-,174.16,0/4
2021-09,MALEWADA TO CHIMUR,MoRTH,N24001104,MAHARASHTRA,10/2016,06/2019,-,322.55,-,189.60,2/4
2021-09,CHIMUR TO WARORA,MoRTH,N24001105,MAHARASHTRA,11/2016,03/2019,-,467.70,-,170.22,0/4
2021-09,PEN TO KHOPOLI,MoRTH,N24001106,MAHARASHTRA,03/2018,03/2018,-,301.39,302.00,78.99,0/4
2021-09,PANCHARAL TO MANDANGHAR,MoRTH,N24001107,MAHARASHTRA,07/2018,05/2020,-,381.08,302.00,9.66,0/4
2021-09,CHALISGAON TO NANDGAON,MoRTH,N24001108,MAHARASHTRA,03/2018,12/2019,-,206.97,207.00,142.46,0/4
2021-09,KUSUMBA TO MALEGAON,MoRTH,N24001109,MAHARASHTRA,03/2018,12/2019,-,243.45,244.00,154.68,0/4
2021-09,BAMNI TO NAVAEGAON,MoRTH,N24001110,MAHARASHTRA,09/2017,04/2020,-,241.69,242.00,166.84,1/4
2021-09,KOLHA TO NASRATPUR,MoRTH,N24001111,MAHARASHTRA,04/2016,04/2019,-,281.78,282.00,74.00,0/4
2021-09,NASRATPUR TO BARASGAON,MoRTH,N24001112,MAHARASHTRA,SH,O,09/2019,406.54,407.00,P,2/4
2021-09,BARASGAON TO RAHATEE,MoRTH,N24001113,MAHARASHTRA,07/2016,09/2018,-,289.11,290.00,101.90,0/4
2021-09,INDAPUR TO VADPALE,MoRTH,N24001114,MAHARASHTRA,01/2017,12/2019,-,"1,202.52","1,203.00",791.90,1/4
2021-09,VADPALE TO BHOGAN KHURD,MoRTH,N24001115,MAHARASHTRA,01/2017,11/2019,-,"1,598.47","1,560.00","1,020.24",1/4
2021-09,GADCHIROLI TO MUL,MoRTH,N24001116,MAHARASHTRA,12/2016,06/2019,-,484.15,-,321.93,2/4
2021-09,MUL TO CHANDRAPUR,MoRTH,N24001117,MAHARASHTRA,12/2016,07/2019,-,162.34,-,48.40,1/4
2021-09,SAKOLI TO BHANDARA,MoRTH,N24001118,MAHARASHTRA,01/2017,06/2019,-,362.96,-,148.22,0/4
2021-09,NAGBHID TO ARMORI,MoRTH,N24001119,MAHARASHTRA,09/2016,07/2019,-,269.05,-,222.40,0/4
2021-09,NASHIK TO PETH,MoRTH,N24001121,MAHARASHTRA,12/2015,11/2018,-,289.60,-,210.10,0/4
2021-09,PAITHAN TO SHIRUR,MoRTH,N24001122,MAHARASHTRA,03/2017,06/2019,-,341.80,-,155.96,0/4
2021-09,SHIRUR TO KHARDA,MoRTH,N24001123,MAHARASHTRA,02/2017,06/2019,-,381.77,-,186.62,0/4
2021-09,AURANGABAD TO SILLOD,MoRTH,N24001124,MAHARASHTRA,02/2017,06/2019,-,456.32,-,330.00,0/4
2021-09,SILLOD TO FARDAPUR,MoRTH,N24001125,MAHARASHTRA,02/2017,06/2019,-,337.46,-,231.00,0/4
2021-09,FARDAPUR TO JALGAON,MoRTH,N24001126,MAHARASHTRA,02/2017,06/2019,-,456.45,-,285.49,0/4
2021-09,KUMBHARI PHTA TO DEULGAON RAJA,MoRTH,N24001127,MAHARASHTRA,02/2017,06/2019,-,406.51,-,290.64,0/0
2021-09,BHOKAR TO SARSAM,MoRTH,N24001128,MAHARASHTRA,02/2017,07/2019,-,295.09,-,169.64,0/4
2021-09,BHOGAN KHURD TO KASHEDI,MoRTH,N24001132,MAHARASHTRA,09/2017,06/2021,-,743.21,743.00,290.00,1/4
2021-09,PARSHURAM GHAT TO ARAWALI,MoRTH,N24001133,MAHARASHTRA,04/2016,12/2019,-,983.14,983.00,709.06,1/4
2021-09,KANTE TO WAKED,MoRTH,N24001134,MAHARASHTRA,03/2016,11/2019,-,"1,230.02","1,230.00",631.68,1/4
2021-09,WAKED TO TALEGAON,MoRTH,N24001135,MAHARASHTRA,02/2016,02/2019,-,"1,244.75","1,245.00",840.10,0/0
2021-09,TALGAON TO KALMATH,MoRTH,N24001136,MAHARASHTRA,10/2016,03/2020,-,904.70,905.00,969.90,2/4
2021-09,KALMATH TO ZARAP,MoRTH,N24001137,MAHARASHTRA,09/2016,03/2020,-,"1,338.13","1,338.00","1,346.39",3/5
2021-09,PARLI PIMPLA DAHIGUDA,MoRTH,N24001138,MAHARASHTRA,02/2017,06/2019,-,205.72,206.00,71.12,1/4
2021-09,RISOD TO HINGOLI,MoRTH,N24001149,MAHARASHTRA,02/2018,12/2019,-,355.99,-,238.22,0/0
2021-09,WARDHA TO ARVI,MoRTH,N24001150,MAHARASHTRA,02/2018,04/2020,-,313.58,-,181.24,0/4
2021-09,MOHOL TO WAKHARI PACKAGE1 SANT DNYANESHWAR MAHARAJ PALKHI MARG SECTION OF NH965,NHAI,N24001377,MAHARASHTRA,02/2019,11/2019,-,731.89,731.89,243.00,0/0
2021-09,WAKHARI TO KHUDUS PACKAGE2 SANT DNYANESHWAR MAHARAJ PALKHI MARG SECTION OF NH965,NHAI,N24001378,MAHARASHTRA,SH,O,11/2019,362.46,362.46,P,0/0
2021-09,KHUDUS TO DHARAMPURI PACKAGE 3 SANT DNYANESHWAR MAHARAJ PALKHI MARG SECTION OF NH965,NHAI,N24001379,MAHARASHTRA,02/2019,11/2019,-,594.75,594.75,144.02,0/0
2021-09,TWO- LANE WITH PAVED SHOULDER CONFIGURATION OF IMPHAL - MOREH SECTION OF NH-39 FROM KM 350.00 TO KM,NHIDCL,N24000869,MANIPUR,08/2017,10/2018,-,517.57,-,432.93,4/4
2021-09,IMPROVEMENT/WIDENING TO 2 LANING OF STRETCH FROM KHONGSANG TO TAMENGLONG OF NH-137,NHIDCL,N24001268,MANIPUR,03/2019,07/2022,-,471.00,-,136.34,2/4
2021-09,2-LANING OF CHURACHANDPUR TUIVAI SECTION OF NH-102B (PKG- 2A),NHIDCL,N24001270,MANIPUR,03/2020,06/2022,-,292.24,-,32.76,1/4
2021-09,2-LANING OF CHURACHANDPUR TUIVAI SECTION OF NH-102B (PKG- 2B),NHIDCL,N24001271,MANIPUR,06/2020,08/2022,-,365.53,-,38.49,1/4
2021-09,2-LANING OF CHURACHANDPUR TUIVAI SECTION OF NH-102B (PKG- 4A),NHIDCL,N24001272,MANIPUR,03/2020,06/2022,-,167.95,-,28.20,1/4
2021-09,2-LANING OF CHURACHANDPUR TUIVAI SECTION OF NH-102B (PKG- 4B),NHIDCL,N24001273,MANIPUR,07/2020,08/2022,-,177.76,-,25.18,1/4
2021-09,IMPROVEMENT/UPGRADATION OF EXISTING 2-LANE TO 4-LANE DIVIDED HIGHWAY FROM TAPHOU KUKI TO DAILI SECTI,NHIDCL,N24001274,MANIPUR,08/2020,04/2022,-,379.39,-,2.29,0/4
2021-09,IMPROVEMENT/UPGRADATION OF EXISTING 2-LANE TO 4-LANE DIVIDED HIGHWAY FROM DAILI TO KURAOPOKPI SECTIO,NHIDCL,N24001275,MANIPUR,08/2020,04/2022,-,268.98,-,.00,0/4
2021-09,IMPROVEMENT/UPGRADATION OF EXISTING 2-LANE TO 4-LANE DIVIDED HIGHWAY FROM KURAOPOKPI TO SEKMAI SECTI,NHIDCL,N24001276,MANIPUR,08/2020,04/2022,-,228.97,-,.00,0/4
2021-09,2-LANING OF CHURACHANDPUR TUIVAI SECTION OF NH-102B (1A PACKAGES),NHIDCL,N24001312,MANIPUR,03/2020,06/2022,-,167.95,-,40.95,1/4
2021-09,MARIAM - PEREN PKG-1A,NHIDCL,N24001349,MANIPUR,02/2021,12/2022,-,226.32,-,.00,0/4
2021-09,MARIAM - PEREN (PKG 1B),NHIDCL,N24001350,MANIPUR,02/2021,12/2022,-,188.36,-,.00,0/4
2021-09,MARIAM - PEREN PKG-2B,NHIDCL,N24001351,MANIPUR,02/2021,12/2022,-,232.26,-,.00,0/4
2021-09,IMPHAL – MOREH PACKAGE- 3,NHIDCL,N24001352,MANIPUR,03/2021,12/2022,-,259.31,-,15.80,1/4
2021-09,IMPHAL - KHONGSANG PKG-2,NHIDCL,N24001353,MANIPUR,03/2021,12/2022,-,195.14,-,.00,0/4
2021-09,TAMENGLONG - MAHUR PKG-3,NHIDCL,N24001354,MANIPUR,03/2021,12/2022,-,234.08,-,.00,0/4
2021-09,MARIAM - PEREN (PKG 2A),NHIDCL,N24001398,MANIPUR,07/2021,03/2023,-,204.58,-,.00,0/0
2021-09,IMPHAL – MOREH (PACKAGE 4),NHIDCL,N24001399,MANIPUR,SH,O,01/2023,277.99,-,P,0/0
2021-09,SENAPATI- IMPHAL PKG-5B,NHIDCL,N24001400,MANIPUR,03/2021,01/2023,-,211.70,-,.00,0/4
2021-09,IMPHAL - KHONGSANG PKG-3,NHIDCL,N24001401,MANIPUR,07/2021,03/2023,-,467.00,-,.00,0/0
2021-09,TAMENGLONG - MAHUR PKG-1,NHIDCL,N24001402,MANIPUR,07/2021,03/2023,-,185.80,-,.00,0/0
2021-09,TAMENGLONG - MAHUR PKG-2,NHIDCL,N24001403,MANIPUR,07/2021,03/2023,-,483.87,-,.00,0/0
2021-09,TAMENGLONG - MAHUR PKG-4,NHIDCL,N24001404,MANIPUR,07/2021,03/2023,-,198.77,-,.00,0/0
2021-09,CHURACHANPUR TUIVAI PKG-3,NHIDCL,N24001405,MANIPUR,07/2021,10/2023,-,673.27,-,.00,0/0
2021-09,TWO LANING WITH PS OF JOWAI -MEHALAYA /ASSAM BORDER SECTION OF NH-44,NHAI,N24000517,MEGHALAYA,12/2015,05/2018,-,479.20,-,712.89,0/0
2021-09,WIDENING TO 2-LANE WITH GEOMETRIC IMPROVEMENTS OF TURA DALU ROAD UNDER JICA FUNDING FROM KM 85.000 T,NHIDCL,N24000771,MEGHALAYA,04/2017,-,09/2021,553.51,-,197.11,2/4
2021-09,IMPROVEMENT/WIDENING TO 2-LANE WITH EARTHEN SHOULDERS FROM RANIKOR TO NONGJRI EXISTING CHAINAGE FROM,NHIDCL,N24000903,MEGHALAYA,03/2019,05/2019,-,306.28,-,133.81,2/4
2021-09,IMPROVEMENT/WIDENING TO 2-L WITH PAVED SHOULDER FROM (DESIGN KM 0.00 TO KM 10.670) / 4-LANING FROM (,NHIDCL,N24001313,MEGHALAYA,11/2020,12/2023,-,351.12,-,168.18,0/4
2021-09,IMPROVEMENT/WIDENING TO 2-LANE WITH PAVED SHOULDER FROM (DESIGN KM 10.670 TO KM 37.550) BETWEEN SHIL,NHIDCL,N24001314,MEGHALAYA,11/2020,12/2023,-,525.68,-,282.05,0/4
2021-09,IMPROVEMENT/WIDENING TO 2-LANE WITH PAVED SHOULDER FROM (DESIGN KM 45.760 TO KM 63.530) BETWEEN SHIL,NHIDCL,N24001334,MEGHALAYA,11/2020,12/2023,-,445.51,-,170.01,0/4
2021-09,IMPROVEMENT/WIDENING TO 2-LANE WITH PAVED SHOULDER / 4-LANING FROM (DESIGN KM 63.530 TO KM 71.520) B,NHIDCL,N24001335,MEGHALAYA,11/2020,12/2023,-,284.21,-,40.21,0/4
2021-09,RANIKOR-MAHESHKHOLA- BAGHMARA (RMB) PKG-4 (KANAI-RONGARA),NHIDCL,N24001339,MEGHALAYA,10/2020,04/2022,-,157.86,-,53.54,1/4
2021-09,RANIKOR-MAHESHKHOLA- BAGHMARA (RMB) PKG-3,NHIDCL,N24001360,MEGHALAYA,03/2021,12/2022,-,260.21,-,38.58,0/4
2021-09,WIDENING TO 2 LANE RE-ALIGNMENT AND GEOMETRIC IMPROVEMENT FROM KM 11/00 TO KM 114/618 OF NH-44A IN,MoRTH,N24000306,MIZORAM,11/2010,03/2011,12/2021,624.41,-,978.43,0/0
2021-09,CONSTRUCTION OF A NEW 2-LANE HIGHWAY FROM KM 71/00 TO 99/83 IN MIZORAM TO SUPPORT KALADAN MULTI MOD,MoRTH,N24000308,MIZORAM,SH,O,10/2010,193.69,-,P,0/0
2021-09,CONSTRUCTION OF A NEW 2-LANE HIGHWAY FROM KM 0.00 (ON NH-54 NEAR LAWNGTLAI),MoRTH,N24000415,MIZORAM,08/2010,10/2010,12/2021,195.04,-,368.39,0/0
2021-09,WIDENING AND UP-GRADATION TO 2-LANE WITH PAVED SHOULDER CONFIGURATION AND GEOMETRIC IMPROVEMENTS FRO,NHIDCL,N24000857,MIZORAM,04/2017,09/2019,-,519.09,-,71.41,1/4
2021-09,WIDENING AND UP-GRADATION TO 2-LANE WITH PAVED SHOULDER CONFIGURATION AND GEOMETRIC IMPROVEMENTS FRO,NHIDCL,N24000858,MIZORAM,04/2017,09/2019,06/2023,640.07,-,93.50,1/4
2021-09,WIDENING AND UP-GRADATION TO 2-LANE WITH PAVED SHOULDER CONFIGURATION AND GEOMETRIC IMPROVEMENTS FRO,NHIDCL,N24000859,MIZORAM,04/2017,09/2019,04/2023,642.96,-,104.37,1/4
2021-09,WIDENING AND UP-GRADATION TO 2-LANE WITH PAVED SHOULDER CONFIGURATION AND GEOMETRIC IMPROVEMENTS FRO,NHIDCL,N24000861,MIZORAM,04/2017,09/2019,04/2023,473.18,-,110.69,1/4
2021-09,WIDENING AND UP-GRADATION TO 2-LANE WITH PAVED SHOULDER CONFIGURATION AND GEOMETRIC IMPROVEMENTS FRO,NHIDCL,N24000862,MIZORAM,04/2017,09/2019,06/2023,537.82,-,122.99,1/4
2021-09,WIDENING AND UP-GRADATION TO 2-LANE WITH PAVED SHOULDER CONFIGURATION AND GEOMETRIC IMPROVEMENTS FRO,NHIDCL,N24000863,MIZORAM,04/2017,09/2019,04/2023,518.53,-,124.18,1/4
2021-09,WIDENING AND UP-GRADATION TO 2-LANE WITH PAVED SHOULDER CONFIGURATION AND GEOMETRIC IMPROVEMENTS FRO,NHIDCL,N24000864,MIZORAM,04/2017,09/2019,03/2024,404.29,-,35.60,0/4
2021-09,WIDENING AND UP-GRADATION TO 2-LANE WITH PAVED SHOULDER CONFIGURATION AND GEOMETRIC IMPROVEMENTS FRO,NHIDCL,N24000865,MIZORAM,04/2017,09/2019,09/2023,428.11,-,71.30,1/4
2021-09,CONSTRUCTION OF A NEW 2-LANE HIGHWAY FROM KM 38/00 TO 71/00 IN MIZORAM TO SUPPORT KALADAN MULTI MOD,MoRTH,N24001181,MIZORAM,08/2010,09/2014,12/2021,186.96,-,308.85,0/0
2021-09,CONSTRUCTION OF 2-LANE WITH PAVED SHOULDER OF FLEXIBLE PAVEMENT FROM KM 42.80 TO KM 60.30 ON NH NO.1,MoRTH,N24001182,MIZORAM,01/2017,01/2021,-,205.95,-,100.92,0/0
2021-09,CONSTRUCTION OF CHHIATHLANG -SERCHHIP BYPASS (PKG-1) ON AIZAWL-TUIPANG SECTION OF NH-54,NHIDCL,N24001277,MIZORAM,09/2020,10/2022,-,275.02,-,22.39,1/4
2021-09,CONSTRUCTION OF TWO LANE WITH PAVED SHOULDER OF SELLING-DULTE SECTION OF NH-06 (PKG-I),NHIDCL,N24001278,MIZORAM,03/2020,07/2022,-,206.88,-,22.06,1/4
2021-09,CONSTRUCTION OF TWO LANE WITH PAVED SHOULDER OF SELLING-DULTE SECTION OF NH-06 (PKG-II),NHIDCL,N24001279,MIZORAM,03/2020,07/2022,-,216.49,-,48.98,1/4
2021-09,CONSTRUCTION OF TWO LANE WITH PAVED SHOULDER OF SELLING-DULTE SECTION OF NH-06 (PKG-III),NHIDCL,N24001281,MIZORAM,SH,O,07/2022,292.24,-,P,0/4
2021-09,CONSTRUCTION OF TWO LANE WITH PAVED SHOULDER OF SELLING-DULTE SECTION OF NH-06 (PKG-IV),NHIDCL,N24001283,MIZORAM,03/2020,07/2022,-,281.78,-,84.82,2/4
2021-09,DULTE- KWALKULH - CHAMPAI PKG.1,NHIDCL,N24001355,MIZORAM,03/2021,12/2022,-,374.39,-,12.31,0/4
2021-09,DULTE- KWALKULH - CHAMPAI PKG.2,NHIDCL,N24001356,MIZORAM,03/2021,12/2022,-,233.25,-,.00,0/4
2021-09,DULTE- KWALKULH - CHAMPAI PKG.3,NHIDCL,N24001357,MIZORAM,03/2021,06/2023,-,674.71,-,.00,0/4
2021-09,TLABUNG - LUNGLEI PKG-A,NHIDCL,N24001358,MIZORAM,03/2021,12/2022,-,698.44,-,.00,0/4
2021-09,TLABUNG - LUNGLEI PKG-B,NHIDCL,N24001359,MIZORAM,03/2021,01/2023,-,740.58,-,.00,0/4
2021-09,GWALIOR-JHANSI NH-75,NHAI,N24000089,MULTI STATE,12/2003,12/2009,09/2020,604.00,-,332.18,0/0
2021-09,SURAT- DAHISAR(SIX LANE) KM 263 TO KM 502,NHAI,N24000131,MULTI STATE,02/2009,08/2011,-,"1,693.75",-,"2,848.49",2/2
2021-09,4 LANING OF NAGPUR-BETUL,NHAI,N24000155,MULTI STATE,02/2011,08/2014,-,"2,498.76",-,"2,531.46",0/0
2021-09,VARANASI-AURANGABAD KM.786 TO KM.978.40,NHAI,N24000182,MULTI STATE,09/2011,03/2014,-,"2,848.00",-,"3,379.45",0/0
2021-09,MUZAFFARNAGAR-HARIDWAR,NHAI,N24000201,MULTI STATE,09/2011,03/2013,-,754.00,-,"1,364.18",0/0
2021-09,DELHI AGRA APPROVED LENGTH 180.0 KM,NHAI,N24000224,MULTI STATE,10/2012,04/2015,01/2021,"1,928.22","1,928.22","1,876.06",3/4
2021-09,SIX LANNING FROM KM 287.400 TO KM 401.200 SECTION OF NH- 8 IN THE STATE OF RAJASTHAN AND GUJARAT(APP,NHAI,N24000624,MULTI STATE,09/2016,-,-,"1,244.10",-,"1,663.00",0/0
2021-09,FOUR LANING OF PUDUCHERRY - POONDIYANKUPPAM SECTION OF NH 45 A (NEW NH 332) FROM KM 29.000 TO KM 67.,NHAI,N24000831,MULTI STATE,03/2018,-,-,"1,294.47",-,.00,0/0
2021-09,FOUR LANING OF VILUPPURAM - PUDUCHERRY SECTION OF NH 45 A (NEW NH 32) FROM KM 0.000 TO KM 29.000 (DE,NHAI,N24000832,MULTI STATE,03/2018,-,-,998.70,-,.00,0/0
2021-09,FOUR LANING OF DIMAPUR KOHIMA ROAD FROM DESIGN KM 123.840 TO KM 138.775 (EXISTING KM 124.100 TO KM 1,NHIDCL,N24000686,NAGALAND,03/2016,08/2016,-,373.07,-,336.83,3/4
2021-09,FOUR LANING OF DIMAPUR KOHIMA ROAD FROM DESIGN KM 138.775 TO KM 152.490 (EXISTING KM 140.000 TO KM 1,NHIDCL,N24000687,NAGALAND,03/2016,08/2016,-,396.52,-,303.58,3/4
2021-09,(I) CONSTRUCTION OF FOUR/SIX LANING FROM KM 132.375 TO KM 158.058 (TOTAL NEW ALIGNMENT LENGTH OF 20.,NHIDCL,N24000752,NAGALAND,02/2017,09/2018,-,387.00,-,315.99,3/4
2021-09,(II) CONSTRUCTION OF DIMAPUR BYPASS (ASSAM PORTION) OF 4/6 LANE PAVEMENT ON EPC BASIS FROM EXISTING,NHIDCL,N24000753,NAGALAND,03/2018,09/2018,-,500.09,-,115.32,2/4
2021-09,CONSTRUCTION OF TWO LANE WITH HARD SHOULDERS OF CFHAKABAMLA-ZUNHEBAOTO ROAD FROM EXISTING KM 00.000 TO,NHIDCL,N24000754,NAGALAND,03/2018,09/2018,O-,339.57,-,169.77,2/4
2021-09,CONSTRUCTION OF TWO LANE WITH HARD SHOULDERS OF CHAKABAMA- ZUNHEBOTO ROAD FROM EXISTING KM 25.760 TO,NHIDCL,N24000755,NAGALAND,03/2018,09/2018,-,239.30,-,116.27,2/4
2021-09,CONSTRUCTION OF TWO LANE WITH HARD SHOULDERS OF CHAKABAMA- ZUNHEBOTO ROAD FROM EXISTING KM 52.370 TO,NHIDCL,N24000756,NAGALAND,03/2018,09/2018,-,285.68,-,84.86,2/4
2021-09,CONSTRUCTION OF TWO LANE WITH HARD SHOULDERS OF CHAKABAMA-ZUNHEBOTO ROAD FROM EXISTING KM 79.040 TO,NHIDCL,N24000757,NAGALAND,03/2018,09/2018,-,315.03,-,112.90,0/4
2021-09,CONSTRUCTION OF TWO LANE WITH HARD SHOULDERS OF CHAKABAMA-ZUNHEBOTO ROAD FROM EXISTING KM100.345 TO,NHIDCL,N24000758,NAGALAND,03/2018,09/2018,-,240.64,-,112.90,0/4
2021-09,CONSTRUCTION OF TWO-LANE WITH HARD SHOULDERS OF PFUTSERO PHEK ROAD FROM EXISTING KM 00.000 TO KM19.9,NHIDCL,N24000759,NAGALAND,03/2018,09/2018,-,237.72,-,120.12,3/4
2021-09,CONSTRUCTION OF TWO LANE WITH HARD SHOULDERS OF PFUTSERO-PHEK ROAD FROM EXISTING KM 19.900 TO KM40.0,NHIDCL,N24000760,NAGALAND,03/2018,09/2018,-,251.97,-,146.10,3/4
2021-09,CONSTRUCTION OF TWO LANE WITH HARD SHOULDERS OF PFUTSERO-PHEK ROAD FROM EXISTING KM 40.090 TO KM65.,NHIDCL,N24000761,NAGALAND,03/2018,09/2018,-,282.98,-,153.26,2/4
2021-09,CONSTRUCTION OF TWO LANE WITH HARD SHOULDERS OF MERANGKONG-TAMLU-MON ROAD FROM EXISTING KM 00.000 TO,NHIDCL,N24000762,NAGALAND,03/2018,09/2018,-,215.12,-,108.86,1/4
2021-09,CONSTRUCTION OF TWO LANE WITH HARD SHOULDERS OF MERANGKONG-TAMLU-MON ROAD FROM EXISTING KM 20.456 TO,NHIDCL,N24000763,NAGALAND,03/2018,09/2018,-,215.79,-,77.59,1/4
2021-09,CONSTRUCTION OF TWO LANE WITH HARD SHOULDERS OF MERANGKONG-TAMLU-MON ROAD FROM EXISTING KM 41.065 TO,NHIDCL,N24000764,NAGALAND,03/2018,09/2018,-,272.89,-,63.44,0/4
2021-09,STRENGTHENING AND WIDENING TO TWO LANE WITH PAVED SHOULDER OF NH-61 FROM KM 40.00 TO KM 72.40 UNDER,MoRTH,N24001175,NAGALAND,10/2016,12/2020,09/2021,167.62,-,118.61,0/0
2021-09,STRENGTHENING AND WIDENING TO TWO LANE WITH PAVED SHOULDER OF NH-61 FROM KM 40.00 TO KM 72.40 UNDER,MoRTH,N24001176,NAGALAND,10/2016,12/2020,09/2021,172.63,-,132.43,0/0
2021-09,IMPROVEMENT OF CITY PORTION OF KOHIMA AND DIMAPUR CITY OF NH-39 IN THE STATE OF NAGALAND UNDER EPC M,MoRTH,N24001178,NAGALAND,11/2016,09/2019,-,336.25,369.96,322.13,0/0
2021-09,CONSTRUCTION OF 2 LANE WITH PAVED SHOULDER FROM KM. 168 TO 183.783 (YESEMYONG TO UNGER) ON MOKOKCHUN,MoRTH,N24001179,NAGALAND,03/2017,11/2020,O,217.35,-,104.81,0/0
2021-09,WIDENING OF EXISTING SINGLE/INTERMEDIATE LANE ROAD TO 2 LANE ROAD FROM KM. 83.00 TO KM 101.00 ON NH-,MoRTH,N24001180,NAGALAND,03/2019,12/2022,-,237.51,-,96.49,0/0
2021-09,CONSTRUCTION OF 2-LANE WITH PAVED SHOULDER OF KOHIMA-BYPASS ROAD FROM DESIGN KM10.500 TO 21.00KM,NHIDCL,D - [N24001255,NAGALAND,09/2020,10/2022,-,277.44,177.00,28.84,0/4
2021-09,CONSTRUCTION OF 2-LANE WITH PAVED SHOULDER OF KOHIMA-BYPASS ROAD FROM DSIGN KM32.0 TO KM43.454,NHIDCL,DES - [N24001258,NAGALAND,08/2020,04/2022,-,202.36,-,3.90,0/4
2021-09,UPGRADATION OF EXISTING ROAD TO 2-LANE WITH PAVED SHOULDER FROM KOHIMA TO MAO FROM KM 185.540 TO KM,NHIDCL,N24001259,NAGALAND,09/2020,04/2022,-,315.63,-,8.67,0/4
2021-09,CONSTRUCTION OF 2-LANE WITH HARD SHOULDER OF PEREN-DIMAPUR SECTION ON NH129A FROM DESIGN KM109.494 T,NHIDCL,N24001260,NAGALAND,09/2020,04/2022,-,257.15,-,40.94,1/4
2021-09,2 LANING OF KOHIMA - JESSAMI SECTION (PACKAGE I),NHIDCL,N24001280,NAGALAND,03/2020,06/2022,-,320.97,-,39.60,1/4
2021-09,2 LANING OF KOHIMA - JESSAMI SECTION (PACKAGE II),NHIDCL,N24001282,NAGALAND,03/2020,06/2022,-,355.79,-,55.79,1/4
2021-09,2 LANING OF KOHIMA - JESSAMI SECTION (PACKAGE III),NHIDCL,N24001284,NAGALAND,03/2020,06/2022,-,361.53,-,23.62,1/4
2021-09,2 LANING OF KOHIMA - JESSAMI SECTION (PACKAGE IV),NHIDCL,N24001285,NAGALAND,03/2020,12/2021,-,330.78,-,47.62,1/4
2021-09,2-LANING OF CHANGTONGYA TO LONGLENG ROAD OF NH-702 (PKG-I),NHIDCL,N24001286,NAGALAND,03/2020,06/2022,-,278.95,-,79.89,2/4
2021-09,2 LANING OF KOHIMA - JESSAMI SECTION (PACKAGE V),NHIDCL,N24001287,NAGALAND,04/2020,12/2021,-,330.80,-,34.12,1/4
2021-09,CHANGTONGYA TO LONGLENG ROAD PKG-2,NHIDCL,N24001389,NAGALAND,03/2020,06/2022,-,206.53,-,.00,0/4
2021-09,PEREN-DIMAPUR SECTION PKG-2,NHIDCL,N24001406,NAGALAND,07/2021,03/2023,-,258.52,-,.00,0/0
2021-09,PEREN-DIMAPUR PKG-5,NHIDCL,N24001407,NAGALAND,02/2021,03/2023,-,207.33,-,.00,0/0
2021-09,PANIKHOLI-RIMOLI,NHAI,N24000197,ODISHA,03/2012,09/2014,-,"1,410.00",-,14.80,0/0
2021-09,SIX LANING OF CHANDIKHOL-JAGATPUR- BHUBANESWAR,NHAI,N24000205,ODISHA,12/2011,06/2014,-,"1,047.00",-,"1,873.47",0/0
2021-09,4 LANING OF BAHARAGORA - SINGHARA,NHAI,N24000427,ODISHA,07/2015,-,-,"1,282.94",-,720.08,0/0
2021-09,FOUR LANING WITH PS TALEBANI -SMBALPUR,NHAI,N24000485,ODISHA,12/2015,-,-,752.28,-,276.06,0/1
2021-09,WIDENING TO 2 LANE AND IMPROVEMENT VIJAYWADA RANCI ROUTE FROM KM 377-700 TO 471-900 (BERHMAPUR-TAPTA,MoRTH,N24000527,ODISHA,12/2011,08/2015,-,191.08,-,182.41,0/0
2021-09,JHARPOKHARIA-BARIPADA-BALESHWAR SECTION,NHAI,N24000550,ODISHA,SH,O,-,"1,069.65",-,P,0/0
2021-09,DEVELOPMENT OF FOUR LANNING OF ANGUL- SAMBALPUR SECTION OF NATIONAL HIGHWAY NH- 42 (NEW NH-55 IN THE S,NHAI,N24000619,ODISHA,09/2016,08/2019,-,"2,510.04",-,633.26,0/0
2021-09,REHABILITAITON AND UPGRADATION TO FOUR LANING OF BINJHABAHAL TO TELEBANI SECTION KM 414.000 TO KM 4,NHAI,N24000633,ODISHA,10/2016,-,-,"1,008.96",-,"1,125.65",0/0
2021-09,WIDENING AND STRENFTHENING OF EXISITNG SL IL TO 2 LANE CARRIAGEWAY WITH PAVED SHOULDER INCLUDING GEO,MoRTH,N24000639,ODISHA,03/2014,05/2016,-,191.50,192.00,183.94,0/0
2021-09,REHABILITATION AND UPGRADING TO 2 LANE WITH PAVED SHOULDER CONFIGURATION AND STRENGTHENING OF NAUPAR,MoRTH,N24000645,ODISHA,08/2013,06/2016,-,171.96,172.00,100.67,0/0
2021-09,REHABILITATION AND UPGRADATION BY 4-LANING OF SINGHARA TO BINJHABAHAL SECTION FROM KM 311.000 TO KM,NHAI,N24000671,ODISHA,03/2017,03/2020,-,"1,288.07",-,"1,031.47",0/0
2021-09,REHABILITATION AND UP-GRADATION OF BIRAMITRAPUR TO BRAHMANI BYPASS (PKG-I),NHAI,N24000699,ODISHA,07/2017,07/2017,-,476.56,-,189.84,0/0
2021-09,REHABILITATION AND UPGRADATION OF CUTTACK ANGUL SECTION OF NH-42 (NEW NH-55) TO 4 LANE (KM. 0+400 TO,NHAI,N24000715,ODISHA,12/2017,-,-,686.65,-,290.00,0/0
2021-09,REHABILITATION AND UPGRADATION OF FOUR LANING OF NH-23 (NEW NH NO. 143) FROM KM. 240.250 I.E. BRAHMA,NHAI,N24000716,ODISHA,12/2017,-,-,417.51,-,241.07,0/0
2021-09,REHABILITATION AND UP-GRADATION OF EXISTING 2-LANE TO 4 LANE OF KOIDA (KM206.20) TO RAJAMUNDA (KM 25,NHAI,N24000731,ODISHA,01/2018,-,-,953.09,-,468.85,0/0
2021-09,REHABILITATION AND UP-GRADATION OF EXISTING 2-LANE TO 4 LANE OF RIMULI (KM 163.0) TO KOIDA (KM 206.2,NHAI,N24000732,ODISHA,01/2018,-,-,668.86,-,413.00,0/0
2021-09,REHABILITATION AND UP-GRADATION OF EXISTING 2-LANE TO 4 LANE OF DUBURI (KM 388.376) TO CHANDIKHOLE (,NHAI,N24000733,ODISHA,01/2018,-,-,633.68,-,130.60,0/1
2021-09,REHABILITATION AND UP-GRADATION OF EXISTING 2-LANE TO FOUR LANE FROM TALCHAR TO END OF KAMAKHYANAG,NHAI,N24000734,ODISHA,01/2018,-,-,614.48,-,302.18,0/0
2021-09,REHABILITATION AND UP GRADATION OF EXISTING 2-LANE TO 4-LANE STANDARDS TO END OF KAMAKHYANAGAR BYPAS,NHAI,N24000735,ODISHA,01/2018,-,-,564.66,-,352.02,0/1
2021-09,REHABILITATION AND UPGRADATION OF CUTTACK- ANGUL SECTION TO 4 LANE (KM 60.20) TO (KM 112.0) PKG II ON,NHAI,N24000736,ODISHA,01/2018,-,-,686.65,-,254.00,0/0
2021-09,REHABILITATION SIX LANING UPGRADATION CHANDIKHOLE BHADRAK,NHAI,N24000737,ODISHA,01/2018,-,-,"1,522.00",-,512.80,0/0
2021-09,REHABILITATION AND UPGRADATION OF SIX LANING OF BHADRAK BALESHWAR SECTION (KM 136.50) TO (KM 199.141,NHAI,N24000738,ODISHA,01/2018,-,-,999.00,-,178.93,0/0
2021-09,REHABILITATION AND UP-GRADATION TO 4-LANING OF RAJAMUNDA-BARKOTE SECTION OF NH-23 (NEW NH NO. 143) (,NHAI,N24000739,ODISHA,01/2018,-,-,503.88,-,100.21,0/0
2021-09,SIX LANNING OF NH-5 (NEW NH-16) FROM TANGI TO BHUBANESHWAR (KM 355.000 TO KM 414.000),NHAI,N24000844,ODISHA,SH,O,-,806.11,-,P,0/0
2021-09,WIDENING TO 2LPS FROM 0/0 TO 119/0 OF NH-157 IN THE STATE OF ODISHA.,MoRTH,N24000912,ODISHA,08/2016,02/2017,-,287.70,-,211.60,0/0
2021-09,WIDENING TO 2LPS FROM 50/0 TO 140/9 OF NH-57 (SONEPUR TO MADHAPUR) IN THE STATE OF ODISHA,MoRTH,N24000913,ODISHA,09/2016,02/2017,-,295.67,-,203.85,0/0
2021-09,WIDENING TO 2LPS FROM 239/9 TO 294/3 OF NH-57 (NAYAGARH TO KHURDA) IN THE STATE OF ODISHA,MoRTH,N24000914,ODISHA,12/2016,08/2018,-,223.50,-,141.06,0/0
2021-09,WIDENING TO 2LPS FROM 58/00 TO 116/10 OF NH- 153B (NAKTIDEUL TO BOUDH) IN THE STATE OF ODISHA,MoRTH,N24000915,ODISHA,12/2016,04/2018,-,206.88,-,123.55,0/0
2021-09,WIDENING TO 2LPS FROM 173/37 TO 229/40 OF NH- 59 IN THE STATE OF ODISHA,MoRTH,N24000916,ODISHA,03/2018,08/2018,-,214.23,-,108.98,0/0
2021-09,WIDENING TO 2LPS FROM 269/30 TO 328/20 OF NH- 49 IN THE STATE OF ODISHA,MoRTH,N24000917,ODISHA,03/2018,08/2018,-,199.16,-,122.77,0/0
2021-09,4-LANING OF MOGA -TALLEWAL SECTION OF NH-71 FROM KM 77.200 TO 114.00,MoRTH,N24000391,PUNJAB,11/2015,-,-,889.24,-,851.32,0/0
2021-09,FOUR LANNING OF LUDHIYANA- TALWANDI SECTION,NHAI,N24000483,PUNJAB,09/2014,-,-,479.00,-,456.80,0/0
2021-09,4/6 LANING FROM KHARAR TO LUDHIYANA FROM KM 10.185 (DESIGN CHAINAGE) TO KM 86.199(DESIGN CHAINAGE),NHAI,N24000600,PUNJAB,08/2016,09/2019,-,"1,388.34",-,798.71,0/0
2021-09,4 LANING FROM PHAGWARA TO RUPNAGAR,NHAI,N24000601,PUNJAB,08/2016,-,-,"1,169.61","1,367.00","1,367.00",0/0
2021-09,CONSTRUCTION OF PARTIALLY ACESS CONTROLLED FOUR LANE ELEVATED HIGHWAY BETWEEN SAMRALA CHOWK (DESIGN,NHAI,N24000662,PUNJAB,03/2017,03/2020,-,754.54,-,437.00,0/0
2021-09,FOUR LANING OF EXISTING TWO LANE WITH PS FROM TALWANDI BHAI TO FEROZPUR IN THE STATE OF PUNJAB,NHAI,N24000791,PUNJAB,02/2018,-,-,261.76,-,201.67,0/0
2021-09,REHABILITATION AND AUGMENTATION OF NEW NH 354 (OLD-SH-25) OF SECTION RAMDAS TO GURDASPUR FROM DESIGN,NHAI,N24000842,PUNJAB,03/2018,-,-,199.90,-,124.52,0/0
2021-09,REHABILITATION AND AUGMENTATION OF NEW NH 354 (OLD-SH-21) OF SECTION KHEMKARAN TOWN TO START OF AMRI,NHAI,N24000843,PUNJAB,03/2018,-,-,196.05,-,143.03,0/0
2021-09,WIDENING AND PAVED SHOULDER OF TOHANA (IN HARYANA) PUNJAB/HARYANA BORDER TO MOONAK-JAKHAL-BUDHLADA,MoRTH,N24000907,PUNJAB,03/2018,08/2020,-,293.10,-,166.65,0/0
2021-09,JALANDHAR-HOSHIARPUR SECTION OF NH-70,FROM EXISTING KM 11.400 TO KM 49.200 - [N24000909]MoRTH,NEW NH NO. 3,PUNJAB,10/2017,10/2019,-,"1,069.59",-,734.04,0/0
2021-09,REHABILITATION AND UP GRADATION TO 2 LANE WITH PAVED SHOULDER OF NH-703A FROM MAKHU (DESIGN CH 0 000,MoRTH,N24000910,PUNJAB,SH,O,11/2020,170.57,-,P,0/0
2021-09,REHABILITATION AND UPGRADATION TO 2 LANE WITH PAVED SHOULDER OF MOGA (DESIGN CH 0.000) TO MAKHU (DES,MoRTH,N24000941,PUNJAB,03/2018,08/2020,-,293.64,-,259.00,0/0
2021-09,TWO LANING WITH PAVED SHOULDER OF KARAUII - DHOLPUR,NHAI,N24000344,RAJASTHAN,09/2014,09/2016,-,425.19,-,276.40,0/0
2021-09,2 LANING WITH PS OF GULABPURA - UNIARA,NHAI,N24000423,RAJASTHAN,10/2015,10/2017,-,597.00,-,.00,3/4
2021-09,2-LANE WITH PAVED SHOULDER WITH PROVISION OF CAPACITY AUGMENTATION OF RAJASTHAN BORDER-FATEHPUR-SALA,NHAI,N24000426,RAJASTHAN,11/2012,08/2016,-,530.07,-,556.02,0/0
2021-09,BIKANER - PHALODI SECTION TO FOUR LANING FROM KM.4.200 TO KM 55.25 AND TWO-LANE PAVED SHOULDER FROM,NHAI,N24000445,RAJASTHAN,08/2014,04/2018,-,822.90,-,844.08,0/0
2021-09,GURGAON - KOTPUTLI - JAIPUR (SIX LANE),NHAI,N24000477,RAJASTHAN,02/2008,10/2011,-,"1,673.70",-,"3,326.93",0/0
2021-09,TWO LANING WITH PS OF UNCHA NAGLA - KHANUWARA - ROPPAS -DHOLPUR,NHAI,N24000520,RAJASTHAN,08/2015,-,-,275.90,-,289.13,0/0
2021-09,TWO LANNING WITH PAVED SHOULDER OF SALASAR-NAGAUR,NHAI,N24000586,RAJASTHAN,06/2016,06/2019,-,637.18,-,550.35,0/0
2021-09,FOUR LANING OF MAHUVA TO KAGAVADAR OF NH- 8E FROM KM. 100.100 TO KM 139.915 (DESIGN CHAINAGE FROM KM,NHAI,N24000587,RAJASTHAN,06/2016,06/2019,-,763.23,-,191.80,1/1
2021-09,FOUR LANNING OF BAR-BILARA-JODHPUR SECTION OF NH-112 (EXISTING KM 0+000TO KM,NHAI,N24000589,RAJASTHAN,06/2016,06/2019,-,649.00,-,677.70,0/0
2021-09,4/2 LANNING WITH PS DAUSA-LALSOT-KAUTHUN SECTION OF NH-11A,NHAI,N24000591,RAJASTHAN,07/2016,-,-,688.70,-,870.48,0/0
2021-09,TWO LANNING WITH PAVED SHOULDER OF MANOHARPUR-DAUSA SECTION OF NH-11A(NEW NH-148) FROM KM 62.100 KM,NHAI,N24000593,RAJASTHAN,07/2016,10/2018,-,331.46,-,267.94,0/0
2021-09,SIX LANNING OF CHITTORGARH-UDAIPUR SECTION OF NH-76 FROM DESIGN CHAINAGE KM. 214.870 TO KM 308.370 I,NHAI,N24000623,RAJASTHAN,09/2016,-,-,"1,100.19",-,"1,355.00",0/0
2021-09,6-LANNING OF KISHANGARH TO GULABPURA SECTION OF NH-79A AND NH-79 IN THE STATE OF RAJASATHAN(PACKAGE-,NHAI,N24000636,RAJASTHAN,12/2016,-,-,"1,031.95",-,"1,500.69",0/0
2021-09,SIX-LANNING OF GREENFIELD PROPOSED UDAIPUR BYPASS PKG-IV,NHAI,N24000691,RAJASTHAN,04/2017,04/2020,-,894.00,-,810.00,0/0
2021-09,FOUR LANNING OF DARAH-JHALWAR-TEENDHAR FROM KM 29.000 TO KM 346.540,NHAI,N24000703,RAJASTHAN,10/2017,10/2017,-,964.17,-,916.67,0/0
2021-09,FOUR LANING OF DANGIAWAS (KM 96.595 TO NH- 112) TO JAJIWAL (KM 283.500 OF NH 65 NAGAUR ROAD) SECTIO,NHAI,N24000711,RAJASTHAN,12/2017,-,-,"1,308.73",-,330.46,0/0
2021-09,UPGRADATION TO 2 LANE WITH PAVED SHOULDER/4 LANE OF GAGARIA - BAORI KALAN - SERWA - BAKHASAR SECTION,NHAI,N24000794,RAJASTHAN,SH,O,-,"1,103.88",-,P,0/0
2021-09,CONSTRUCTION/ UP-GRATION OF FOUR/TWO LANE WITH PAVED SHOULDER OF NH68 FROM TANOT- RAMGARH BHADASAR-JA,NHAI,N24000795,RAJASTHAN,02/2018,-,-,741.86,-,253.84,0/0
2021-09,CONSTRUCTION/ UP-GRADATION OF 2LANE WITH PAVED SHOULDER OF NH FROM RAISINGHNAGAR- POOGAL (DESIGN CH.,NHAI,N24000797,RAJASTHAN,02/2018,-,-,716.76,-,687.07,0/0
2021-09,UPGRADATION TO 2 LANE WITH PAVED SHOULDER/4 LANE OF KHAJUWALA-POOGAL SECTION AND POOGLE -DANTOUR-JA,NHAI,N24000838,RAJASTHAN,03/2018,-,10/2021,874.25,866.55,862.73,0/0
2021-09,CONSTRUCTION / UP-GRADATION OF 2-LANE WITH PAVED SHOULDER OF NH-70 FROM MUNABAO (NH- 25E)-TANOT FROM,NHAI,N24000840,RAJASTHAN,03/2018,-,-,"1,158.35",-,496.04,0/0
2021-09,WIDENING STRENGTHENING AND RECONSTRUCTION OF NH-552- EXTN FROM KM 76/600 TO 112/00 (SAWAI MADHOPUR,MoRTH,N24000950,RAJASTHAN,11/2017,04/2018,-,187.82,-,131.74,3/4
2021-09,CONSTRUCTION OF TWO LANE FLEXIBLE PAVEMENT WITH PAVED SHOULDER FROM KM 3.650 TO KM 58.325 OF NH-709,MoRTH,N24000957,RAJASTHAN,11/2017,04/2018,-,163.95,-,116.47,4/4
2021-09,UPGRADATION TO 2 LANE WITH PAVED SHOULDER FROM KM . 0/0 TO 43/900 OF KUNDAL-NAYA KHEDA- JHADOL-SOM-,MoRTH,N24000958,RAJASTHAN,02/2018,06/2018,-,370.30,-,317.21,3/4
2021-09,UPGRADATION TO 2LANE WITH PAVED SHOULDER FROM KM . 43/900 TO 91/0 OF KUNDAL-NAYA KHEDA-JHADOL-SOM-,MoRTH,N24000959,RAJASTHAN,02/2018,05/2018,-,341.79,-,241.14,3/4
2021-09,ALWAR NUH SECTION ON EPC MODE IN THE STATE OF RAJASTHAN.,MoRTH,N24001200,RAJASTHAN,03/2019,-,-,178.13,-,160.99,4/4
2021-09,NAGAUR-BIKANER SECTION FROM KM 177.00 TO KM 267.325 ON NH-89,MoRTH,N24001240,RAJASTHAN,03/2020,08/2022,-,370.36,-,178.52,0/4
2021-09,UP-GRADATION TO TWO LANING WITH PAVED SHOULDER OF AJMER-NAGAUR SECTION BY EXECUTING BALANCE WORK FRO,MoRTH,N24001241,RAJASTHAN,03/2020,08/2020,-,255.23,-,61.47,0/4
2021-09,REHABILATION AND UPGRADATION TO 2 LANE WITH PAVED SHPULDERS CONFIGURATION OF BEAWAR- ASIND SECTION (K,MoRTH,N24001242,RAJASTHAN,08/2020,11/2020,-,196.23,-,31.83,1/4
2021-09,RHENOK-RORAHTHANG-PAKYONG ON NH 717A,NHIDCL,N24000695,SIKKIM,04/2017,10/2017,-,388.00,-,271.35,3/4
2021-09,CONSTRUCTION OF 2-LANE WITH PAVED SHOULDER INCLUDING GEOMETRIC IMPROVEMENT FROM KM 0.000 TO KM 16.00,NHIDCL,N24000767,SIKKIM,03/2017,-,-,375.80,-,64.34,2/4
2021-09,CONSTRUCTION OF 2-LANE WITH PAVED SHOULDER INCLUDING GEOMETRIC IMPROVEMENT FROM KM 16.000 TO KM 32.5,NHIDCL,N24000768,SIKKIM,SH,O,11/2017,290.05,-,P,2/4
2021-09,CONSTRUCTION/UPGRADATION OF EXISTING ROAD TO 2-LANE WITH PAVED SHOULDER INCLUDING GEOMETRIC IMPROVEM,NHIDCL,N24000769,SIKKIM,03/2018,06/2018,-,264.84,-,63.83,1/4
2021-09,CONSTUCTION/UPGRADATION OF EXISTING HIGHWAY TO 2 LANE WITH PAVED SHOULDER FROM KM 0.00 TO KM 13.00 N,NHIDCL,N24001251,SIKKIM,03/2019,04/2022,-,402.94,-,45.04,1/4
2021-09,CONSTUCTION/UPGRADATION OF EXISTING HIGHWAY TO 2 LANE WITH PAVED SHOULDER FROM KM 13.00 TO KM 25.600,NHIDCL,N24001252,SIKKIM,08/2020,04/2023,-,295.97,-,25.66,0/4
2021-09,CONSTUCTION/UPGRADATION OF EXISTING HIGHWAY TO 2 LANE WITH PAVED SHOULDER FROM KM 26.10 TO KM 40.00,NHIDCL,N24001254,SIKKIM,03/2020,06/2022,-,242.97,-,32.98,0/4
2021-09,CONSTRUCTION AND UPGRADATION OFEXISTINGROAD TO 2-LANE WITH PAVED SHOULDER INCLUDING GEOMETRIC IMPROV,NHIDCL,N24001261,SIKKIM,08/2020,04/2023,-,311.00,-,17.84,0/4
2021-09,CONSTRUCTION AND UPGRADATION OFEXISTINGROAD TO 2-LANE WITH PAVED SHOULDER INCLUDING GEOMETRIC IMPROV,NHIDCL,N24001262,SIKKIM,07/2020,04/2023,-,345.38,-,74.52,0/4
2021-09,CONSTRUCTION OF 2-LANE ROAD WITH PAVED SHOULDER (GREENFIELD ALIGNMENT) OF EXISTING STRETCH BETWEEN L,NHIDCL,N24001322,SIKKIM,09/2020,05/2022,-,183.31,-,.00,0/4
2021-09,CONSTRUCTION OF 2-LANE SPECIFICATION ROAD WITH PAVED SHOULDER AS REALIGNMENT (GREENFIELD ALIGNMENT),NHIDCL,N24001325,SIKKIM,09/2020,05/2023,-,262.84,-,.00,0/4
2021-09,REHABILITATION AND UPGRADATION OF EXISTING ROAD TO 2-LANE WITH PAVED SHOULDER INCLUDING GEOMETRIC IM,NHIDCL,N24001327,SIKKIM,08/2020,05/2022,-,292.80,-,2.53,0/4
2021-09,CONSTRUCTION AND UPGRADATION OF EXISTING ROAD TO 2-LANE WITH PAVED SHOULDER FROM KM27.200 (END OF RO,NHIDCL,N24001336,SIKKIM,08/2020,04/2023,-,230.45,-,1.29,0/4
2021-09,CONSTRUCTION AND UPGRADATION OF EXISTING ROAD TO 2-LANE WITH PAVED SHOULDER FROM NEW ROLEP BRIDGE AT,NHIDCL,N24001337,SIKKIM,10/2020,11/2023,-,493.42,-,.00,0/4
2021-09,CONSTRUCTION OF 2-LANE WITH PAVED SHOULDER OF NEW GREEN FIELD ALIGNMENT FROM CHOCHENPHERI AT KM 52.0,NHIDCL,N24001338,SIKKIM,10/2020,12/2023,-,816.79,-,2.20,0/4
2021-09,RISHI BORDER- ROLEP- MENLA PKG- 2A,NHIDCL,N24001361,SIKKIM,01/2021,09/2023,-,332.20,-,.00,0/4
2021-09,RISHI BORDER- ROLEP- MENLA PKG- 3B,NHIDCL,N24001362,SIKKIM,SH,O,02/2024,410.60,-,P,0/4
2021-09,SIX LANNING OF KRISHNAGIRI- WALAJHAPET SECTION KM.0.00 TO KM.148.3 NH-46,NHAI,N24000172,TAMIL NADU,09/2011,12/2013,-,"1,250.00",-,"1,342.23",0/0
2021-09,DEVELOPMENT OF ADIQUATE ROAD CONNECTIVITY TO CHENNAI- ENNORE PORT CONNECTIVITY,NHAI,N24000173,TAMIL NADU,06/2011,06/2013,-,600.00,-,6.35,0/0
2021-09,TWO LANING OF TRICHY - KARAIKUDI AND TRYCHI BYPASS,NHAI,N24000176,TAMIL NADU,05/2010,05/2013,-,374.00,-,76.25,0/0
2021-09,2 LANING OF DINDIGUL - PERIGULAM THENI- KUMILI,NHAI,N24000177,TAMIL NADU,09/2011,08/2013,-,485.00,-,264.10,0/0
2021-09,2-LANING OF KRISHNAGIRI-TINDIVANAM (APPROVED LENHTH 170 KM),NHAI,N24000213,TAMIL NADU,04/2012,04/2014,-,624.00,-,73.98,0/0
2021-09,CONSTRUCTION OF PAVED SHOULDERS IN KM.81/0 TO 203/0 INCLUDING RECONSTRUCTION AND WIDENING OF CULVERT,MoRTH,N24000316,TAMIL NADU,03/2015,08/2015,-,258.97,273.27,229.77,0/4
2021-09,FOUR LANING OF MADURAI - RAMANATHAPURAM (KM 5. TO KM 81) AND TWO LANING WITH PS KM 81 TO KM 120,NHAI,N24000349,TAMIL NADU,05/2015,11/2017,-,"1,387.11",-,980.46,0/0
2021-09,TWO LANING WITH PS OF NAGAPATTINAM - THANJAVUR,NHAI,N24000350,TAMIL NADU,06/2015,12/2017,-,563.92,-,.00,0/0
2021-09,THIRUMAYAM - MANAMADURAI SECTION,NHAI,N24000359,TAMIL NADU,07/2014,01/2017,-,401.11,-,273.89,0/0
2021-09,TRICHY - KARUR,NHAI,N24000528,TAMIL NADU,03/2007,07/2008,-,516.00,-,886.96,0/0
2021-09,FOUR LANNING OF TAMIL NADU KERALA BORDER TO VILLUKURI FROM KM. 43.00 TO 70.25 OF NH-47 UNDER NHDP-PH,NHAI,N24000555,TAMIL NADU,02/2016,08/2018,-,707.82,-,429.86,0/0
2021-09,FOUR LANNING OF VILLUKURI TO KANYAKUMARI SECTION FROM KM 70.25 TO 96.714 OF NH-47 AND NAGERCOIL TO K,NHAI,N24000557,TAMIL NADU,02/2016,07/2018,-,641.17,-,398.58,0/0
2021-09,FOUR LANNING OF VIKRAVANDI-SETHIYAHOPU FROM KM 0.000 TO KM 60.250(DESIGN CHAINAGE KM 0.000 TO KM 65.,NHAI,N24000652,TAMIL NADU,03/2017,03/2020,-,848.45,-,235.72,0/0
2021-09,FOUR LANING OF VILLUKURI KANNIYAKUMAR ROAD OF KM 70.250 TO 96.700 AND NAGERCOIL TO KAVALKINARU OF NH,NHAI,N24000694,TAMIL NADU,03/2016,07/2016,-,641.17,-,398.58,0/0
2021-09,FOUR LANNING OF CHOLOPURAM-THANJAVUR,NHAI,N24000697,TAMIL NADU,08/2017,08/2017,-,"1,176.37",-,614.68,0/0
2021-09,4-LANNING OF OTTANCHATRAM BYPASS,NHAI,N24000707,TAMIL NADU,09/2017,09/2017,-,244.27,-,178.41,0/0
2021-09,4-LANNING OF STHIYATHOPU-CHOLOPURAM,NHAI,N24000708,TAMIL NADU,09/2017,09/2017,-,"1,227.87",-,744.10,0/0
2021-09,SIX LANING OF CHENNAI-TADA SECTION OF NH-5 FROM KM 11/0 TO KM 54/4 IN THE STATE OF TAMIL NADU TO BE,NHAI,N24000710,TAMIL NADU,12/2017,-,-,379.90,-,235.15,0/0
2021-09,FOUR LANING OF TRICHY TO KALLAGAM SECTION ON NH-227 IN THE STATE OF TAMIL NADU,NHAI,N24000785,TAMIL NADU,02/2018,-,-,"1,166.26",-,346.17,0/0
2021-09,FOUR LANINIG OF CHETTIKULAM TO NATHAM SECTION OF NH-785 FROM CHETTIKULUM (KM 7.300) TO NATHAM (KM. 3,NHAI,N24000826,TAMIL NADU,SH,O,-,505.35,-,P,0/0
2021-09,FOUR LANING OF MADURAI- CHETTIKULAM SECTION OF NH-785 FROM MADURAI (KM 0/000) TO CHETTICULAM (7/300),NHAI,N24000827,TAMIL NADU,03/2018,-,-,628.71,-,382.61,0/0
2021-09,TWO LANING WITH PAVED SHOULDER OF MEENSURUTTI (KM. 98.433) TO CHIDAMBARM (KM. 129.965.) SECTION OF N,NHAI,N24000828,TAMIL NADU,03/2018,-,-,633.55,-,.00,0/0
2021-09,FOUR LANING OF KALAGAM TO KARUPPUR FROM KM.38+700 TO KM. 50+382 AND TWO LANING WITH PAVED SHOULDERS,NHAI,N24000829,TAMIL NADU,03/2018,-,-,"1,016.92",-,309.05,0/0
2021-09,FOUR LANING OF POONDIYANKUPPAM TO SATTANATHAPURAM (DESIGN CH KM. 67.000 TO KM. 123+800) SECTION OF N,NHAI,N24000830,TAMIL NADU,03/2018,-,-,"2,065.96",-,.00,0/0
2021-09,WIDENING FROM 2 LANE TO 4 LANE AND STRENTHENING THE EXISTING CARRIAGE WAY FROM KM 36/0 -80/0 OF SALE,MoRTH,N24001236,TAMIL NADU,03/2019,11/2019,-,297.55,-,178.24,3/4
2021-09,WIDENING AND STRENGTHENING FROM 2 LANE TO 2 LANE WITH PAVED SHOULDER IN AN AGGREGATE LENGTH OF 38 KM,MoRTH,N24001239,TAMIL NADU,03/2018,06/2019,-,240.38,204.73,129.04,3/4
2021-09,PREPATION OF FEASIBILITY/DPR OF CONSTRUCTION OF NEW 4-LANE ELEVATED ROAD FROM CHENNAI PORT TO MADURA,NHAI,N24001302,TAMIL NADU,07/2020,12/2021,-,"3,426.00",-,.00,0/0
2021-09,WIDENING EXISTING 2 LANE TO 4 LANE WITH PAVED SHOULDER INCLUDING STRENGTHENING CARRIAGEWAY FROM KM 8,MoRTH,N24001380,TAMIL NADU,08/2020,02/2021,-,302.62,-,33.41,0/4
2021-09,4 LANNING OF MH-KNT BORDER SANGAREDDY SECTION OF NH-9,NHAI,N24000233,TELANGANA,04/2014,09/2016,-,"1,266.60",-,"1,446.45",0/0
2021-09,REHABILITATION AND UPGRADATION OF NH -565 FROM KM 1.00 TO 86.057 (NAKREKAL TO NAGARJUNSAGAR DAM SECT,MoRTH,N24000245,TELANGANA,01/2014,03/2016,-,270.00,-,.00,1/4
2021-09,REHABILITATION AND UPGRADATION OF NH-221 FROM KM 121/0 TO 165/00 (OF VIJAYAWADA- JAGDALPUR RUDRAMPUR,MoRTH,N24000247,TELANGANA,10/2014,02/2017,-,295.47,-,207.71,0/1
2021-09,EPC- CORRIDOR APPROACH WORKS - NH (O): WIDENING EXISTING 2 LANE TO 2 LANE WITH PAVED SHOULDERS IN KM,MoRTH,N24000248,TELANGANA,03/2015,01/2017,-,153.21,-,100.95,0/0
2021-09,FOUR LANING OF YADGIRI - WARANGAL,NHAI,N24000486,TELANGANA,12/2015,11/2018,-,"1,423.96",-,"1,003.47",0/0
2021-09,FOUR LANING OF KHAMMAM-ASHWARAOPET SECTION OF NH 365BB,NHAI,N24000751,TELANGANA,SH,O,03/2017,"4,429.00",-,P,0/0
2021-09,FOUR LANING OF NH 161 FROM MANGLOOR (DESIGN KM 135.751 EXISTING KM 140.873) (DESIGN LENGTH 48.963 K,NHAI,N24000804,TELANGANA,03/2018,-,-,802.65,-,436.81,0/0
2021-09,FOUR LANING OF NH 161 FROM RAMSANPALLE (DESIGN KM 39.980 EXISTING KM 44.757) TO MANGLOOR (DESIGN KM,NHAI,N24000822,TELANGANA,03/2018,-,-,950.63,-,608.25,0/0
2021-09,FOUR LANING OF NH 161 FROM KANDI (DESIGN KM 0.000) (KM 498.250 OF NH 65) TO RAMSANPALLE (DESIGN KM 3,NHAI,N24000824,TELANGANA,03/2018,-,-,857.62,-,291.66,0/0
2021-09,FOUR LANING OF NH-363 FROM REPALLEWADA (DESIGN KM 40.000/EXISTING KM 288.510) TO TELANGANA/MAHARASHT,NHAI,N24000825,TELANGANA,03/2018,-,-,828.29,-,.00,0/0
2021-09,WIDEINING TO TWO/FOUR LANE WITH PAVED SHOULDERS FROM EXISTING KM 182.120 TO KM 227.600 OF NH-167 ON,MoRTH,N24000980,TELANGANA,10/2016,02/2019,-,298.32,-,121.09,0/0
2021-09,WIDEINING TO TWO/FOUR LANE WITH PAVED SHOULDERS FROM EXISTING KM 180.60 TO KM 223.00 OF NH-63 ON NIZ,MoRTH,N24000981,TELANGANA,10/2016,03/2019,-,248.83,-,124.12,0/0
2021-09,WIDENING TO TWO LANE WITH PAVED SHOULDERS FROM KM 40/410 TO KM 84/037OF THIRUMALAGIRI TO SURYAPET SE,MoRTH,N24000982,TELANGANA,01/2017,05/2019,-,244.54,-,165.36,0/0
2021-09,WIDENING TO TWO LANE WITH PAVED SHOULDERS FROM KM 0/970 TO KM 40/410 OF JANAGAON- THIRUMALAGIRI OF NH,MoRTH,N24000983,TELANGANA,01/2017,10/2019,-,196.52,-,115.95,0/0
2021-09,WIDENING TO TWO LANE WITH PAVED SHOULDERS FROM KM 15.525 TO KM 62.880 OF JADCHERLA- KALWAKURTHY SECTI,MoRTH,N24000984,TELANGANA,01/2017,12/2019,-,283.00,-,242.66,0/0
2021-09,WIDENING TO TWO LANE WITH PAVED SHOULDERS FROM KM 59.500 TO KM 132.033 OF MANNEGUDA- RAVULAPALLY SECT,MoRTH,N24000985,TELANGANA,01/2017,05/2019,-,359.27,-,301.86,0/0
2021-09,WIDENING TO TWO LANE WITH PAVED SHOULDERS FROM KM 67.00 TO 114.425 OF KALWAKURTHY- MALLEPALLY SECTION,MoRTH,N24000986,TELANGANA,01/2017,05/2019,-,300.00,-,202.04,0/0
2021-09,6 LANING FROM KM 9.90 TO KM 19.948 (ARAMGARH- SAMSHABAD SECTION) OF HYDERABAD- SAMSHABAD SECTION OF NH,MoRTH,N24000987,TELANGANA,01/2018,05/2020,-,283.15,-,130.89,0/0
2021-09,WIDENING AND STRENGTHENING OF EXISTING 2- LANE TO 2-LANE WITH PAVED SHOULDERS FROM KM.159/0 TO 165/4,MoRTH,N24000988,TELANGANA,01/2018,12/2019,-,230.03,-,209.06,0/0
2021-09,WIDENING AND STRENGTHENING OF EXISTING CARRIAGEWAY IN 2 LANE WITH PAVED SHOULDERS FROM KM.25/0 TO 59,MoRTH,N24000989,TELANGANA,02/2018,06/2020,O,206.13,-,171.69,0/0
2021-09,REHABILITATION AND UPGRADATION OF NH-167 FROM DESIGN KM.113.900 TO 154.479 (MALLEPALLY - HALIYA SECT,MoRTH,N24000990,TELANGANA,02/2018,11/2019,-,294.13,-,141.52,0/0
2021-09,REHABILITATION AND UPGRADATION OF NH-167 FROM DESIGN KM.157.707 TO 187.723 (DESIGN LENGTH 30.016 KMS,MoRTH,N24000991,TELANGANA,02/2018,11/2019,-,220.28,-,141.28,0/0
2021-09,REHABILITATION AND UPGRADATION OF HYDERABAD OUTER RING ROAD TO MEDAK SECTION OF NH-765D FROM EXISTIN,MoRTH,N24000992,TELANGANA,02/2018,04/2020,-,426.52,-,391.57,0/0
2021-09,REHABILITATION AND UPGRADATION OF NH-167 FROM DESIGN KM.187.723 TO 234.434 (MIRYALAGUDA TO KODAD SEC,MoRTH,N24000993,TELANGANA,03/2018,09/2020,-,322.81,-,183.21,0/0
2021-09,CONSTRUCTION OF SIX LANE ELEVATED CORRIDOR FROM KM.7.950 (UPPAL) TO KM.14.200 OF NH-163 TO DE-CONGES,MoRTH,N24000994,TELANGANA,03/2018,07/2020,-,626.76,-,207.02,0/0
2021-09,REHABILITATION AND UP-GRADATION TO TWO LANE WITH PAVED SHOULDERS FROM KM 0/0 TO 72/6 OF NH-365 (NAKR,MoRTH,N24000996,TELANGANA,01/2017,10/2019,-,605.08,-,403.26,0/0
2021-09,REHABILITATION AND UP GRADATION FROM KM. 121/0 TO 154/0 OF NAKAREKAL – MALLAMPALLY SECTION OF NH-365,MoRTH,N24000997,TELANGANA,03/2018,07/2019,-,192.67,-,164.44,0/0
2021-09,WIDENING AND STRENGTHENING/ RECONSTRUCTION OF EXISTING PAVEMENT TO FOUR ALNE WITH PAVED SHOULDERS FR,MoRTH,N24000998,TELANGANA,01/2019,-,-,193.19,-,94.24,0/0
2021-09,2 LANING WITH PAVED SHOULDER OF AGARTALA- UDAIPUR SECTION OF NH-44 FROM KM 6.800 TO KM 55.00 IN THE S,NHIDCL,N24000328,TRIPURA,10/2014,03/2018,-,369.00,-,358.78,3/4
2021-09,WIDENING TO 2-LANE WITH PAVED SHOULDER IN/C. GEOMETRIC IMPROVEMENT FROM KM 318.00 TO KM 339.940 ON C,MoRTH,N24001177,TRIPURA,10/2016,08/2020,-,171.90,-,142.81,0/0
2021-09,2-LANING FROM MANU-SIMLUNG ( PKG I),NHIDCL,N24001247,TRIPURA,03/2020,01/2022,-,247.76,-,19.60,1/4
2021-09,2-LANING FROM MANU-SIMLUNG ( PKG III),NHIDCL,N24001249,TRIPURA,06/2020,01/2022,-,347.36,-,59.92,1/4
2021-09,REHABILITATION AND UPGRADATION OF ROAD FROM KM 0.00 TO KM 18.600 OF KUMARGHAT- KAILASHAHAR SECTION,NHIDCL,N24001263,TRIPURA,06/2020,01/2022,-,277.50,-,16.96,1/4
2021-09,REHABILITATION AND UPGRADATION OF ROAD FROM DESIGN KM 0.00 TO KM 11.800 OF KAILASHAHAR-KURTI BRIDGE,NHIDCL,N24001265,TRIPURA,03/2020,07/2022,-,154.51,-,12.08,1/4
2021-09,REHABILITATION AND UP-GRADATION OF ROAD FROM DESIGN KM 11.800 TO KM 25.250 OF KAILASHAHAR-KURTI BRID,NHIDCL,N24001267,TRIPURA,03/2020,07/2022,-,178.43,-,8.42,1/4
2021-09,WIDENING TO 2-LANE WITH PAVED SHOULDER IN/C GEOMETRIC IMPROVEMENT FROM KM 397.00 TO KM 422.00 ( 25 K,MoRTH,N24001307,TRIPURA,SH,O,12/2022,197.67,-,P,0/0
2021-09,KAILASHAHAR TO KHOWAI PKG-5,NHIDCL,N24001308,TRIPURA,11/2020,07/2022,-,332.14,-,10.88,1/4
2021-09,KAILASHAHAR TO KHOWAI PKG-4,NHIDCL,N24001309,TRIPURA,11/2020,06/2022,-,159.13,-,7.72,0/4
2021-09,KAILASHAHAR TO KHOWAI PKG-3,NHIDCL,N24001310,TRIPURA,11/2020,07/2022,-,280.91,-,59.89,1/4
2021-09,KAILASHAHAR TO KHOWAI PKG-2,NHIDCL,N24001311,TRIPURA,11/2020,07/2022,-,206.78,-,11.61,1/4
2021-09,2-LANING FROM JOLAIBARI - BELONIA,NHIDCL,N24001317,TRIPURA,06/2020,01/2022,-,201.99,-,12.80,0/4
2021-09,2-LANING OF KHOWAI -AGARTALA SECTION FROM DESIGN KM 31.300 TO KM 45.300 OF NH-208A PKG-3,NHIDCL,N24001318,TRIPURA,09/2020,04/2022,-,173.17,-,5.10,1/4
2021-09,STRENGTHENING OF CHURAIBARI - AGARTALA SECTION OF NH-08,NHIDCL,N24001319,TRIPURA,06/2020,01/2022,-,257.96,-,95.22,2/4
2021-09,2-LANING OF KHOWAI -AGARTALA SECTION FROM DESIGN KM 6.500 TO KM 19.300 OF NH-208A PKG-1,NHIDCL,N24001329,TRIPURA,03/2020,07/2022,-,165.54,-,5.26,1/4
2021-09,MANU-SIMLUNG ( PKG 4),NHIDCL,N24001363,TRIPURA,03/2021,12/2022,-,354.79,-,.00,0/4
2021-09,GHAZIABAD-ALIGARH NH-91,NHAI,N24000170,UTTAR PRADESH,02/2011,08/2013,-,"1,141.00",-,"1,715.00",0/0
2021-09,2-LANING WITH PS RAIBAREILI TO ALLAHABAD,NHAI,N24000208,UTTAR PRADESH,07/2012,01/2014,-,291.36,-,459.07,0/0
2021-09,ETAWAH CHAKERI,NHAI,N24000219,UTTAR PRADESH,03/2013,09/2015,-,"1,573.00",-,"2,093.25",0/0
2021-09,CONSTRUCTION OF RING ROAD FOR RAEBARELI CITY (PHASE -I) ON EASTERN SIDE OF NH 24B,MoRTH,N24000331,UTTAR PRADESH,01/2014,03/2016,04/2022,282.41,319.96,181.88,0/0
2021-09,FOUR LANING OF VARANASI BYPASS,NHAI,N24000356,UTTAR PRADESH,05/2015,05/2017,-,261.09,-,240.96,0/0
2021-09,2-LANING WITH PAVED SHOULDERS OF RAEBARELI - BANDA SECTION OF NH-232,NHAI,N24000360,UTTAR PRADESH,04/2014,01/2016,-,351.34,-,433.68,0/0
2021-09,2 LANING WITH PAVED SHOULDER OF SITARGANJ - TANAKUR SECTION OF NH-125,NHAI,N24000362,UTTAR PRADESH,09/2015,09/2016,-,368.73,-,242.67,0/0
2021-09,2-LANING WITH PAVED SHOULDERS OF TANDA - RAEBARELI,NHAI,N24000367,UTTAR PRADESH,04/2014,01/2016,-,495.78,-,633.24,0/0
2021-09,4-LANING OF GHAGHRA BRIDGE TO VARANSI ( PACKAGE -I),NHAI,N24000460,UTTAR PRADESH,12/2015,06/2016,-,611.65,-,728.24,0/0
2021-09,FOUR LANING OF SULTANPUR TO VARANASI (PKG- II),NHAI,N24000491,UTTAR PRADESH,01/2016,06/2018,-,815.28,-,520.89,0/0
2021-09,FOUR LANING OF SULTANPUR TO VARANASI (PKG-I),NHAI,N24000493,UTTAR PRADESH,01/2016,06/2018,-,"1,027.53",-,601.13,0/0
2021-09,FOUR LANING OF GHAGHRA BRIDGE TO VARANASI (PKG-III),NHAI,N24000498,UTTAR PRADESH,06/2016,07/2018,-,667.00,-,464.05,0/0
2021-09,FOUR LANING OF GHAGHRA BRIDGE TO VARANASI (PKG-II),NHAI,N24000499,UTTAR PRADESH,SH,O,06/2018,667.00,-,P,0/0
2021-09,WIDNG WITH PS AND STRNG FROM KM.0.00 TO 50.675 OF NH-730A EPC MODE,MoRTH,N24000511,UTTAR PRADESH,05/2013,08/2015,-,164.54,-,141.33,0/0
2021-09,MEERUT-BULANDSHAHAR,NHAI,N24000539,UTTAR PRADESH,01/2016,-,-,683.24,-,.00,0/2
2021-09,ALIGARH MORADABAD SECTION OF NH-93 FROM KM 85.650 TO KM 232.020,NHAI,N24000544,UTTAR PRADESH,03/2016,04/2019,-,676.73,-,985.40,0/0
2021-09,4-LANNING OF VARANASI GORAKHPUR SECTION OF NH-29 FROM 12.00 TO 88.00 KM,(GORAKPUR) - [N24000547]NHAI,PACKAGE-II,UTTAR PRADESH,03/2016,-,-,"1,404.50",-,"2,977.58",0/0
2021-09,4-LANNING OF VARANASI GORAKHPUR SECTION OF NH-29 FROM 88.00 148.00 KM 4-LANNING OF VARANASI GORAKHPU,NHAI,N24000549,UTTAR PRADESH,03/2016,-,-,"1,396.74",-,227.26,0/0
2021-09,4-LANNING OF VARANASI GORAKHPUR SECTION OF NH-29 FROM 148.00 208.300 KM,- [N24000551]NHAI,PACKAGE-IV,UTTAR PRADESH,03/2016,04/2019,-,"1,587.49",-,276.87,0/0
2021-09,FOUR LANNING OF RAMPUR- KATHGODAM SECTION OF NH-87 FROM KM 0.000 (KM. 190.000 OF NH-24) TO KM 42.791,NHAI,N24000556,UTTAR PRADESH,03/2016,04/2019,10/2022,899.00,-,450.47,0/0
2021-09,4-LANING OF GAGALHERI- SAHARANPUR- YAMUNANAGAR (UP/HARYANA BORDER) SECTION OF NH-73 FROM KM 33.000 (,NHAI,N24000563,UTTAR PRADESH,03/2016,-,-,"1,668.00",-,946.08,0/0
2021-09,4-LANNING OF HARIDWAR-NAGINA SECTION OF NH- 74 FROM KM 0.000 (KM 204.300 OF NH-58) TO KM 73.00,NHAI,N24000564,UTTAR PRADESH,03/2016,-,-,"1,408.00",-,442.70,0/0
2021-09,4-LANNING OF NAGINA-KASHIPUR SECTION OF NH- 74 FROM KM 73.00 TO KM 175.00,NHAI,N24000565,UTTAR PRADESH,03/2016,-,-,"1,737.00",-,"1,159.07",0/0
2021-09,4 LANNING OF LUCKNOW-SULTANPUR SECTION OF NH-56 FROM KM 11.500,NHAI,N24000599,UTTAR PRADESH,08/2016,04/2019,-,"2,016.00",-,"1,996.00",0/0
2021-09,CONSTRUCTION OF GORAKHPUR BYPASS FROM EXISTING KM 79.670 OF NH-29E TO EXISTING KM 251.700 OF NH-28 T,NHAI,N24000637,UTTAR PRADESH,12/2016,-,-,534.55,-,433.62,0/0
2021-09,CONSTRUCTION OF NH-28 4-LANE BYPASS STARTING FROM KM 17.600 OF MDR-77C AND TERMINATING AT KM 15.650,NHAI,N24000648,UTTAR PRADESH,01/2017,-,-,450.68,-,397.62,0/0
2021-09,FOUR LANNING OF JHANSI-KHAJURAHO SECTION(PKG-I) FROM KM 0.00 TO KM 76.3(EXISTING KM 106.300 OF NH-2,NHAI,N24000653,UTTAR PRADESH,03/2017,03/2020,12/2021,"1,373.28",-,"1,271.77",3/4
2021-09,FOUR LANNING OF JHANSI-KHAJURAHO SECTION(PKG-II) OF NH-75/76 FROM DESIGN CHAINAGE KM 76.3(EXISTING C,NHAI,N24000654,UTTAR PRADESH,03/2017,03/2020,-,"1,184.71",-,"1,291.63",3/4
2021-09,DEVELOPMENT OF DELHI MEERUT EXPRESSWAY FROM KM.0.000 TO KM 27.500 INCLUDING 6/8 LANNING OF NH-24 FRO,NHAI,N24000663,UTTAR PRADESH,03/2017,03/2020,-,"1,989.00",-,766.64,0/0
2021-09,6-LANNING OF HANDIA-VARANASI SECTION OF NH-2 FROM KM 713.146 TO KM 785.544 IN THE STATE OF UTTAR PRA,NHAI,N24000672,UTTAR PRADESH,SH,O,03/2020,"2,064.99",-,P,0/0
2021-09,DESIGN AND CONSTRUCTION OF DELHI-MEERUT EXPRESSWAY FROM DASNA TO MEERUT FROM 27.740 OF NH-24 TO KM,NHAI,N24000712,UTTAR PRADESH,12/2017,-,-,"1,232.21",-,562.94,0/0
2021-09,ADDITIONAL FACILITY FOR 4-LANE DIVIDED HIGHWAY OF KM 52.250 TO KM 130.560 OF NH-58 (MEERUT-MUZAFFARN,NHAI,N24000721,UTTAR PRADESH,12/2017,-,-,207.00,-,.00,0/0
2021-09,CONSTRUCTION OF NH-24 4-LANE BYPASS STARTING FROM KM 479.500 OF NH-24 AND TERMINATING AT KM 17.600 O,NHAI,N24000722,UTTAR PRADESH,12/2017,-,-,305.00,-,.00,0/0
2021-09,VARANASI RING ROAD PKG - I,NHAI,N24000740,UTTAR PRADESH,01/2018,-,-,450.77,-,.00,0/0
2021-09,FOR REHABILITATION AND UPGRADATION FROM 2- LANE TO 4-LANE OF VARANASI - DEGAMAPUR (PKG- 1) UNDER NHDP,NHAI,N24000786,UTTAR PRADESH,02/2018,-,-,670.50,-,75.10,0/0
2021-09,FOUR LANING OF ALIGARH - KANPUR SECTION PKG-I FROM ALIGARH - BHADWAS,NHAI,N24000792,UTTAR PRADESH,03/2018,-,-,809.07,-,803.52,0/0
2021-09,FOUR LANING OF ALIGARH - KANPUR SECTION PKG-II FROM BHADWAS - KALYANPUR.,NHAI,N24000793,UTTAR PRADESH,03/2018,-,-,925.40,-,"1,176.70",0/0
2021-09,CONSTRUCTION OF NH-24 EXTENSION 4-LANE BYPASS STARTING FROM BEHTA ROAD AND TERMINATING AT SITAPUR RO,NHAI,N24000796,UTTAR PRADESH,03/2018,-,-,"1,117.84",-,.00,0/0
2021-09,SIX LANING OF HAPUR BYPASS TO MORADABAD SECTION INCLUDING HAPUR BYPASS FROM KM 50.000 (DESIGN CHAINA,NHAI,N24000798,UTTAR PRADESH,03/2018,-,-,"2,140.93",-,"1,315.69",0/0
2021-09,4-LANING OF ALIGARH-KANPUR SECTION FROM KM 229.000 (DESIGN CHAINAGE 240.897) TO KM 289.000 (DESIGN C,NHAI,N24000800,UTTAR PRADESH,03/2018,-,-,"1,120.57",-,"1,491.15",0/0
2021-09,REHABILITATION AND UP-GRADATION FROM 2 LANE TO 4 LANE OF NH STRETCH UNDER NHDP IV B FOR LALGANJ-HANU,NHAI,N24000802,UTTAR PRADESH,03/2018,-,-,"1,025.80",-,222.94,0/0
2021-09,REHABILITATION AND UP-GRADATION FROM 2 LANE TO 4 LANE OF NH STRETCH UNDER NHDP-IVB FOR DAGAMAGPUR-LA,NHAI,N24000803,UTTAR PRADESH,03/2018,-,-,"1,115.28",-,332.69,0/0
2021-09,CONSTRUCTION OF 4 LANE NH-29 BYPASS PHASE-II CONNECTING NH-29 WITH NH-2 AS PART OF VARANASI RING ROA,NHAI,N24000806,UTTAR PRADESH,02/2018,-,-,972.77,-,494.71,0/0
2021-09,R AND U OF KHUTAR -LAKHIMPUR SECTION (KM 82.00 TO KM140.00) OF NH-730 TO 2L WITH PS,MoRTH,N24000877,UTTAR PRADESH,11/2016,-,-,326.99,327.00,123.26,0/0
2021-09,REHABILITATION AND UPGRADATION OF KABRAI- BANDA FROM KM 178.00 TO KM 215.00 OF NH-76 TO 2-LANE WITH P,MoRTH,N24001140,UTTAR PRADESH,SH,O,09/2019,215.16,215.00,P,0/0
2021-09,REHABILITATION AND UPGRADATION OF KALUPUR- LALTA FROM KM 285.00 TO KM 326.00 OF NH-76 TO 2-LANE WITH,MoRTH,N24001141,UTTAR PRADESH,03/2016,01/2020,-,240.30,240.00,200.10,0/0
2021-09,REHABILITATION AND UPGRADATION OF TULSIPUR -BARHANI SECTION FROM KM 351.000 TO KM 385.000 OF NH-730,MoRTH,N24001146,UTTAR PRADESH,03/2016,05/2019,-,249.50,-,229.02,0/0
2021-09,SIX LANING OF CHAKERI TO ALLAHABAD SECTION OF NH-2 FROM KM 483.687 TO KM 628.753 (DESIGN LENGTH – 14,NHAI,N24001185,UTTAR PRADESH,11/2017,01/2019,-,"2,159.00",-,"1,624.20",0/0
2021-09,REHABILITATION AND UPGRADATION OF ALLAHABAD -MIRZAPUR SECTION FROM KM 450.000 TO KM 486.770 (EXCEPT,MoRTH,N24001203,UTTAR PRADESH,10/2016,03/2020,03/2020,218.90,-,147.70,0/0
2021-09,REHABILITATION AND UPGRADATION OF SULTANPUR BYPASS SECTION OF NH-96 FROM KM 60.000 TO KM 90.865 TO,MoRTH,N24001204,UTTAR PRADESH,07/2016,10/2019,-,208.88,-,183.54,0/0
2021-09,REHABILITATION AND UPGRADATION OF EXISTING PAVEMENT TO 2 LANE WITH PS FROM KM 537.000 TO KM 564.750,MoRTH,N24001206,UTTAR PRADESH,03/2018,04/2020,-,263.89,-,188.80,0/0
2021-09,REHABILITATION AND UPGRADATION OF RAMNAGAR TO SISWA BABU SECTION FROM KM 484.000 TO KM 505.120 OF,MoRTH,N24001207,UTTAR PRADESH,03/2018,02/2020,-,185.18,-,124.69,0/0
2021-09,FOUR LANING WIDENING AND STRENGTHENING OF NH-29E FROM KM 81.420 TO 99.00 SONAULI - GORAKHPUR ROAD (J,MoRTH,N24001208,UTTAR PRADESH,03/2018,08/2020,-,288.30,-,164.45,0/0
2021-09,R AND U OF LAKHIMPUR - SISIYA SECTION (KM140.00 TO 188.800) OF NH-730 TO 2L WITH PS,MoRTH,N24001209,UTTAR PRADESH,03/2016,09/2020,-,296.50,-,237.17,0/0
2021-09,REHABILITATION AND UPGRADATION OF EXISTING PAVEMENT TO FOUR LANE WITH PAVED SHOULDER FROM KM 135.230,MoRTH,N24001210,UTTAR PRADESH,03/2018,-,-,306.59,-,177.66,0/0
2021-09,IMPROVEMENT AND UP-GRADATION OF EXISITING CARRIAGEWAY TO TWO LANE WITH PAVED SHOULDER FROM KM 0.00 T,MoRTH,N24001211,UTTAR PRADESH,11/2018,-,04/2022,281.45,319.96,181.88,0/0
2021-09,TWO / FOUR LANING OF RAEBARELI - JAGDISHPUR SECTION OF NH-330A FROM KM. 0.000 TO KM. 47.800 (DESIGN,NHAI,N24001306,UTTAR PRADESH,10/2020,03/2023,-,724.60,720.81,.00,0/0
2021-09,HARIDWAR DEHRADUN APPROVED LENGTH 69,NHAI,N24000212,UTTARAKHAND,11/2011,10/2013,-,478.51,-,315.11,0/0
2021-09,FOUR LANNING OFF RAMPURL- KATHGOADAM SECTION OF NH-87 FROM KM 42.791 (DESIGN CHAINAGE 43.446) TO KM 88,NHAI,N24000559,UTTARAKHAND,S03/H2016,O-,10/2022,720.00,-,P206.32,0/0
2021-09,4-LANNING OF CHUTMALPUR-GANESHPUR SECTION OF NH-72A FROM KM 0.000 (KM 22.825 OF MH-73) TO KM 17.900,NHAI,N24000562,UTTARAKHAND,03/2016,-,-,"1,443.00",-,"1,246.85",0/0
2021-09,4 LANING OF KASHIPUR-SITARGANJ SECTION KM. 175.000 TO KM. 252.20,NHAI,N24000638,UTTARAKHAND,11/2012,07/2018,02/2022,605.84,-,722.46,0/0
2021-09,CONSTRUCTION AND UPGRADATION OF EXISTING ROAD TO 2 LANE WITH PAVED SHOULDER FROM KM 368.00 TO KM 399,NHIDCL,N24000741,UTTARAKHAND,03/2018,05/2018,-,274.31,-,121.69,3/4
2021-09,2 LANE WITH PAVED SHOULDER FROM KM 399.00 TO KM 430.00 OF KARANPARYAG TO CHAMOLI UNDER CHARDHAM PARI,NHIDCL,N24000742,UTTARAKHAND,03/2018,06/2018,-,403.36,-,333.94,3/4
2021-09,2 LANE WITH PAVED SHOULDER FROM KM 430.00 TO KM 468.00 OF CHAMOLI TO PAINI UNDER CHARDHAM PARIYOJNA,NHIDCL,N24000743,UTTARAKHAND,03/2018,05/2018,-,417.24,-,328.99,3/4
2021-09,RECONSTRUCTION WITH GEOMETRIC IMPROVEMENT OF EXISTING 2 LANE/INTERMEDIATE LANE TO 2LANE WITH PAVED S,MoRTH,N24000772,UTTARAKHAND,12/2017,12/2019,07/2021,257.34,-,214.90,0/0
2021-09,RECONSTRUCTION WITH GEOMETRIC IMPROVEMENT OF EXISTING 2 LANE/INTERMEDIATE LANE TO 2LANE WITH PAVED S,MoRTH,N24000773,UTTARAKHAND,12/2017,12/2019,07/2021,200.34,-,185.44,0/0
2021-09,WIDENING OF EXISTING SINGLE LANE ROAD TO TWO LANE WITH PAVED SHOULDERS CONFIGURATION FROM KM. 235.00,MoRTH,N24000774,UTTARAKHAND,12/2017,12/2019,08/2021,248.22,-,215.28,0/0
2021-09,RECONSTRUCTION WITH GEOMETRIC IMPROVEMENT OF EXISTING 2 LANE/INTERMEDIATE LANE TO 2LANE WITH PAVED S,MoRTH,N24000775,UTTARAKHAND,06/2017,06/2019,12/2021,282.08,-,207.83,0/0
2021-09,RECONSTRUCTION WITH GEOMETIC IMPROVEMENT OF EXISTING TWO LANE TO 2- LANE WITH PAVED SHOULDERS CONFIG,MoRTH,N24000776,UTTARAKHAND,11/2017,11/2019,07/2021,232.81,-,171.22,0/0
2021-09,RECONSTRUCTION WITH GEOMETIC IMPROVEMENT OF SINGLE LANE TO 2- LANE WITH PAVED SHOULDER CONFIGURATION,MoRTH,N24000777,UTTARAKHAND,11/2017,11/2019,05/2021,283.51,-,259.90,0/0
2021-09,RECONSTRUCTION WITH GEOMETRIC IMPROVEMENT OF EXISTING SINGLE/INTERMEDIATE LANE TO 2LANE WITH PAVED S,MoRTH,N24000778,UTTARAKHAND,11/2017,11/2019,10/2020,266.52,-,186.16,0/0
2021-09,RECONSTRUCTION WITH GEOMETRIC IMPROVEMENT OF EXISTING SINGLE/INTERMEDIATE LANE TO 2 LANE WITH EAR,MoRTH,N24000779,UTTARAKHAND,02/2018,02/2020,09/2021,418.88,-,287.56,0/0
2021-09,REHABILITATION AND UP GRADATION OF 2 LANE/ 2 LANE WITH PAVED SHOULDER FROM EXISTING KM. 172.900 TO K,MoRTH,N24000780,UTTARAKHAND,02/2018,-,10/2021,293.68,-,183.73,0/0
2021-09,CONSTRUCTION OF KUND BYPASS FROM EXISTING KM 33+130 TO KM 41+260 (EXISTING LENGTH: 8.130 KM); DESIGN,MoRTH,N24000781,UTTARAKHAND,SH,O,05/2020,248.00,-,P,0/0
2021-09,REHABILITATION AND UPGRADATION OF 2 LANE WITH PAVED SHOULDER FROM EXISTING KM. 195.175 TO KM. 220.00,MoRTH,N24000782,UTTARAKHAND,03/2018,-,-,460.73,-,116.25,0/0
2021-09,CONSTRUCTION OF 4.5 KM LONG SILKYARA TUNNEL BETWEEN KM 25.40 TO 50.25 KM (TUNNEL WORK),NHIDCL,N24000855,UTTARAKHAND,03/2018,07/2018,-,"1,383.78",-,421.26,2/5
2021-09,RECONSTRUCTION WITH GEOMETRIC IMPROVMENT OF EXISTING INTERMEDIATE LANE TO 2 LANE WITH PAVED SHOULDER,MoRTH,N24001130,UTTARAKHAND,08/2016,12/2017,12/2020,234.88,-,174.51,0/0
2021-09,4-LANING OF FARAKA-RAIGANJ,NHAI,N24000202,WEST BENGAL,02/2011,08/2013,-,"1,078.84",-,"2,301.82",3/4
2021-09,4-LANING OF BRAHAMPORE-FARAKA,NHAI,N24000203,WEST BENGAL,02/2011,08/2013,-,998.79,-,"1,890.84",3/4
2021-09,6-LANING OF DHANKUNI-KHARAGPUR SECTION,NHAI,N24000206,WEST BENGAL,04/2012,09/2014,-,"1,396.18",-,"1,396.18",0/0
2021-09,CONSTRUCTION OF ISLAMPUR BY PASS,NHAI,N24000437,WEST BENGAL,10/2015,-,-,361.15,363.93,277.34,0/0
2021-09,4 LANING OF NH-31D FROM GHOSHPUKUR - SALSALABARI ( KM 0.00 TO KM . 83.785),NHAI,N24000463,WEST BENGAL,12/2015,06/2018,-,"1,083.00","2,587.75",989.55,0/0
2021-09,SIX-LANING OF BARWA ADDA-PANAGARH,NHAI,N24000515,WEST BENGAL,04/2014,-,-,"1,665.00",-,"4,496.60",0/0
2021-09,CONSTRUCTION OF ROB –FLYOVER AT RANICHAK HALDIA,NHAI,N24000553,WEST BENGAL,03/2016,11/2018,-,229.37,-,.00,0/0
2021-09,FOUR LANNING OF CHICHRA-KHARAGPUR SECTION OF NH-6 FROM KM 185.150 TO KM 134.400 INCLUDING REHABILITA,NHAI,N24000620,WEST BENGAL,09/2016,08/2018,-,767.03,-,696.60,0/0
2021-09,REHABILITATION AND UP GRADATION TO FOUR LANING OF NH-31D FROM KM 113.200 TO KM 154.854 (PACKAGE IIA),NHAI,N24000790,WEST BENGAL,03/2018,-,-,"1,261.98","2,145.96",97.16,0/0
2021-09,CONSTRUCTION OF NEW ROAD AT THE MISSING LINK PORTION OF NH-81 ALONG THE APPROVED ALIGNMENT BETWEEN H,MoRTH,N24000874,WEST BENGAL,03/2016,11/2018,01/2021,271.17,291.20,120.14,0/0
2021-09,REHABILITATION AND UPGRADATION TO 2-LANE WITH PAVED SHOULDER CONFIGURATION OF NANDAKUMAR-CONTAI-CHAN,MoRTH,N24000876,WEST BENGAL,01/2017,09/2019,11/2021,396.86,396.86,271.47,0/0
2021-09,UPGRADATION OF NH-81 WITH A MINIMUM OF 2- LANE WITH PAVED SHOULDER CONFIGURATION STARTING FROM KM 19.,MoRTH,N24000880,WEST BENGAL,02/2018,09/2020,01/2022,426.18,426.18,254.29,0/0
2021-09,UPGRADATION OF NH-512 WITH A MINIMUM 2-LANE WITH PAVED SHOULDER CONFIGURATION STARTING FROM CH 82.4,MoRTH,N24000882,WEST BENGAL,02/2018,11/2020,04/2021,218.70,218.70,104.19,0/0
2021-09,DEVELOPMENT OF 4-LANING SECTION OF NH-31 FROM KM 551.36 (GHOSHPUKUR) TO KM 563.26 (BIHAR MORE BAGDO,MoRTH,N24000883,WEST BENGAL,SH,O,10/2020,254.30,254.30,P,0/0
2021-09,CONSTRUCTION OF ROB AND ITS APPROACHES IN LIEU OF UNMANNED LEVEL CROSSING AT KM 303.9 ON NH-60 (PAND,MoRTH,N24000885,WEST BENGAL,03/2016,08/2019,-,160.27,213.97,26.72,0/0
2021-09,CONSTRUCTION OF TWINS 2-LANE ROB AND ITS APPROACHES IN REPLACEMENT OF EXISTING LEVEL CROSSING GATE N,MoRTH,N24000887,WEST BENGAL,06/2016,08/2019,08/2022,236.78,263.26,72.02,0/0
2021-09,REHABILITATION AND UPGRADATION OF PUNDIBARI TO BAXIRHAT (WB/ASSAM BORDER) SECTION OF NH-31 FROM KM 7,MoRTH,N24000889,WEST BENGAL,04/2014,08/2017,-,279.70,398.52,331.86,0/0
2021-09,JAL MARG VIKAS PROJECT,IWAI,N25000072,MULTI STATE,01/2018,03/2023,-,"5,369.18","4,633.81","1,933.01",1/7
2021-09,SETTING UP PHYSICAL INFRASTRUCTURE FOR THE NATIONAL INSTITUTE OF COMMUNICATION FINANCE(NICF) AT GHIT,CPWD FOR TELECO,N28000115,DELHI,10/2014,03/2018,-,248.20,-,145.26,3/5
2021-09,NETWORK FOR SPECTRUM,DOT,N26000101,MULTI STATE,03/2012,07/2015,05/2020,"13,334.00","24,664.00","20,545.00",0/0
2021-09,PHASE-I OF CONSOLIDATION OF EXISTING CDR DATA CENTERS AND NIB-P3 DATA CENTERS WITH STATE OF THE ART,BSNL,N26000114,MULTI STATE,03/2020,06/2021,-,431.16,422.87,.00,0/0
2021-09,PATNA METRO RAIL CORPORATION LIMITED,PATNA METRO RAI,N28000148,BIHAR,02/2019,06/2024,-,"13,365.77","13,925.50",285.19,0/0
2021-09,CONSTRUCTION729 QUARTERS (TYPE II-180 TYPE III-364 TYPE IV-112 TYPE V-68 TYPE-VI-5 SHOPS COMMUNI,CPWD,N28000149,CHHATISGARH,05/2019,09/2020,01/2023,299.97,299.97,15.87,0/0
2021-09,DELHI MRTS PHASE-III,DMRC,N28000056,DELHI,09/2011,03/2016,08/2021,"38,585.00",-,"39,377.39",1/1
2021-09,CONSTRUCTION OF 108 NOS. GPRA TYPE-VII FLATS IN POCKET-I AT DEEN DAYAL UPADHYAYA MARG NEW DELHI,CPWD,N28000087,DELHI,06/2015,04/2019,02/2022,197.33,217.00,160.78,1/2
2021-09,REDEVELOPMENT OF GPRA COLONY AT NAUROJI NAGAR,NBCC,N28000105,DELHI,SH,O,-,"2,694.00",-,P,0/9
2021-09,RE-DEVELOPMENT OF GOVT. OF INDIA PRESS MINTO ROAD NEW DELHI (SH: CONSTRUCTION OF NEW BUILDING (2 B,CPWD,N28000106,DELHI,11/2017,05/2020,11/2021,238.56,238.56,205.72,2/2
2021-09,REDEVELOPMENT OF GPRA AT MOHAMMADPUR,CPWD,N28000110,DELHI,10/2016,03/2021,06/2023,422.00,422.00,96.75,0/0
2021-09,REDEVELOPMENT OF GENERAL POOL RESIDENTIAL COLONY AT THYAGRAJ NAGAR NEW DELHI- CONSTRUCTION OF 380 N,CPWD,N28000114,DELHI,10/2016,08/2020,06/2022,392.00,392.00,156.91,1/5
2021-09,REDEVELOPMENT OF GENERAL POOL RESIDENTIAL COLONY AT SRINIWASPURI NEW DELHI PHASE-I,CPWD,N28000128,DELHI,10/2016,07/2021,06/2023,"1,180.00","1,100.80",35.74,0/6
2021-09,REDEVELOPMENT OF GPRA AT KASTURBA NAGAR PHASE I,CPWD,N28000129,DELHI,10/2016,03/2022,-,"1,128.00","1,128.00",28.50,0/0
2021-09,DELHI METRO PHASE IV THREE PRIORITY CORRIDORS,DMRC,N28000135,DELHI,07/2019,03/2025,-,"24,948.65",-,"2,369.33",0/1
2021-09,DELHI METRO RAIL EXTENSION FROM NAJAFGARH TO DHANSA BUS STAND,DMRC,N28000136,DELHI,05/2017,12/2020,09/2021,565.00,-,481.44,1/1
2021-09,C/O STEEL STRUCTURE BUILDINGS USING PRE- ENGINEERED TECHNOLOGY AT AFRICA AVENUE AND KG MARG,CPWD,N28000143,DELHI,02/2020,11/2020,09/2021,532.00,532.00,541.00,5/5
2021-09,AHMEDABAD METRO RAIL PROJECT PHASE 1,MEGA,N28000122,GUJARAT,11/2014,12/2018,-,"10,773.00",-,"9,364.36",0/1
2021-09,AHMEDABAD METRO RAIL PROJECT PHASE II,MEGA,N28000137,GUJARAT,03/2019,03/2024,-,"5,384.17",-,242.11,0/1
2021-09,SURAT METRO RAIL PROJECT,MEGA,N28000138,GUJARAT,03/2019,03/2024,-,"12,020.32",-,205.65,0/1
2021-09,BANGALORE METRO RAIL PROJECT PHASE-2,BMRCL,N28000058,KARNATAKA,02/2014,02/2019,03/2025,"26,405.14","30,695.12","18,504.04",150/249
2021-09,KOCHI METRO RAIL PROJECT,KMRCL,N28000081,KERALA,07/2012,07/2017,09/2020,"5,181.79",-,"6,059.17",0/0
2021-09,BHOPAL METRO RAIL,MPMRCL,N28000124,MADHYA PRADESH,11/2018,02/2023,-,"6,941.40",-,236.92,0/0
2021-09,INDORE METRO RAIL,MPMRCL,N28000125,MADHYA PRADESH,11/2018,02/2023,-,"7,500.80",-,139.24,0/0
2021-09,NAGPUR METRO RAIL,NMRCL,N28000085,MAHARASHTRA,08/2014,03/2018,12/2021,"8,680.00",-,"8,328.43",0/0
2021-09,MUMBAI METRO LINE 3 (COLABA-BANDRA-SEEPZ),MMRCL,N28000086,MAHARASHTRA,07/2013,03/2020,03/2023,"23,136.00",-,"19,136.20",0/0
2021-09,PUNE METRO RAIL PROJECT (PHASE 1),MMRC,N28000121,MAHARASHTRA,12/2016,11/2021,12/2022,"11,420.00","11,420.00","6,965.17",0/0
2021-09,DELHI GHAZIABAD MEERUT RRTS CORRIDOR,NCRTC,N28000134,MULTI STATE,03/2019,06/2025,-,"30,274.00",-,"4,872.86",0/8
2021-09,CHENNAI METRO RAIL LTD (PHASE 1),CMRL,N28000084,TAMIL NADU,02/2009,12/2015,-,"14,600.00","18,380.00","17,619.68",24/24
2021-09,CHENNAI METRO RAIL LTD (PHASE 1 EXT),CMRL,N28000097,TAMIL NADU,06/2016,03/2018,02/2021,"3,770.00",-,"2,974.83",8/21
2021-09,LUCKNOW METRO RAIL CORPORATION LTD,LMRCL,N28000094,UTTAR PRADESH,01/2016,03/2019,-,"6,928.00","6,928.00","6,928.00",0/0
2021-09,KANPUR METRO RAIL PROJECT,LMRCL,N28000144,UTTAR PRADESH,05/2019,03/2024,-,"11,076.48",-,"1,807.78",0/0
2021-09,AGRA METRO RAIL PROJECT,LMRCL,N28000145,UTTAR PRADESH,SH,O,03/2024,"8,379.62",-,P,0/0
2021-09,POLAVARAM IRRIGATION PROJECT,PPA,N30000002,ANDHRA PRADESH,02/2009,03/2020,11/2021,"10,151.04","55,548.87","17,957.67",0/19
2021-09,IRRIGATION WORK OF BAGMATI,HSCL FOR WATER,N12000108,BIHAR,10/2005,03/2015,-,956.00,-,712.37,5/7
2021-09,SEWER NETWORK SPS AND STP BEGUSARAI,BUIDCO,N30000026,BIHAR,03/2018,07/2021,-,230.06,-,86.77,0/0
2021-09,I AND D AND STP WORKS FOR BHAGALPUR,BUIDCO,N30000027,BIHAR,10/2017,09/2020,-,254.13,-,.05,0/0
2021-09,I AND D AND STP AT CHAPPRA,BUIDCO,N30000028,BIHAR,11/2018,12/2020,06/2021,236.15,-,58.94,0/0
2021-09,SEWER NETWORKS SPS AND STP HAJIPUR,BUIDCO,N30000035,BIHAR,03/2018,08/2021,-,305.19,-,28.31,0/0
2021-09,SEWER NETWORKS SPS AND STP MUNGER,BUIDCO,N30000036,BIHAR,03/2018,10/2021,-,294.02,-,.00,0/0
2021-09,SEWERAGE SYSTEM WITH SEWER NETWORK PATNA BEUR,BUIDCO,N30000037,BIHAR,12/2014,03/2020,-,225.77,-,287.93,0/0
2021-09,SAIDPUR SEWER NETWORK PATNA,BUIDCO,N30000039,BIHAR,04/2015,01/2021,-,268.63,-,321.89,0/0
2021-09,SEWERAGE SCHEME AT PAHARI ZONE V PATNA,BUIDCO,N30000040,BIHAR,05/2017,04/2021,-,356.37,-,127.87,0/0
2021-09,SEWERAGE TREATMENT PLANT AT PAHARI PATNA,BUIDCO,N30000043,BIHAR,05/2017,11/2020,03/2021,191.62,-,63.74,0/0
2021-09,SEWERAGE SYSTEM WITH SEWER NETWORK PATNA KARMALICHAK,BUIDCO,N30000044,BIHAR,03/2017,05/2021,-,277.42,-,194.84,0/0
2021-09,SEWERAGE SYSTEM AND STP FOR KANKARBAG ZONE PATNA,BUIDCO,N30000050,BIHAR,08/2017,06/2022,-,578.89,-,42.75,0/0
2021-09,SEWERAGE SYSTEM AND STP FOR DIGHA ZONE PATNA,BUIDCO,N30000051,BIHAR,08/2017,06/2022,-,824.00,-,42.75,0/0
2021-09,CONSTRUCTION OF 564 MLD 124 MGD WASTE WATER TREATMENT PLANT WITH EFFLUENT STANDARDS OF BOD – 10MG/L,DJB,N30000014,DELHI,03/2017,12/2022,-,665.78,-,220.88,0/0
2021-09,REHABILITATION AND UP-GRADATION OF PHASE I STP 182 MLD R2,DJB,N30000015,DELHI,05/2016,12/2021,-,211.79,-,103.92,0/0
2021-09,REHABILITATION AND UPGRADATION OF KONDLI PHASE I STP 45 MLD PHASE II STP 114 MLD AND PHASE III S,DJB,N30000016,DELHI,05/2016,02/2022,-,239.11,-,142.52,0/0
2021-09,CONSTRUCTION OF 318 MLD WWTP WITH 10 YEARS O AND M AT CORONATION PILLAR DELHI,DJB,N30000017,DELHI,12/2018,01/2021,-,515.07,-,336.27,0/0
2021-09,7 NOS PRIORITIZED STPS 1 NO. SPS AND PERIPHERAL SEWERS IN COMMAND AREA OF NAJAFHARH DRAIN DHANSA TO,DJB,N30000018,DELHI,05/2017,05/2020,-,344.81,-,.00,0/0
2021-09,PROTECTION OF MAJULI ISLAND FROM FLOOD AND EROSION OF RIVER BRAHMAPUTRA,BPB,N30000001,MAHARASHTRA,SH,O,12/2019,233.57,-,P,0/0
2021-09,INTERCEPTION DIVERSION AND TREATMENT WORKS FOR NAINI DISTRICT G PHAPHAMAU DISTRICT F AND JHUSI AREA,UPJalNigam,N30000006,UTTAR PRADESH,05/2017,09/2021,-,767.59,-,112.27,0/0
2021-09,FARRUKHABAD I AND D AND STP WORKS HAM,UPJalNigam,N30000008,UTTAR PRADESH,10/2017,03/2022,-,213.62,261.12,.00,0/0
2021-09,STP AT PANKHA KANPUR AND INTEGRATION WITH EXISTING STPS,UPJalNigam,N30000010,UTTAR PRADESH,03/2018,09/2021,-,967.23,-,65.24,0/0
2021-09,INTERCEPTION AND DIVERSION WORKS WITH STP AT BAREILLY UTTAR PRADESH,UPJalNigam,N30000013,UTTAR PRADESH,03/2019,08/2021,-,271.39,-,.00,0/0
2021-09,MATHURA SEWERAGE SCHEME,UPJalNigam,N30000019,UTTAR PRADESH,12/2017,12/2020,-,460.45,-,248.16,0/0
2021-09,SEWERAGE SYSTEM AND STP WORKS PHASE I AT MORADABAD RAMGANGA,UPJalNigam,N30000020,UTTAR PRADESH,02/2011,12/2019,-,279.91,330.05,260.12,0/0
2021-09,INTERCEPTION AND DIVERSION WORKS AND STP AT MUZAFFARNAGAR UTTAR PRADESH,UPJalNigam,N30000021,UTTAR PRADESH,01/2019,12/2021,-,231.79,-,14.63,0/0
2021-09,INTERCEPTION AND DIVERSION WORKS AND SEWAGE TREATMENT PLANT AT JAUNPUR UTTAR PRADESH,UPJalNigam,N30000022,UTTAR PRADESH,01/2019,10/2021,-,206.05,-,53.62,0/0
2021-09,SEWERAGE SCHEME INTERCEPTION AND DIVERSION WITH STP WORKS AT MEERUT UTTAR PRADESH,UPJalNigam,N30000024,UTTAR PRADESH,02/2019,06/2022,-,681.78,-,.00,0/0
2021-09,INTERCEPTION AND DIVERSION WORKS WITH STP AT LUCKNOW UTTAR PRADESH,UPJalNigam,N30000025,UTTAR PRADESH,03/2019,07/2021,-,298.12,213.91,.00,0/0
2021-09,INTERCEPTION AND DIVERSION WITH STP AT RISHIKESH,UKJalNigam,N30000004,UTTARAKHAND,03/2017,11/2019,03/2021,158.00,-,84.32,0/0
2021-09,DETAILED PROJECT REPORT FOR I AND D SEWERAGE SYSTEM AND STP FOR ASANSOL AND KULTI TOWNS,KMDA,N30000029,WEST BENGAL,01/2019,04/2022,-,384.96,-,.00,0/0
2021-09,INTERCEPTION AND DIVERSION WORKS WITH STP FOR DRAINS FALLING IN RIVER DAMODAR AT DURGAPURL,KMDA,N30000030,WEST BENGAL,03/2019,04/2022,-,287.53,-,.00,0/0
2021-09,I AND D AND STP WORKS AT BURDWAN WEST BENGAL,KMDA,N30000031,WEST BENGAL,12/2018,04/2022,-,234.31,-,.00,0/0
2021-09,INTERCEPTION AND DIVERSION WITH STP AT MAHESHTALA,KMDA,N30000032,WEST BENGAL,05/2018,02/2022,-,198.43,224.69,.00,0/0
2021-09,INTEGRATION OF STPS WITH REHABILITATION AND O AND M OF EXISTING ASSETS,KMDA,N30000033,WEST BENGAL,03/2018,06/2022,-,165.16,-,.00,0/0
2021-09,INTERCEPTION DIVERSION TREATMENT WORKS AT TOLLYS NULLAH ADI GANGA,KMDA,N30000034,WEST BENGAL,08/2017,09/2022,-,307.12,-,.00,0/0
2021-09,INTERCEPTION AND DIVERSION WITH STP AT HUGHLY-CHINSURAH,KMDA,N30000042,WEST BENGAL,SH,O,02/2022,160.00,154.73,P,0/0
2021-09,INTERCEPTION DIVERSION AND TREATMENT WORKS AT HOWRAH,KMDA,N30000045,WEST BENGAL,08/2017,12/2021,-,185.22,-,.00,0/0
2021-09,SEWERAGE SYSTEM AND STP WORKS AT HALISHAHR,KMDA,N30000046,WEST BENGAL,02/2014,12/2019,05/2021,274.76,-,217.98,0/0
2021-09,SEWERAGE SYSTEM WITH SEWER NETWORK AT BARRACKPORE,KMDA,N30000047,WEST BENGAL,12/2014,04/2020,-,272.32,-,248.86,0/0
2021-09,INTERCEPTION DIVERSION AND TREATMENT WORKS AT BARANAGAR AND KAMARAHATI,KMDA,N30000048,WEST BENGAL,01/2018,12/2021,-,172.10,-,.00,0/0
2021-09,INTERCEPTION AND DIVERSION WITH STP AT BALLY,KMDA,N30000049,WEST BENGAL,10/2017,12/2021,-,164.93,-,.00,0/0
2021-09,RESIDENTIAL QUATERS FOR HAL BANGLORE,CPWD FOR DEFENC,N28000103,KARNATAKA,12/2016,02/2020,10/2021,246.31,210.00,142.79,8/10
2021-09,CONSTRUCTION OF A NEW STATE OF ART EDUCATIONAL CAMPUS FOR IIFT AT MAIDAN GARHI NEW DELHI,NBCC FOR COMMER,N40000003,DELHI,06/2018,10/2020,-,302.64,302.64,30.00,0/0
