edition,project name,agency,project code,state,doa,original/target doc,revised doc,original cost,revised cost,cumulative expenditure,physical progress
2023-05,"PROTOTYPE FAST BREEDER REACTOR (BHAVINI, 500 MWE)",BHAVNI,020100044,TAMIL NADU,9/2003,9/2010,10/2022,"3,492.00","6,840.00","6,545.63",83/87
2023-05,KUDANKULAM NUCLEAR POWER PROJECT 5 AND 6,NPCIL,N02000029,TAMIL NADU,6/2017,9/2027,-,"49,621.00",-,"9,887.00",16/80
2023-05,KUDANKULAM NUCLEAR POWER PROJECT UNIT-3 and 4,NPCIL,N02000028,TAMIL NADU,3/2013,11/2020,-,"39,849.00",-,"37,908.00",34/76
2023-05,KAKRAPAR ATOMIC POWER PROJECT - 3 AND 4,NPCIL,N02000010,GUJARAT,10/2009,12/2015,-,"11,459.00","19,220.00","20,261.00",64/70
2023-05,RAJASTHAN ATOMIC POWER PROJECT -7 AND 8 (2X700 MW),NPCIL,N02000027,RAJASTHAN,10/2009,12/2016,-,"12,320.00","17,079.00","16,292.00",55/68
2023-05,"CONSTRUCTION OF COMBINED OPERATIONAL OFFICES FOR DGCA, BCAS, AAIB, AERA AND AAI AT SAFDARJUNG AIRPOR",AAI,N04000076,DELHI,11/2016,4/2020,-,303.80,351.21,295.40,0/0
2023-05,DEVELOPMENT OF GWALIOR AIRPORT PHASE 01,AAI,N04000098,MADHYA PRADESH,10/2021,8/2023,9/2023,446.12,-,239.84,0/1
2023-05,"CONSTRUCTION OF NEW INTEGRATED TERMINAL BUILDING, CONTROL TOWER CUM TECHNICAL BLOCK, APRON, LINK TAX",AAI,N04000100,MANIPUR,11/2021,7/2024,12/2024,499.00,-,81.97,0/2
2023-05,"AIRSIDE CAPACITY ENHANCEMENT OF NSBI AIRPORT, KOLKATA",AAI,N04000081,WEST BENGAL,1/2019,11/2021,-,389.71,-,391.78,2/2
2023-05,"DEVELOPMENT OF NEW GREENFIELD AIRPORT AT DHOLERA, AHMEDABAD (GUJARAT). PHASE-1.",AAI,N04000099,GUJARAT,6/2022,12/2025,-,"1,305.00",-,0.00,1/9
2023-05,"CONSTRUCTION OF DOMESTIC PASSENGER TERMINAL BUILDING AT DEHRADUN AIRPORT, DEHRADUN",AAI,N04000085,UTTARAKHAND,7/2018,9/2020,-,456.86,-,435.75,1/6
2023-05,"CONSTRUCTION OF NEW INTEGRATED TERMINAL BUILDING, RECONSTRUCTION OF OLD",,,,3/2017,4/2021,-,475.39,-,350.25,4/10
2023-05,"MODERNIZATION OF CHENNAI AIRPORT PHASE II, CHENNAI",AAI,N04000074,TAMIL NADU,6/2018,2/2022,12/2024,"2,467.00",-,"1,280.30",12/12
2023-05,CONSTRUCTION OF NEW GREEN FIELD AIRPORT AT HOLLONGI ITANAGAR ARUNACHAL PRADESH,AAI,N04000092,ARUNACHAL PRADESH,2/2019,8/2022,6/2023,645.63,-,627.79,2/3
2023-05,UPGRADATION OF PASSENGER TERMINAL BUILDING AND AIRSIDE FACILITIES AT TIRUCHIRAPALLI INTERNATIONAL AI,AAI,N04000075,TAMIL NADU,8/2018,10/2021,-,951.28,-,836.30,7/14
2023-05,CONSTRUCTION OF ATC TOWER AND TECHNICAL BLOCK AT NSCBI AIRPORT KOLKATA,AAI,N04000080,WEST BENGAL,1/2016,3/2020,6/2022,458.00,-,213.60,0/2
2023-05,"CO CIVIL AVIATION REASEARCH ORG. (PH-II) AT BEGUMPET AIRPORT, HYDRABAD",AAI,N04000086,TELANGANA,5/2020,5/2022,6/2023,353.61,-,286.85,2/4
2023-05,DEVELOPMENT OF AYODHYA AIRPORT PHASE-01,AAI,N04000094,UTTAR PRADESH,3/2021,12/2022,-,242.14,328.00,196.34,0/2
2023-05,DEVELOPMENT OF TUTICORIN AIRPORT,AAI,N04000090,TAMIL NADU,6/2019,3/2022,12/2023,380.87,-,149.10,13/26
2023-05,"CONSTRUCTION OF NEW DORNESTIC TERMINAL BUILDING AND OTHER STRUCTURES, PHASE I AND II",AAI,N04000082,BIHAR,5/2018,10/2022,-,"1,216.90",-,433.45,0/3
2023-05,"EXTENSION OF RUNWAY WITH BLAST PAD, RESA, TAXIWAY, APRON, GSE AREA, ISOLATION BAY, NEW DOMESTIC TERM",AAI,N04000096,MAHARASHTRA,6/2017,12/2020,-,255.68,-,221.55,0/1
2023-05,"C/O NEW GREENFIELD AIRPORT AT HISSAR, RAJKOT, GUJARAT",AAI,N04000088,GUJARAT,1/2018,8/2022,12/2023,"1,405.00",-,980.41,5/16
2023-05,EXTENSION OF EXISTING INTEGRATED TERMINAL BUILDING AND ALLIED WORKS AT GOA AIRPORT.,AAI,N04000095,GOA,11/2017,9/2021,-,255.69,-,38.23,0/1
2023-05,EXT AND STR. OF EXISTING RUNWAY 08/26 AT TIRUPATI AIRPORT,AAI,N04000089,ANDHRA PRADESH,8/2017,2/2020,3/2023,177.10,-,142.45,3/4
2023-05,CONSTRUCTION OF NEW INTEGRATED TERMINAL BUILDING AT LGBI AIRPORT GUWAHATI,AAI,N04000083,ASSAM,12/2016,3/2021,-,"1,142.00",-,365.49,0/1
2023-05,UPGRADATION OF JABALPUR AIRPORT,AAI,N04000087,MADHYA PRADESH,6/2016,6/2021,-,412.24,-,335.45,0/1
2023-05,C/O OF NITB AND ASSOCIATED WORK AT VIJAYAWADA AIRPORT,AAI,N04000091,ANDHRA PRADESH,4/2020,3/2023,-,611.80,-,210.09,6/14
2023-05,CONSTRUCTION OF TERMINAL BUILDING AND ASSOCIATED WORKS AT LEH AIRPORT,AAI,N04000078,LADAKH,7/2018,9/2021,12/2023,480.33,-,236.31,2/8
2023-05,"CONSTRUCTION OF NEW INTEGRATED TERMINAL BUILDING AT VSI AIRPORT, PORTBLAIR",AAI,N04000073,ANDAMAN AND NICOBAR ISLANDS,10/2013,9/2018,4/2023,417.23,707.73,666.85,3/6
2023-05,"CCS INTERNATIONAL AIRPORT , LUCKNOW",AAI,N04000077,UTTAR PRADESH,6/2018,9/2021,-,"1,383.00",-,769.80,0/2
2023-05,MURAIDIH UG TURN-KEY PROJECT,BCCL,N06000096,JHARKHAND,2/2011,4/2014,-,339.88,-,150.50,6/7
2023-05,MADHUBAND NLW WASHERY,BCCL,N06000126,JHARKHAND,8/2010,5/2014,-,289.45,-,297.18,4/8
2023-05,PATHERDIH 2.5 NLW COAL WASHERY,BCCL,N06000194,JHARKHAND,10/2015,4/2018,-,243.00,-,76.31,0/0
2023-05,2.0 MTPA BHOJUDIH NLW WASHERY,BCCL,N06000195,WEST BENGAL,12/2015,3/2017,-,304.13,341.22,195.64,0/0
2023-05,NORTH TISRA AND SOUTH TISRA EXPANSION OCP (6MTY),BCCL,N06000106,JHARKHAND,2/2014,3/2021,-,555.52,-,379.46,1/2
2023-05,MOONIDIH XV SEAM UG,BCCL,N06000098,JHARKHAND,8/2011,3/2019,-,"1,230.27",-,577.22,3/6
2023-05,EPR PUNDI OCP,CCL,N06000242,JHARKHAND,11/2020,3/2024,-,713.35,-,235.44,0/0
2023-05,JHARKHAND LAIYO OCP,CCL,N06000240,JHARKHAND,8/2020,3/2031,-,764.57,-,144.85,0/0
2023-05,KOTRE BASANTPUR PACHMO OCP,CCL,N06000237,JHARKHAND,8/2020,3/2032,-,861.06,-,139.37,0/0
2023-05,UCE OF EPR OF NORTH URIMARI OCP,CCL,N06000218,JHARKHAND,7/2021,3/2026,-,778.80,-,561.10,0/0
2023-05,EPR ROHINI KARKATA OCP,CCL,N06000243,JHARKHAND,1/2021,3/2025,-,"1,020.42",-,79.34,0/0
2023-05,RAJRAPPA RCE OCP ( 3.0 MTY),CCL,N06000087,JHARKHAND,12/2009,3/2016,-,510.85,-,486.98,7/7
2023-05,REVISED PROJECT REPORT MAGADH EXPANSION OCP,CCL,N06000216,JHARKHAND,8/2020,3/2028,-,"7,254.37",-,894.55,0/0
2023-05,EXPANSION OF KONAR OCP,CCL,N06000245,JHARKHAND,1/2022,3/2032,-,799.34,-,281.41,0/0
2023-05,EXPANSION OF ASHOK OCP,CCL,N06000247,JHARKHAND,5/2021,3/2026,-,"2,898.28",-,173.90,0/0
2023-05,EXPANSION OF KARO OCP,CCL,N06000246,JHARKHAND,1/2022,3/2026,-,908.47,-,132.99,0/0
2023-05,TETARIAKHAR EXPANSION OCP,CCL,N06000186,JHARKHAND,11/2019,3/2023,-,243.52,-,41.04,1/1
2023-05,CHANDRAGUPT OCP,CCL,N06000238,JHARKHAND,8/2020,3/2032,-,973.50,-,5.80,0/0
2023-05,SIRKA OCP,CCL,N06000239,JHARKHAND,5/2020,3/2025,-,222.82,-,139.23,0/0
2023-05,CHURI BENTI UG (0.81 MTY),CCL,N06000083,JHARKHAND,8/2007,3/2011,-,163.51,-,133.00,7/7
2023-05,EPR TAPIN SOUTH OCP,CCL,N06000241,JHARKHAND,11/2020,3/2025,-,230.41,-,17.16,0/0
2023-05,EXPANSION PROJECT AMRAPALI OCP,CCL,N06000217,JHARKHAND,8/2020,3/2028,-,"5,136.15",-,555.05,0/0
2023-05,KARMA OCP (1.0MTY),CCL,N06000088,JHARKHAND,6/2009,3/2014,-,162.46,-,94.47,7/7
2023-05,PARASEA- BELBAID REORGANISATION UG MINE,ECL,N06000185,WEST BENGAL,7/2019,3/2027,-,826.42,-,4.47,1/22
2023-05,NAKRAKONDA KUMARDIH B OCP,ECL,N06000170,WEST BENGAL,8/2018,3/2029,-,502.68,-,42.33,4/22
2023-05,SHYAMSUNDARPUR UG INCLUDING SAPI UNIT,ECL,N06000191,WEST BENGAL,4/2020,3/2025,-,483.65,-,19.56,0/0
2023-05,TILABONI UG MINE,ECL,N06000172,WEST BENGAL,2/2019,3/2027,-,916.62,-,9.72,3/27
2023-05,SONEPUR BAZARI EXPANSION OC,ECL,N06000220,WEST BENGAL,7/2021,3/2029,-,"5,365.88","5,366.00",267.07,0/0
2023-05,EXPANSION PR OF JHANJRA UG (5.00 MTY),ECL,N06000223,WEST BENGAL,4/2020,3/2029,-,"1,210.12",-,252.98,0/0
2023-05,SIDULI MINE (OC AND UG),ECL,N06000165,WEST BENGAL,5/2018,3/2026,-,535.18,-,3.21,4/22
2023-05,MOHANPUR EXPANSION OC PHASE II,ECL,N06000236,WEST BENGAL,11/2020,3/2025,-,888.99,-,25.50,0/0
2023-05,HURA - C OC (3 MTY),ECL,N06000143,JHARKHAND,10/2015,3/2022,-,359.69,-,268.04,4/22
2023-05,CHITRA EAST (RCE) OCP,ECL,N06000169,JHARKHAND,8/2018,3/2024,-,513.98,-,138.32,0/17
2023-05,RANIGANJ MASTER PLAN,ECL,N06000163,WEST BENGAL,8/2009,8/2019,-,"2,661.73",-,688.59,1/19
2023-05,BONJEMEHARI EXPANSION OCP,ECL,N06000244,WEST BENGAL,8/2021,3/2025,-,570.12,-,12.50,0/0
2023-05,REORGANISATION OF BHARATPUR OCP EXPANSION,MCL,N06000171,ODISHA,11/2018,3/2029,-,"2,838.87",-,"1,429.36",3/9
2023-05,INTEGRATED LAKHANPUR- BELPAHAR-LILARI OCP,MCL,N06000167,ODISHA,5/2018,3/2027,-,"2,434.75",-,"1,322.69",4/12
2023-05,BASUNDHARA (WEST) OC EXTN(7.00 MTY),MCL,N06000112,ODISHA,5/2014,3/2019,-,479.15,-,259.44,4/9
2023-05,GARJANBAHAL OCP,MCL,N06000117,ODISHA,11/2014,3/2021,-,"1,375.38",-,764.77,9/10
2023-05,BALARAM EXPANSION OCP,MCL,N06000230,ODISHA,8/2020,3/2029,-,"3,504.21",-,639.01,0/0
2023-05,RPR OF HINGULA -II EXPANSION PH- III,MCL,N06000261,ODISHA,12/2022,3/2029,-,"2,264.68",-,907.98,0/0
2023-05,KULDA EXPANSION OCP- 15 MTY,MCL,N06000248,ODISHA,6/2014,3/2018,-,348.16,-,181.56,0/0
2023-05,ANANTA OCP EXPANSION PH III,MCL,N06000225,ODISHA,8/2008,3/2012,3/2022,228.08,-,398.14,0/0
2023-05,SIARMAL OCP (40.00MTY),MCL,N06000113,ODISHA,5/2014,3/2026,-,"3,756.36",-,"3,280.38",12/15
2023-05,GOPALJI-KANIHA OCP,MCL,N06000229,ODISHA,8/2020,3/2028,-,"8,416.19",-,"1,378.30",0/0
2023-05,SUBHADRA OCP,MCL,N06000249,ODISHA,5/2021,3/2027,3/2029,"1,693.81",-,894.04,0/0
2023-05,NEYVELI NEW THERMAL POWER PROJECT(2X500 MW),NLC,N06000095,TAMIL NADU,6/2011,12/2015,-,"5,907.11",-,"7,612.19",35/35
2023-05,TALABIRA II AND III OCP,NLC,N06000189,ODISHA,7/2017,1/2027,-,"2,401.07",-,"1,012.21",19/22
2023-05,BITHNOK LIGNITE THERMAL POWER STATION,NLC,N06000188,RAJASTHAN,3/2015,9/2020,-,"2,196.30",-,112.92,0/0
2023-05,EXPANSION OF MINE-I (LEASE AREA) AND MINE-I A (3.0 TO 7.0 MTPA),NLC,N06000138,TAMIL NADU,4/2013,6/2015,-,"1,458.17",-,539.07,5/7
2023-05,BARSINGSAR THERMAL POWER STATION EXTENSION,NLC,N06000187,RAJASTHAN,3/2015,9/2020,-,"2,112.60",-,93.05,0/0
2023-05,BITHNOK LIGNITE MINE PROJECT (2.25 MTPA),NLC,N06000145,RAJASTHAN,3/2015,12/2019,-,513.63,-,175.30,0/0
2023-05,PACHWARA SOUTH COAL BLOCK,NLC,N06000193,JHARKHAND,7/2013,9/2028,-,"1,795.01",-,43.79,5/11
2023-05,HADLA LIGNITE MINE PROJECT(1.90 MTPA),NLC,N06000144,RAJASTHAN,3/2015,9/2019,-,522.45,-,9.88,0/0
2023-05,JAYANT EXPANSION OCP 10 TO 20 MTPA,NCL,N06000159,MADHYA PRADESH,5/2017,3/2021,-,"1,783.09",-,"1,422.23",7/9
2023-05,NIGAHI EXPANSION OCP (15 TO 25 MTPA),NCL,N06000196,MADHYA PRADESH,11/2020,3/2025,-,"1,729.68",-,253.03,5/8
2023-05,DUDHICHUA EXPANSION OCP (10 TO 20 MTPA),NCL,N06000162,MADHYA PRADESH,11/2017,3/2022,-,"1,255.17",-,983.27,9/9
2023-05,BINA KAKRI AMALGAMATION OCP 14 MTPA,NCL,N06000192,MULTI STATE,8/2020,3/2024,-,836.42,-,331.70,4/6
2023-05,BLOCK-B EXPANSION OPENCAST,NCL,N06000184,MADHYA PRADESH,7/2019,3/2023,-,998.71,-,62.09,4/7
2023-05,KHADIA EXPANSION OCP,NCL,N06000208,UTTAR PRADESH,6/2021,3/2025,-,491.67,-,7.65,3/5
2023-05,KAKATIYAKHANI OPENCAST III PROJECT PHASE-1,SCCL,N06000161,TELANGANA,3/2017,3/2022,-,413.84,-,409.48,8/11
2023-05,VENKATESH KHANI COAL MINE,SCCL,N06000204,TELANGANA,10/2020,3/2023,-,484.51,-,64.04,3/8
2023-05,RCE-II OF JALAGAM VENGALRAO OPENCAST PROJECT-II,SCCL,N06000212,TELANGANA,3/2019,3/2021,-,473.22,-,446.35,4/4
2023-05,SRP OC-II EXPANSION PROJECT,SCCL,N06000173,TELANGANA,11/2016,3/2018,-,272.73,-,153.75,3/6
2023-05,NAINI COAL MINE,SCCL,N06000203,ODISHA,3/2020,3/2024,-,494.30,-,304.80,2/7
2023-05,RCE OF RAMAGUNDAM OPENCAST II EXTENSION PROJECT,SCCL,N06000210,TELANGANA,11/2015,3/2023,-,489.62,-,392.20,1/3
2023-05,GOLETI OPENCAST MINE,SCCL,N06000258,TELANGANA,7/2021,3/2026,-,345.60,-,30.72,0/5
2023-05,RCE OF KALYANIKHANI OPENCAST,SCCL,N06000213,TELANGANA,3/2016,3/2020,-,384.32,-,180.58,0/3
2023-05,RCE OF INDARAM OPENCAST,SCCL,N06000211,TELANGANA,8/2017,3/2021,-,349.28,-,335.24,5/5
2023-05,GODAVARIKHANI COAL MINE,SCCL,N06000202,TELANGANA,7/2019,3/2023,-,438.98,-,119.70,8/11
2023-05,RCE OF KAKATHIYAKHANI OC - 2,SCCL,N06000214,TELANGANA,8/2017,3/2020,-,442.42,-,221.85,0/1
2023-05,JAWAHAR KHANI OPENCAST (JK OC) MINE,SCCL,N06000259,TAMIL NADU,12/2021,3/2025,-,297.88,-,25.89,0/5
2023-05,JHIRIA WEST OPENCAST PROJECT,SECL,N06000166,CHHATTISGARH,11/2018,3/2026,-,389.97,-,14.74,3/5
2023-05,AMGAON OPENCAST PROJECT RCE,SECL,N06000135,CHHATTISGARH,7/2015,3/2020,-,316.10,-,156.19,3/6
2023-05,PORDA CHIMTAPANI OCP (10 MTY),SECL,N06000199,CHHATTISGARH,12/2020,3/2029,-,"2,310.12",-,38.19,0/0
2023-05,DIPKA OC EXPANSION 40 MTY,SECL,N06000200,CHHATTISGARH,12/2020,3/2029,-,"5,241.40",-,"2,291.96",0/0
2023-05,AMRITDHARA OC PROJECT,SECL,N06000122,MADHYA PRADESH,2/2015,3/2023,-,481.60,-,1.08,3/10
2023-05,PELMA OCP(15.00MTY),SECL,N06000045,CHHATTISGARH,11/2014,3/2023,-,"1,624.59",-,49.60,1/12
2023-05,JAGANNATHPUR OC RCE (3.0 MTY),SECL,N06000232,CHHATTISGARH,7/2016,3/2020,-,459.49,-,220.67,0/0
2023-05,KANCHAN OC EXPANSION,SECL,N06000125,MADHYA PRADESH,12/2014,3/2021,-,371.04,-,97.13,5/9
2023-05,MAHAMAYA OPENCAST PROJECT,SECL,N06000164,CHHATTISGARH,5/2018,3/2026,-,410.26,-,100.06,2/4
2023-05,RAMPUR BATURA OC (4.0 MTY),SECL,N06000233,MADHYA PRADESH,7/2019,3/2026,-,"1,248.93",-,400.67,0/0
2023-05,MADANNAGAR OPENCAST PROJECT,SECL,N06000140,CHHATTISGARH,10/2015,3/2024,-,"1,875.32",-,0.00,2/6
2023-05,BATURA WEST OC PROJECT (0.80 MTY),SECL,N06000207,MADHYA PRADESH,3/2021,3/2028,-,496.28,-,0.00,0/0
2023-05,CHHAL OC SEAM -III (6.00 MTY),SECL,N06000104,CHHATTISGARH,12/2013,3/2022,3/2025,610.63,-,455.98,4/11
2023-05,BATURA HIGHWALL PROJECT,SECL,N06000134,MADHYA PRADESH,7/2015,3/2022,-,231.92,-,2.26,1/10
2023-05,VIJAY WEST OPENCAST PROJECT,SECL,N06000158,CHHATTISGARH,5/2017,3/2026,-,976.95,-,88.27,2/2
2023-05,AMERA OC RCE,SECL,N06000123,CHHATTISGARH,2/2015,3/2018,-,335.97,-,48.77,1/7
2023-05,KUSMUNDA EXPN.OCP(SECL)(15- 50)MTY,SECL,N06000008,CHHATTISGARH,8/2013,3/2023,-,"7,612.33",-,"4,033.41",13/22
2023-05,KARTALI (EAST) OCP (2.50 MTY),SECL,N06000076,CHHATTISGARH,7/2008,3/2014,-,178.44,-,9.22,3/9
2023-05,DURGAPUR OPENCAST PROJECT,SECL,N06000136,CHHATTISGARH,2/2015,3/2023,-,916.24,-,13.73,2/12
2023-05,JAMPALI OCP RCE,SECL,N06000198,CHHATTISGARH,5/2020,3/2024,-,278.64,-,196.49,0/0
2023-05,BAROUD OC EXPANSION (3-10 MTY),SECL,N06000197,CHHATTISGARH,8/2020,3/2029,-,"2,309.80",-,623.12,0/0
2023-05,RAJNAGAR OCP RPR (1.70 MTY),SECL,N06000124,MADHYA PRADESH,12/2014,3/2021,-,357.80,-,86.99,4/10
2023-05,GEVRA EXPANSION OCP (SECL) (35- 70) MTY,SECL,060100093,CHHATTISGARH,6/2010,3/2023,-,"11,816.40",-,"5,856.67",15/21
2023-05,GAURI PAUNI EXPANSION OC,WCL,N06000235,MAHARASHTRA,8/2020,3/2029,-,337.38,-,48.04,2/7
2023-05,NILJAI EXPANSION (DEEP) OC (3.5 MTY),WCL,N06000154,MULTI STATE,8/2016,3/2022,3/2025,319.76,319.76,275.11,0/3
2023-05,SASTI EXPANSION OC,WCL,N06000206,MAHARASHTRA,8/2020,3/2026,-,371.59,-,59.19,2/7
2023-05,BHANEGAON OC (1.15MTY),WCL,N06000256,MAHARASHTRA,9/2022,3/2028,-,494.60,-,96.88,1/6
2023-05,GHONSA EXPANSION DEEP OC,WCL,N06000205,MAHARASHTRA,3/2021,3/2028,-,241.72,-,58.69,0/7
2023-05,BELLORA-NAIGAON DEEP OC,WCL,N06000180,MAHARASHTRA,11/2018,3/2021,3/2024,252.71,-,121.58,1/3
2023-05,DURGAPUR EXTENSION (DEEP) OC (3.0 MTY),WCL,N06000157,MULTI STATE,2/2017,3/2021,3/2025,328.00,-,309.69,5/6
2023-05,AMALGAMATED INDER-KAMPTEE DEEP OC (3.20 MTY),WCL,N06000226,MAHARASHTRA,9/2018,3/2024,-,313.34,-,189.18,1/1
2023-05,ADASA UG TO OC (1.50 MTY),WCL,N06000219,MAHARASHTRA,11/2018,3/2024,-,333.43,-,193.69,0/4
2023-05,BHATADI EXPANSION OC,WCL,N06000254,MAHARASHTRA,2/2020,3/2028,-,729.86,-,158.48,1/5
2023-05,SAONER UG MINE I EXPANSION,WCL,N06000251,MAHARASHTRA,1/2022,3/2028,-,253.51,-,38.77,0/5
2023-05,GANDHIGRAM UG MINE,WCL,N06000183,MADHYA PRADESH,8/2019,3/2026,-,414.16,-,23.49,2/7
2023-05,DHUPTALA OC(SASTI UG TO OC),WCL,N06000209,MAHARASHTRA,2/2019,3/2028,-,720.87,-,170.42,0/6
2023-05,DINESH (MAKARDHOKDA-III) OC (8.0 MTY),WCL,N06000222,MAHARASHTRA,2/2020,3/2027,-,"1,184.33",-,679.11,2/8
2023-05,MUNGOLI NIRGUDA EXTENSION (DEEP) OC,WCL,N06000231,MAHARASHTRA,11/2020,3/2026,-,826.80,-,339.55,0/4
2023-05,NEW MAJARI UG TO OC (3.0 MTY),WCL,N06000255,MAHARASHTRA,5/2019,3/2027,-,496.38,-,102.75,1/5
2023-05,AMALGAMATED YEKONA-I YEKONA- II,WCL,N06000132,MAHARASHTRA,8/2015,3/2025,-,727.28,-,505.43,10/13
2023-05,AMALGAMATED DHANKASA JAMUNIA UG (1.84 MTY),WCL,N06000257,MADHYA PRADESH,9/2022,3/2027,-,497.01,-,124.92,0/5
2023-05,SINGHORI DEEP OC,WCL,N06000252,MAHARASHTRA,5/2022,3/2029,-,421.84,-,110.40,0/6
2023-05,VISHNUPURI UG TO OC,WCL,N06000260,MADHYA PRADESH,11/2022,3/2029,-,227.65,-,7.02,0/6
2023-05,TAWA III UG MINE,WCL,N06000250,MADHYA PRADESH,12/2021,3/2027,-,324.25,-,12.19,0/5
2023-05,UKNI DEEP OC,WCL,N06000179,MAHARASHTRA,11/2018,3/2021,3/2025,318.14,-,248.76,1/4
2023-05,"CONSTRUCTION OF A NEW STATE OF ART EDUCATIONAL CAMPUS FOR IIFT AT MAIDAN GARHI, NEW DELHI",NBCC FOR COMMER,N40000003,DELHI,6/2018,10/2020,-,302.64,-,30.00,0/0
2023-05,"RESIDENTIAL QUATERS FOR HAL,BANGLORE",CPWD FOR DEFENC,N28000103,KARNATAKA,12/2016,2/2020,3/2023,246.31,200.00,185.85,10/10
2023-05,ADDITIONAL INFRASTRUCTURE AT IISC BANGALORE SH RCC MONOLITHIC FOR MEN WOMEN HOSTEL,CPWD,N42000010,KARNATAKA,8/2021,2/2024,-,316.25,-,0.00,1/2
2023-05,CONSTRUCTION OF ACADEMIC AND RESIDENTIAL COMPLEX UNDER PHASE-II FOR THE CAMPUS OF IIT PATNA,CPWD EDUCATION,N28000100,BIHAR,2/2016,6/2017,8/2023,496.18,496.00,392.04,3/6
2023-05,"C/O PERMANENT CAMPUS OF IIT BHILAI AT KUTHELABHATA, DURG CHHATTISGARH, STAGE I PHASE I.",CPWD EDUCATION,N28000141,CHHATTISGARH,3/2020,7/2022,-,808.62,-,640.70,0/0
2023-05,PERMANENT CAMPUS FOR IIM BODH GAYA,CPWD EDUCATION,N42000009,BIHAR,9/2018,9/2020,-,375.00,-,249.75,6/7
2023-05,CONSTRUCTION OF PERMANENT CAMPUS IIT JAMMU (PHASE 1C),CPWD EDUCATION,N28000131,JAMMU AND KASHMIR,1/2018,4/2023,-,676.00,-,0.15,0/1
2023-05,ESTABLISHMENT OF PERMANENT CAMPUS PHASE 1 OF IIM SIRMAUR,CPWD EDUCATION,N42000008,HIMACHAL PRADESH,9/2018,6/2022,11/2023,392.51,-,207.12,0/2
2023-05,"CONSTRUCTION OF VARIOUS BUILDINGS UNDER PHASE 1C AT IIT ROPAR, PUNJAB",CPWD EDUCATION,N28000120,PUNJAB,1/2018,5/2020,-,430.00,-,337.42,3/5
2023-05,"CONSTRUCTION OF PERMANENT CAMPUS FOR NATIONAL INSTITUTE OF TECHNOLOGY GOA AT CUNCOLIM, GOA.",CPWD EDUCATION,N42000002,GOA,5/2019,8/2021,-,303.90,334.45,280.00,6/8
2023-05,"CONSTRUCTION OF PERMANENT CAMPUS OF INDIAN INSTITUTE OF MANAGEMENT (IIM) AMRITSAR, PUNJAB.",CPWD EDUCATION,N28000142,PUNJAB,10/2019,5/2022,-,348.24,-,153.71,1/8
2023-05,CONSTRUCTION OF TWO NOS GIRLS HOSTELS AND ONE NO BOYS HOSTEL OF 500 CAPACITY EACH G PLUS 8 STOREYED,CPWD EDUCATION,N28000146,WEST BENGAL,3/2020,6/2020,-,193.83,-,139.12,0/14
2023-05,"C/O PERMANENT CAMPUS OF IIT PALAKKAD PHASE IA AT PUDESSERY VILLAGE,KANJIKODE WEST, DISTRICT PALAKKA",CPWD EDUCATION,N28000140,KERALA,7/2019,3/2021,3/2023,753.63,-,337.02,2/11
2023-05,"CONSTRUCTION OF PERMANENT CAMPUS FOR IISER AT JANGALAPALLI VILLAGE, YERPEDU MANDAL, CHITTOOR DISTRIC",CPWD EDUCATION,N42000007,ANDHRA PRADESH,9/2019,9/2022,-,588.72,-,414.98,7/9
2023-05,CONSTRUCTION OF PERMANENT CAMPUS OF IIM JAMMU (PHASE 1),CPWD EDUCATION,N28000130,JAMMU AND KASHMIR,3/2019,7/2022,9/2023,424.93,-,360.19,0/14
2023-05,"CONSTRUCTION OF PERMANENT CAMPUS FOR INDIAN INSTITUTE OF TECHNOLOGY, DHARWAD (PHASE 1A)",CPWD EDUCATION,N42000006,KARNATAKA,7/2019,3/2022,10/2022,851.00,851.00,683.74,7/12
2023-05,2000 BOYS HOSTEL(1000 DOUBLE BEDDED ROOM) AT ISM DHANBAD,CPWD EDUCATION,N28000067,JHARKHAND,9/2012,3/2016,-,171.86,-,167.98,5/6
2023-05,"CONSTRUCTION OF IITB RESEARCH PARK AT IIT BOMBAY, POWAI, MUMBAI",CPWD EDUCATION,N28000117,MAHARASHTRA,1/2018,7/2020,9/2023,223.37,275.00,152.30,7/14
2023-05,CONSTRUCTION OF MEGA HOSTEL II FOR NIT CALICUT KERALA,,,,1/2010,10/2012,-,165.23,-,135.78,8/8
2023-05,CONSTRUCTION OF PERMANENT CAMPUS FOR INDIAN INSTITUTE OF TECHNOLOGY TIRUPATI AT MERLAPAKA VILLAGE YE,CPWD EDUCATION,N42000005,ANDHRA PRADESH,2/2019,6/2020,-,655.34,-,366.21,0/110
2023-05,CONSTRUCTION AND DEVELOPMENT OF NATINAL INSTITUTE OF TECHNOLOGY MEGHALAYA PERMANENT CAMPUS AT SOHRA,RITES OF HIGHER,N42000001,MEGHALAYA,9/2013,9/2014,12/2023,484.32,429.70,260.75,0/0
2023-05,"CONSTRUCTION OF SIKKIM UNIVERSITY CAMPUS PHASE-I, PACKAGE -II AT YANGANG SOUTH SIKKIM",Sikkim Universi,N44000002,SIKKIM,8/2020,1/2025,12/2024,314.06,-,15.70,0/0
2023-05,"CONSTRUCTION OF INTERNATIONAL CENTRE FOR PERFORMING ARTS AND CULTURE,SHILONG IN MEGALAYA UNDER NLCPR",HSCL FOR DONER,N12000103,MEGHALAYA,4/2014,9/2017,-,151.33,-,148.33,12/15
2023-05,NATIONAL INDUSTRIAL CORRIDOR,DMIC FOR DPIIT,N40000001,MULTI STATE,9/2011,3/2027,3/2027,"20,084.00","20,084.00","9,682.86",0/0
2023-05,INDIA INTERNATIONAL CONVENTION AND EXPO CENTRE,IICC FOR DPIIT,N40000002,DELHI,11/2017,12/2019,-,"4,773.00",-,"4,013.09",0/0
2023-05,AN MELT PROJECT AT RCF TROMBAY,RCF,N08000019,MAHARASHTRA,5/2022,9/2024,-,187.27,187.27,18.53,0/0
2023-05,CONSTRUCTION OF 726 Nos RESIDENTIAL QUARTERS CHENNAI,CPWD FOR FINANC,N28000109,TAMIL NADU,11/2017,11/2021,-,348.77,-,293.50,3/8
2023-05,"C/O OF 152 NOS TYPE-II,304 NOS,TYPE-III,76 NOS, TYPE-IV QTRS. FOR INCOME TAX DEPARTMENT AT CHENNAI",CPWD FOR FINANC,N28000089,TAMIL NADU,12/2015,10/2019,10/2022,209.00,-,249.00,6/6
2023-05,"C/O RESIDENTIAL COMPLEX BUILDING FOR CENTRAL BOARD OF INDIRECT TAXES AND CUSTOMS AT SECTOR-9, DWARKA",NPCC,N07000001,DELHI,7/2018,4/2022,-,228.50,220.27,176.28,6/15
2023-05,CONSTRUCTION OF 300 BEDDED HOSPITAL AND TEACHING BLOCK IN DR YS PARMAR GMC AT NAHAN HIMACHAL PRADESH,CPWD FOR HEALTH,N28000127,HIMACHAL PRADESH,12/2018,6/2021,8/2023,260.00,371.78,41.12,0/0
2023-05,C/O NEW HOSPITAL BLOCK FOR,,,,9/2017,3/2020,-,150.29,-,121.00,5/7
2023-05,ESTABLISHMENT OF NATIONAL ANIMAL RESOURCE FACILITY FOR BIOMEDICAL RESEARCH AT HYDERABAD,CPWD FOR HEALTH,N28000098,TELANGANA,10/2016,3/2020,-,209.84,-,239.49,1/5
2023-05,CONST OF 152 QTRS 240 BOYS 240 GIRLS 150 NURSES HOSTEL AND OTHER BUILDINGS INCLUDING DEVELOPMENT,CPWD FOR HEALTH,N28000139,PUDUCHERRY,3/2018,9/2020,12/2022,195.00,-,157.57,0/33
2023-05,"CONSTRUCTION OF AIIMS AT JAMMU VIJAYPUR, SAMBA JAMMU AND KASHMIR",CPWD FOR HEALTH,N21000029,JAMMU AND KASHMIR,3/2019,9/2023,-,"1,404.00",-,991.63,0/0
2023-05,C/O AIIMS AT AWANTIPORA (KASHMIR) JAMMU AND KASHMIR,CPWD FOR HEALTH,N28000150,JAMMU AND KASHMIR,3/2019,9/2025,-,"1,828.00",-,651.84,0/0
2023-05,"ALL INDIA INSTITUTE OF MEDICAL SCIENCE AT GUWAHATI, ASSAM",HITES,N21000027,ASSAM,5/2017,5/2021,12/2022,875.00,890.14,648.97,0/0
2023-05,"COMPREHENSIVE PLANNING, DESIGNING, EXECUTION OF ALL INDIA INSTITUTE OF MEDICAL SCIENCES AT BIBINAGAR",HITES,N21000031,TELANGANA,12/2018,7/2024,-,"1,110.55",-,247.08,0/0
2023-05,HOSPITAL AND TEACHING- AIIMS GUNTUR,HSCC,N21000020,ANDHRA PRADESH,3/2018,/,-,601.02,-,590.20,0/0
2023-05,"RESIDENTIAL COMPLEX AND OPD BLOCK, AIIMS-MNAGLAGIRI GUNTUR, ANDHRA PRADESH",HSCC,N21000017,ANDHRA PRADESH,8/2017,3/2019,-,272.19,-,268.59,0/0
2023-05,AIIMS - OPD(NEW),HSCC,N21000009,DELHI,8/2014,5/2017,-,293.65,-,299.76,5/5
2023-05,HOSPITAL AND TEACHING- AIIMS NAGPUR,HSCC,N21000023,MAHARASHTRA,3/2018,/,-,582.99,-,562.03,0/0
2023-05,GERIATRICS BLOCK- AIIMS DLEHI,HSCC,N21000019,DELHI,12/2017,/,-,156.56,-,145.94,0/0
2023-05,SATELLITE CENTRE PGI CHANDIGARH SANGRUR PUNJAB,HSCC,N21000012,PUNJAB,7/2016,2/2018,-,152.95,-,171.90,1/1
2023-05,LHMC NEW DELHI-RE- DEVELOPMENT,HSCC,N21000003,DELHI,2/2013,11/2013,-,414.11,-,586.50,0/0
2023-05,SUPER SPECIALITY BLOCK PMSSY GOA,HSCC,N21000022,GOA,1/2018,/,-,249.01,-,244.64,0/0
2023-05,RESIDENTIALCOMPLEX AND OPD,,,,8/2017,3/2019,-,355.15,-,321.31,0/0
2023-05,HOSPITAL AND MEDICAL COLLEGE AIIMS RAEBARELI,HSCC,N21000021,UTTAR PRADESH,3/2018,/,-,268.84,-,269.92,0/0
2023-05,HOSPITAL AND TEACHING- AIIMS KALYANI,HSCC,N21000024,WEST BENGAL,4/2018,/,-,651.99,-,622.18,0/0
2023-05,NEIGRIHMS SHILLONG MEGHALYA,HSCC,N21000013,MEGHALAYA,10/2016,5/2018,-,363.99,-,321.00,0/0
2023-05,"LGBRIMH-TEZPUR, ASSAM",HSCC,N21000007,ASSAM,7/2012,12/2014,-,175.57,-,179.15,0/0
2023-05,AIIMS - MOTHER AND CHILD BLOCK,HSCC,N21000008,DELHI,12/2013,5/2017,-,204.44,-,285.00,2/2
2023-05,"CONSTRUCTION OF HOSPITAL BLOCK, IIT, KHARAGPUR",HSCC,N21000010,WEST BENGAL,12/2014,5/2017,-,168.90,-,182.10,3/3
2023-05,CONSTRUCTION OF HOSPITAL AND OPD BLOCK NCI JHAJJAR,HSCC,N21000011,HARYANA,9/2014,3/2018,-,505.58,-,586.96,2/2
2023-05,"RESIDENTIAL COMPLEX AND OPD BLOCK, AIIMS, NAGPUR MAHARASTRA",HSCC,N21000016,MAHARASHTRA,8/2017,3/2019,-,274.19,-,259.46,0/0
2023-05,CNCI KOLKATA WEST BENGAL,HSCC,N21000015,WEST BENGAL,8/2016,9/2018,-,244.00,-,224.92,0/0
2023-05,AIIMS BILASPUR,NBCC FOR HEALTH,N21000028,HIMACHAL PRADESH,4/2018,9/2021,-,"1,351.00",-,"1,185.10",4/4
2023-05,CONSTRUCTION OF HEADQUARTER BUILDING OF CRPF AT LODHI ROAD NEW DELHI,CPWD FOR MHA,N45000002,DELHI,6/2019,7/2022,-,277.35,-,85.12,3/6
2023-05,CONSTRUCTION OF 683 VARIOUS TYPE FAMILY QUARTERS AT GROUP CENTRE CRPF CHANDAULI,CPWD FOR MHA,N45000003,UTTAR PRADESH,5/2019,1/2022,3/2023,199.31,-,86.49,3/6
2023-05,NSG AT KOLKATA,CPWD FOR MHA,N28000104,WEST BENGAL,10/2014,4/2018,-,162.88,210.83,177.77,6/7
2023-05,ESTABLISHMENT OF CENTRAL ARMED POLICE FORCE INSTITUTE OF MEDICAL SCIENCES(CAPFIMS) AT NEW DELHI,CPWD FOR MHA,N28000071,DELHI,10/2013,10/2019,-,"1,219.21","1,735.25","1,617.86",4/7
2023-05,"C/o separate family accommodation (Phase-I) on EPC basis for SSB at Faridabad (Haryana)""",CPWD FOR MHA,N28000147,HARYANA,1/2020,10/2023,3/2024,166.98,167.00,37.05,2/13
2023-05,CONSTRUCTION OF BASEMENTG FLOOR10 STORIES BUILDING FOR,,,,4/2019,4/2022,-,255.37,-,34.09,1/1
2023-05,CONVERSION OF FLAT BOTTOM SETTLERS AND WASHERS WITH A SINGLE TRAIN OF HRDS AND DCWS IN STREAMS 1 AND,NALCO,N10000012,ODISHA,12/2015,11/2020,9/2025,355.00,581.00,78.79,3/3
2023-05,SOURCING OF BAUXITE ARRANGEMENT FOR 5TH STREAM ALUMINA REFINERY FROM SOUTH BLOCK MINING LEASE OF PAN,NALCO,N10000013,ODISHA,11/2017,4/2021,5/2024,483.00,483.00,173.92,2/2
2023-05,5TH STREAM ALUMINA REFINERY EXPANSION PROJECT,NALCO,N10000010,ODISHA,12/2014,4/2021,12/2022,"4,103.00","5,055.00","2,097.42",4/4
2023-05,POTTANGI BAUXITE MINES,NALCO,N10000016,ODISHA,5/2018,12/2024,3/2025,"1,437.00","1,381.00",602.58,0/0
2023-05,25.5 MW WIND POWER PROJECT AT KAYATHAR IN TAMILNADU,NALCO,N10000014,TAMIL NADU,9/2017,6/2019,12/2023,166.62,163.17,135.00,1/1
2023-05,UTKAL D AND E COAL BLOCK,NALCO,N10000011,ODISHA,5/2016,1/2020,11/2023,534.00,667.23,602.28,3/3
2023-05,CITY GAS DISTRIBUTION NETWORK PROJECT AT CHATRA AND PALAMU,BPCL,N16000474,JHARKHAND,12/2019,3/2029,-,230.25,-,40.41,0/0
2023-05,CITY GAS DISTRIBUTION NETWORK PROJECT AT BALLARI AND GADAG,BPCL,N16000461,KARNATAKA,4/2019,9/2028,-,897.62,-,173.36,0/0
2023-05,CITY GAS DISTRIBUTION NETWORK PROJECT AT SAHARANPUR,BPCL,N16000475,UTTAR PRADESH,5/2016,6/2023,-,186.70,198.80,183.59,0/0
2023-05,DEBOTTLENECKING AND AUGMENTATION OF CRYOGENIC FACILITIES AT URAN LPG IMPORT TERMINAL,BPCL,N16000442,MAHARASHTRA,4/2021,6/2024,-,"1,164.69",-,132.90,0/0
2023-05,CITY GAS DISTRIBUTION NETWORK PROJECT AT ROHTAK,BPCL,N16000473,HARYANA,4/2018,6/2025,-,261.48,-,131.06,0/0
2023-05,RESITEMENT OF RANCHI AND DHANBAD OLD POL DEPOT AT BOKARO.,BPCL,N16000373,JHARKHAND,11/2018,6/2022,3/2023,248.55,-,217.31,7/16
2023-05,CITY GAS DISTRIBUTION NETWORK PROJECT AT AHMEDNAGAR AND AURANGABAD,BPCL,N16000459,MAHARASHTRA,4/2019,9/2028,-,"3,972.18",-,"1,196.22",12/14
2023-05,IRUGUR-DEVANGONTHI POL PIPELINE,BPCL,N16000234,TAMIL NADU,11/2012,2/2017,1/2026,678.00,"1,732.00",26.97,0/0
2023-05,CITY GAS DISTRIBUTION NETWORK PROJECT AT ANGUL AND DHENKANAL,BPCL,N16000463,ODISHA,4/2019,3/2030,-,605.65,-,157.22,0/0
2023-05,CITY GAS DISTRIBUTION NETWORK PROJECT AT JAGATSINGHPUR AND KENDRAPARA -,,,,4/2019,3/2030,-,485.91,-,116.07,0/0
2023-05,"CITY GAS DISTRIBUTION NETWORK PROJECT AT AMETHI, RAEBARELI AND PRATAPGARH",BPCL,N16000466,UTTAR PRADESH,4/2019,9/2028,-,432.06,-,118.80,0/0
2023-05,CITY GAS DISTRIBUTION NETWORK PROJECT AT SANGLI AND SATARA,BPCL,N16000460,MAHARASHTRA,4/2019,11/2028,-,"2,337.98",-,609.20,0/0
2023-05,CITY GAS DISTRIBUTION NETWORK PROJECT AT SATNA AND SHAHDOL,BPCL,N16000472,MADHYA PRADESH,4/2019,9/2028,-,332.38,-,84.80,0/0
2023-05,"CITY GAS DISTRIBUTION NETWORK PROJECT AT BILASPUR, HAMIRPUR AND UNA",BPCL,N16000467,HIMACHAL PRADESH,4/2019,9/2030,-,427.94,-,66.32,0/0
2023-05,KOCHI SALEM LPG PIPELINE,BPCL,N16000314,KERALA,12/2015,6/2019,2/2024,"1,112.00","1,507.24","1,086.35",1/3
2023-05,CITY GAS DISTRIBUTION NETWORK PROJECT AT SIDHI AND SANGRAULI,BPCL,N16000468,MADHYA PRADESH,12/2019,3/2029,-,350.35,-,65.33,0/0
2023-05,"CITY GAS DISTRIBUTION NETWORK PROJECT AT BARGARH, DEBGARH AND SAMBALPUR",BPCL,N16000464,ODISHA,4/2019,3/2030,-,599.19,-,150.72,0/0
2023-05,CITY GAS DISTRIBUTION NETWORK PROJECT AT JAJPUR AND KENDUJHAR,BPCL,N16000462,ODISHA,4/2019,3/2030,-,741.29,-,199.14,0/0
2023-05,CONSTRUCTION OF LUBE OIL BLENDING AND FILLING PLANT AT RASAYANI,BPCL,N16000452,MAHARASHTRA,5/2022,3/2024,-,423.39,-,68.91,0/0
2023-05,"Setting up of Integated 2G and 1G Bio- Ethanol Refinery at Bargarh, Odisha",BPCL,N16000374,ODISHA,8/2019,8/2022,6/2023,"1,607.00",-,810.25,9/28
2023-05,CBR 9 MMTPA PROJECT,CPCL,N16000434,TAMIL NADU,1/2021,6/2025,-,"31,580.00","31,580.00",879.59,11/50
2023-05,KOCHI-KOOTTANAD-BANGALORE- MANGALORE PIPELINE PHASE-II,GAIL,N16000285,MULTI STATE,6/2009,12/2012,11/2024,"2,915.00","5,909.00","3,490.90",26/42
2023-05,BARAUNI-GUWAHATI PIPELINE,GAIL,N16000334,MULTI STATE,6/2018,12/2021,6/2023,"3,308.00",-,"3,432.80",18/20
2023-05,SRIKAKULAM ANGUL PIPELINE,GAIL,N16000388,MULTI STATE,9/2019,7/2022,7/2023,"2,658.34",-,"1,423.30",14/18
2023-05,"CITY GAS DISTRIBUTION (CGD) NETWORK, RANCHI",GAIL,N16000329,JHARKHAND,10/2017,10/2022,-,226.45,-,212.59,19/19
2023-05,"CITY GAS DISTRIBUTION (CGD) NETWORK, CUTTACK",GAIL,N16000328,ODISHA,7/2017,7/2022,-,182.20,-,132.08,9/9
2023-05,DURGAPUR-HALDIA PIPELINE,GAIL,N16000275,WEST BENGAL,3/2017,12/2020,6/2023,"1,740.00","1,860.80","1,478.30",18/24
2023-05,HARIDWAR RISHIKESH DEHRADUN,,,,8/2018,4/2021,-,217.92,-,139.10,12/14
2023-05,CITY GAS DISTRIBUTION (CGD) NETWORK BHUBANESHWAR,GAIL,N16000289,ODISHA,7/2017,7/2022,-,243.53,-,219.30,10/10
2023-05,DHAMRA-ANGUL PIPELINE PROJECT,GAIL,N16000272,ODISHA,3/2017,12/2020,11/2022,"1,933.00","2,310.10","2,094.90",22/24
2023-05,BOKARO-ANGUL PIPELINE PROJECT,GAIL,N16000274,MULTI STATE,3/2017,12/2020,11/2022,"3,437.00",-,"2,463.30",24/24
2023-05,SUSTAINED EVACUATION OF GAS FROM GANDHAR FIELDS BY INSTALLING A GAS COMPRESSOR AND PIPELINE CONNECTI,GAIL,N16000349,GUJARAT,9/2018,2/2021,12/2022,225.54,-,211.68,6/8
2023-05,CITY GAS DISTRIBUTION (CGD) NETWORK PATNA,GAIL,N16000327,BIHAR,10/2017,10/2022,-,359.25,-,258.12,10/10
2023-05,60 KTA POLYPROPYLENE PROJECT,GAIL,N16000429,UTTAR PRADESH,3/2019,4/2024,-,910.56,"1,299.02",379.40,15/17
2023-05,MUMBAI NAGPUR JHARSUGUDA PIPELINE PROJECT,GAIL,N16000398,MULTI STATE,6/2020,5/2023,-,"7,844.25",-,"4,428.00",24/29
2023-05,SETTING UP 500KTPA PROPANE DEHYDROGENATION INTEGRATED WITH POLYPROPYLENE UNIT ALONG WITH OFFSITE AND,GAIL,N16000430,MAHARASHTRA,5/2019,4/2025,-,"8,797.00",-,"1,445.70",15/20
2023-05,DHAMRA HALDIA PIPELINE PROJECT,GAIL,N16000391,MULTI STATE,3/2020,11/2022,6/2023,"1,030.65",-,586.20,10/12
2023-05,"CITY GAS DISTRIBUTION, JAMSHEDPUR",GAIL,N16000389,JHARKHAND,10/2017,10/2022,-,221.45,-,152.54,9/9
2023-05,CITY GAS DISTRIBUTION PROJECT IN GEOGRAPHICAL AREA OF SONIPAT (EAAA) AND JIND DISTRICTS,HPCL,N16000385,HARYANA,9/2018,9/2026,2/2027,520.00,-,344.01,45/52
2023-05,"SECOND GENERATION ETHANOL BIOREFINERY PROJECT, BATHINDA, PUNJAB",HPCL,N16000402,PUNJAB,5/2020,2/2023,12/2023,"1,421.46",-,709.04,16/22
2023-05,"CONSTRUCTION OF LPG FACILITIES AT KAMARDANGA, ASSAM",HPCL,N16000484,ASSAM,3/2023,3/2026,-,156.36,-,0.00,0/0
2023-05,AUGMENTATION OF FACILITIES AT THE EXISTING RAIPUR DEPOT,HPCL,N16000413,CHHATTISGARH,3/2021,3/2024,-,456.00,-,169.33,29/62
2023-05,HP CRUDE TO OLEFINS AND AROMATICS TECHNOLOGY DEMO UNIT AT VISAKH REFINERY,HPCL,N16000432,ANDHRA PRADESH,9/2021,6/2024,-,160.00,-,0.43,3/13
2023-05,VISAKH REFINERY MODERNISATION,HPCL,N16000235,ANDHRA PRADESH,7/2016,7/2020,7/2022,"20,928.00","26,264.00","23,280.98",104/111
2023-05,NEW LPG PLANT AT VARANASI,,,,8/2017,5/2024,-,194.62,-,136.78,0/20
2023-05,BHATINDA SANGRUR PIPELINE,HPCL,N16000440,PUNJAB,11/2021,4/2024,-,367.00,-,127.68,0/0
2023-05,SULPHUR FORMING UNIT IN SRU,HPCL,N16000408,ANDHRA PRADESH,10/2020,8/2021,-,210.94,-,174.86,6/6
2023-05,RUF PITCH LOADING GANTRY,HPCL,N16000406,ANDHRA PRADESH,10/2020,11/2022,-,332.61,-,200.39,7/12
2023-05,CITY GAS DISTRIBUTION IN WEST BENGAL,HPCL,N16000392,WEST BENGAL,3/2019,3/2031,8/2031,"5,830.20",-,383.20,32/50
2023-05,CONSTRUCTION OF 80000MT LPG CAVERN AT MANGALORE,HPCL,N16000369,KARNATAKA,12/2018,12/2022,12/2023,854.00,-,364.42,15/19
2023-05,SWRO II WITH LLPH FACILITIES,HPCL,N16000378,ANDHRA PRADESH,9/2019,7/2020,7/2023,196.26,-,137.05,1/5
2023-05,CITY GAS DISTRIBUTION IN UP AND UK,HPCL,N16000387,UTTAR PRADESH,3/2019,3/2029,8/2029,"3,450.20",-,"1,211.10",34/64
2023-05,HALDIA PANAGARH PIPELINE,HPCL,N16000478,WEST BENGAL,11/2022,11/2025,-,"1,010.00",-,3.03,0/21
2023-05,"CGD PROJECT AT ARARIA, PURNIA, KATIHAR AND KISHANGANJ DISTRICTS",IOCL,N16000421,BIHAR,6/2019,12/2029,3/2030,988.00,-,77.87,0/0
2023-05,MUZAFFARPUR-MOTIHARI LPG PIPELINE,IOCL,N16000399,BIHAR,6/2020,8/2022,6/2023,403.00,-,241.73,0/2
2023-05,CGD PROJECT AT DHARMAPURI AND KRISHNAGIRI DISTRICTS,IOCL,N16000486,TAMIL NADU,3/2022,3/2030,-,501.00,-,34.40,0/0
2023-05,"CGD PROJECT AT SHEIKHPURA, JAMUI AND DEOGHAR DISTRICTS",IOCL,N16000427,MULTI STATE,6/2019,2/2028,-,303.00,-,178.35,0/0
2023-05,REPLACEMENT OF EXISTING TWIN 42” OFFSHORE PIPELINES AT VADINAR ALONG WITH TWO EXISTING PIPELINE END,IOCL,N16000400,GUJARAT,6/2020,12/2022,2/2024,"1,378.00",-,849.56,0/0
2023-05,"CGD PROJECT AT JHUNJHUNU, SIKAR AND NAGAUR DISTRICTS",IOCL,N16000489,RAJASTHAN,3/2022,3/2030,-,575.00,-,18.68,0/0
2023-05,CGD PROJECT AT COIMBATORE DISTRICT,IOCL,N16000418,TAMIL NADU,10/2018,3/2030,-,"2,998.00",-,276.30,0/0
2023-05,"CGD PROJECT AT BOKARO, HAZARIBAGH AND RAMGARH DISTRICTS",IOCL,N16000416,JHARKHAND,10/2018,12/2029,3/2030,613.00,-,215.27,0/0
2023-05,"CONSTRUCTION OF GRASS ROOT PETROLEUM TOP AT ATCHUTAPURAM, ANDHRA PRADESH",IOCL,N16000342,ANDHRA PRADESH,8/2018,4/2021,12/2022,466.00,-,408.60,0/0
2023-05,CAPACITY EXPANSION OF PANIPAT REFINERY FROM 15 TO 25 MMTPA,,,,2/2021,9/2024,-,"34,627.00",-,"3,672.46",13/23
2023-05,"INFRASTRUCTURE DEVELOPMENT TO FACILITATE IMPORT OF GRID POWER AT 220 KV, PANIPAT",IOCL,N16000363,HARYANA,12/2018,6/2021,7/2023,278.60,-,186.05,4/5
2023-05,"CGD PROJECT AT KANYAKUMARI, TUTICORIN, TIRUNVELI KATTABO AND TENKASI DISTRICTS",IOCL,N16000492,TAMIL NADU,3/2022,3/2030,-,"1,295.00",-,32.88,0/0
2023-05,CGD PROJECT AT PATHANKOT DISTRICT,IOCL,N16000488,PUNJAB,3/2022,3/2030,-,151.00,-,5.48,0/0
2023-05,"CGD PROJECT AT MUZAFFARPUR, VAISHALI, SARAN AND SAMASTIPUR DISTRICTS",IOCL,N16000425,BIHAR,6/2019,2/2028,8/2029,"2,996.00",-,498.41,0/0
2023-05,LAYING OF POL PIPELINES IN COMMON CORRIDOR FOR PROPOSED GRASS ROOT TERMINAL AT VALLUR (CHENNAI),IOCL,N16000455,TAMIL NADU,1/2022,7/2024,-,829.00,-,82.30,0/0
2023-05,KOYALI AHMEDNAGAR SOLAPUR PIPELINE,IOCL,N16000249,MAHARASHTRA,5/2016,2/2022,4/2023,"1,945.00","2,251.00","1,971.46",5/5
2023-05,R and D CAMPUS II AT FARIDABAD,IOCL,N16000375,HARYANA,6/2019,12/2022,7/2023,"2,281.94","3,219.94","1,072.00",5/7
2023-05,DEVLEOPMENT OF GRID INFRASTRUCTURE FOR IMPORTING GRID POWER AT 220 KV AT BARAUNI REFINERY,IOCL,N16000324,BIHAR,12/2017,10/2020,6/2023,199.36,-,162.98,2/2
2023-05,ACRYLICS OR OXO-ALCOHOL PROJECT AT GUJARAT REFINERY,IOCL,N16000382,GUJARAT,11/2019,5/2023,11/2023,"5,251.00","5,894.00","2,940.43",10/11
2023-05,ATF PIPELINE FROM JAWAHARLAL NEHRU PORT TRUST (JNPT) TO NAVI MUMBAI INTERNATIONAL AIRPORT (NMIA),IOCL,N16000456,MAHARASHTRA,9/2022,8/2025,-,165.00,-,0.13,0/0
2023-05,REVAMPING OF FACILITIES AT VIZAG TERMINAL,IOCL,N16000343,ANDHRA PRADESH,4/2018,4/2022,-,355.00,-,195.71,0/0
2023-05,"REVAMPING OF FACILITIES AT EXISTING GUWAHATI TERMINAL, ASSAM",IOCL,N16000441,ASSAM,3/2022,7/2026,-,277.00,-,26.23,0/0
2023-05,"CGD PROJECT AT MADURAI, THENI AND VIRUDHNAGAR DISTRICTS",IOCL,N16000490,TAMIL NADU,3/2022,3/2030,-,"1,328.00",-,35.95,0/0
2023-05,PX-PTA REVAMP AT PANIPAT REFINERY,IOCL,N16000376,HARYANA,8/2019,12/2021,12/2023,"1,255.00",-,761.96,6/7
2023-05,"GRASS ROOT POL TERMINAL AT VALLUR, CHENNAI",IOCL,N16000438,TAMIL NADU,1/2022,7/2024,-,827.00,-,186.27,0/0
2023-05,CBR ASANUR PIPELINE AND ITS HOOK UP WITH EXISTING CHENNAI TRICHY MADURAI PRODUCT PIPELINE -,,,,3/2022,11/2024,-,564.00,-,0.46,0/0
2023-05,"CGD PROJECT AT AURANGABAD, KAIMUR AND ROHTAS DISTRICTS",IOCL,N16000415,BIHAR,10/2018,8/2027,2/2029,176.00,-,124.04,0/0
2023-05,30 INCH CRUDE OIL PIPELINE IN HALDIA-BARAUNI SECTION OF PHBPL AND CONVERSION OF EXISTING 18 INCH HAL,IOCL,N16000332,WEST BENGAL,3/2018,9/2022,6/2023,"3,712.00","3,696.00","2,814.29",3/3
2023-05,CAPACITY EXPANSION OF DIGBOI REFINERY FROM 0.65 TO 1.0 MMTPA,IOCL,N16000457,ASSAM,6/2022,10/2025,-,768.00,-,1.09,0/0
2023-05,CATALYST MANUFACTURING UNIT OF 1500 MTPA CAPACITY AT PANIPAT REFINERY,IOCL,N16000321,HARYANA,4/2018,2/2020,6/2023,206.63,340.76,275.21,6/7
2023-05,NAPHTHA CRACKER EXPANSION PROJECT AT PANIPAT,IOCL,N16000340,HARYANA,8/2018,8/2020,7/2023,"1,636.00",-,"1,311.02",6/7
2023-05,"CGD PROJECT AT KURNOOL, GUNTUR AND PRAKASAM DISTRICTS",IOCL,N16000485,ANDHRA PRADESH,3/2022,3/2030,-,"1,420.00",-,20.13,0/0
2023-05,CGD PROJECT AT SALEM DISTRICT,IOCL,N16000419,TAMIL NADU,10/2018,3/2030,-,"1,304.00",-,87.51,0/0
2023-05,EXPANSION OF GUWAHATI REFINERY FROM 1 TO 1.2 MMTPA ALONG WITH INSTALLATION OF CATALYTIC REFORMING UN,IOCL,N16000414,ASSAM,5/2021,10/2023,-,412.00,-,190.74,8/10
2023-05,"CONSTRUCTION OF CAPTIVE POL LPG JETTY AT KAMARAJAR PORT, CHENNAI",IOCL,N16000403,TAMIL NADU,10/2020,9/2023,-,921.00,-,260.93,0/0
2023-05,"CGD PROJECT AT LAKHISARAI, MUNGER AND BHAGALPUR DISTRICTS",IOCL,N16000424,BIHAR,6/2019,2/2028,8/2029,347.00,-,139.26,0/0
2023-05,INSTALLATION OF SECOND CATALYTIC DEWAXING UNIT (CDW- II) AT HALDIA REFINERY,IOCL,N16000393,WEST BENGAL,6/2020,1/2023,11/2023,"1,019.00",-,615.25,5/6
2023-05,INSTALLATION OF NEW BITUMEN UNIT ALONG WITH ALLIED FACILITIES AT GUJARAT,IOCL,N16000454,GUJARAT,1/2022,9/2024,-,328.00,-,11.98,0/0
2023-05,"CGD PROJECT AT EAST MEDNIPORE, WEST MEDNIPORE AND JHARGRAM DISTRICTS",IOCL,N16000491,WEST BENGAL,3/2022,3/2030,-,609.00,-,5.06,0/0
2023-05,LPG BP PROJECT KHORDHA,IOCL,N16000283,ODISHA,12/2016,12/2019,1/2023,161.59,-,131.45,18/26
2023-05,2ND GENERATION ETHANOL PLANT AT PANIPAT REFINERY,IOCL,N16000352,HARYANA,1/2019,1/2021,8/2022,909.00,-,798.99,6/6
2023-05,EXPANSION OF CRYOGENICS GROUP BY SETTING UP NEW MANUFACTURING FACILITY,,,,9/2021,10/2023,5/2024,378.00,-,65.93,0/0
2023-05,"SETTING UP LUBE COMPLEX AT VILLAGES AMULLAVOYAL AND VAIKKADU, CHENNAI AS RESITEMENT OF EXISTING FACI",IOCL,N16000405,TAMIL NADU,10/2020,12/2023,-,"1,398.00","1,587.00",646.64,0/0
2023-05,"CGD PROJECT AT BEED, JALGAON AND JALNA DISTRICTS",IOCL,N16000487,MAHARASHTRA,3/2022,3/2030,-,865.00,-,9.90,0/0
2023-05,NEW MUNDRA-PANIPAT CRUDE OIL PIPELINE,IOCL,N16000435,RAJASTHAN,12/2021,10/2024,12/2024,"9,028.00",-,"4,034.03",0/0
2023-05,INSTALLATION OF BITUMEN MANUFACTURING UNIT ALONG WITH ALLIED FACILITIES AT BARAUNI,IOCL,N16000453,BIHAR,1/2022,9/2024,-,389.00,-,15.65,0/0
2023-05,"CGD PROJECT AT KHAGARIA, SAHARSA AND MADHEPURA",IOCL,N16000423,BIHAR,6/2019,12/2029,3/2030,163.00,-,57.41,0/0
2023-05,AUGUMENTATION OF SALAYA MATHURA CRUDE OIL PIPELINE SYSTEM,IOCL,N16000411,GUJARAT,10/2020,8/2023,-,"1,614.00",-,503.28,0/0
2023-05,GRASS ROOT TERMINAL AT MALKAPUR,IOCL,N16000351,TELANGANA,12/2018,4/2022,-,611.00,-,312.34,0/0
2023-05,INFRASTRUCTURE DEVELOPMENT FOR UTILIZATION OF NATURAL GAS AT PARADIP REFINERY,IOCL,N16000395,ODISHA,1/2020,7/2022,-,202.16,-,130.20,3/4
2023-05,INSTALLATION OF STANDBY SRU TRAIN OF 525 TPD ALONGWITH INCINERATOR AT PARADIP REFINERY,IOCL,N16000368,ODISHA,6/2019,9/2022,3/2024,371.00,427.10,178.72,6/8
2023-05,CGD PROJECT AT REWA DISTRICT,IOCL,N16000417,MADHYA PRADESH,10/2018,2/2027,9/2028,177.00,-,90.39,0/0
2023-05,PETROCHEMICAL AND LUBE INTEGRATION PROJECT AT GUJARAT REFINERY,IOCL,N16000409,GUJARAT,9/2020,9/2024,-,"18,936.00",-,"3,680.06",10/15
2023-05,POLY BUTADIENE RUBBER PLANT AT PANIPAT,IOCL,N16000458,HARYANA,3/2022,3/2025,-,"1,459.00","2,102.79",67.13,0/0
2023-05,EXTENSION OF ASANUR-SANKARI SECTION OF CHENNAI-TRICHY- MADURAI PIPELINE UPTO COIMBATORE (IRUGUR),IOCL,N16000479,TAMIL NADU,1/2023,1/2025,-,346.70,-,0.00,0/0
2023-05,COMPRESSED BIO GAS PLANT AT GORAKHPUR,IOCL,N16000383,HARYANA,9/2019,7/2021,3/2022,164.69,-,119.21,7/9
2023-05,BARAUNI REFINERY CAPACITY EXPANSION FROM 6.0 TO 9.0 MMTPA,IOCL,N16000386,BIHAR,1/2020,4/2023,12/2024,"14,810.00",-,"5,903.67",6/7
2023-05,ADDITIONAL STORAGE TANKS AT PARADIP,IOCL,N16000361,ODISHA,11/2018,9/2021,7/2023,462.30,543.00,382.72,4/5
2023-05,ENNORE THIRUVALLUR BENGALURU PUDUCHERRY NAGAPATTINAM,,,,5/2016,12/2018,11/2023,"4,497.00","6,025.00","5,238.82",5/5
2023-05,INTEGRATED PARA XYLENE (PX) AND PURIFIED TEREPHTHALIC ACID (PTA) PROJECT AT PARADIP REFINERY,IOCL,N16000396,ODISHA,7/2020,1/2024,-,"13,805.00",-,"3,335.88",7/12
2023-05,LPG BP PROJECT CHITTOOR,IOCL,N16000381,ANDHRA PRADESH,7/2019,7/2022,6/2023,167.00,-,70.48,0/5
2023-05,CGD PROJECT AT NAWADA AND KODERMA DISTRICTS,IOCL,N16000426,MULTI STATE,6/2019,12/2029,3/2030,169.00,-,59.75,0/0
2023-05,LAYING OF NATURAL GAS PIPELINE FROM HAZARIBAGH TO RANCHI,IOCL,N16000480,JHARKHAND,3/2023,2/2026,-,202.07,-,0.22,0/0
2023-05,"CGD PROJECT AT SRIKAKULAM, VISAKHAPATNAM AND VIZIANAGARAM DISTRICTS",IOCL,N16000420,ANDHRA PRADESH,6/2019,8/2027,3/2030,"2,880.00",-,203.37,0/0
2023-05,"REVAMPING, AUGMENTATION OF FACILITIES AT EXISTING PORT TERMINAL AT MANGALORE",IOCL,N16000437,KARNATAKA,1/2022,7/2025,-,463.00,-,59.47,0/0
2023-05,"CGD PROJECT AT ARWAL, JEHANABAD, BHOJPUR AND BUXAR DISTRICTS",IOCL,N16000422,BIHAR,6/2019,2/2028,8/2029,439.00,-,191.40,0/0
2023-05,INFRASTRUCTURE DEVELOPMENT TO FACILITATE BULK IMPORT OF GRID POWER AT 220 KV AT MATHURA REFINERY,IOCL,N16000323,UTTAR PRADESH,8/2017,8/2020,11/2022,255.40,-,215.19,3/3
2023-05,PARADIP SOMNATHPUR HALDIA PIPELINE,IOCL,N16000345,ODISHA,10/2018,10/2021,4/2023,"1,297.50",-,"1,119.17",1/1
2023-05,Fuel Quality Upgradation Project at Paradip Refinery,IOCL,N16000362,ODISHA,5/2019,8/2021,3/2024,"3,361.00",-,"2,437.91",9/11
2023-05,NORTH EAST GAS GRID,IGGL,N16000439,MULTI STATE,11/2020,3/2024,3/2024,"9,265.00","9,265.00","4,296.25",13/18
2023-05,DEVANGONTHI MARKETING TERMINAL,MANGALORE REFIN,N16000401,KARNATAKA,6/2020,6/2023,1/2024,200.00,304.00,147.90,3/6
2023-05,NUMALIGARH REFINERY EXPANSION PROJECT 6 MMTPA REFINARY,NRL,N16000379,ASSAM,1/2019,10/2024,-,"12,366.00",-,"4,860.22",8/14
2023-05,NUMALIGARH REFINERY EXPANSION PROJECT COIT AND PIPELINES,NRL,N16000394,ASSAM,1/2019,10/2024,-,"10,228.00",-,"5,592.12",9/20
2023-05,"GAS ASSISTED GRAVITY DRAINAGE SCHEME, KASOMARIGAON",ONGC,N16000433,ASSAM,8/2021,2/2023,-,218.38,-,48.25,5/5
2023-05,REDEVELOPMENT OF SOBHASAN COMPLEX,ONGC,N16000431,GUJARAT,8/2021,2/2026,-,885.63,-,257.16,1/3
2023-05,DAMAN UPSIDE DEVELOPMENT PROJECT (DUDP) IN TAPTI DAMAN BLOCK,ONGC,N16000470,MAHARASHTRA,6/2022,10/2025,-,"4,144.41",-,0.00,6/6
2023-05,"RESTORATION OF GAS TERMINAL, PHASE-I (PART-A), HAZIRA PLANT",ONGC,N16000477,GUJARAT,5/2022,2/2025,-,249.43,-,5.61,1/2
2023-05,KG-DWN-98-2 CLUSTER II DEVELOPMENT PROJECT,ONGC,N16000247,ANDHRA PRADESH,3/2016,6/2020,5/2024,"34,012.00",-,"24,345.35",16/20
2023-05,LIFE EXTENSION OF WALL PLATFORMS OF MUMBAI HIGH AND HEERA FIELDS,ONGC,N16000213,MAHARASHTRA,12/2015,4/2018,12/2023,"3,190.69","3,375.90","2,897.83",14/15
2023-05,CREATION OF GDU AND DPD FACILITIES AT RAJAHMUNDRY,ONGC,N16000471,ANDHRA PRADESH,3/2022,5/2024,-,211.22,-,2.32,4/4
2023-05,OLD PIPE LINE REPLACEMENT (OPRP) GROUP-A,ONGC,N16000483,GUJARAT,7/2021,7/2025,-,173.03,-,18.99,5/5
2023-05,REDEVELOPMENT OF SANTHAL FIELD,ONGC,N16000279,GUJARAT,2/2017,3/2026,-,"1,162.56",-,994.81,10/10
2023-05,HEERA REDEVELOPMENT - PHASE III,ONGC,N16000360,MAHARASHTRA,6/2019,3/2022,12/2023,"2,494.68",-,"2,280.76",6/6
2023-05,PIPELINE REPLACEMENT PROJECT (PRP-VI),ONGC,N16000370,MAHARASHTRA,5/2019,12/2020,12/2022,763.92,-,830.87,5/5
2023-05,MUMBAI HIGH NORTH REDEVELOPMENT PHASE-IV,ONGC,N16000358,MAHARASHTRA,4/2019,3/2022,12/2023,"3,228.80","3,976.67","3,775.41",6/6
2023-05,DEVELOPMENT OF NELP BLOCK KG- ONN-2003/1 NAGAYALANKA FIELD- PH II,ONGC,N16000469,ANDHRA PRADESH,3/2022,6/2023,-,284.79,-,158.92,1/3
2023-05,KALOL REDEVELOPMENT PROJECT,ONGC,N16000481,GUJARAT,8/2022,3/2027,-,"1,487.41",-,321.40,0/1
2023-05,CONSTRUCTION OF TWO PRODUCED WATER TREATMENT PLANTS (PWTP) AT BECHARAJI AND SOBHASAN INSTALLATION OF,ONGC,N16000482,GUJARAT,7/2021,7/2024,-,320.20,-,4.75,0/0
2023-05,DEVELOPMENT PLAN OF CBM - BOKARO BLOCK,ONGC,N16000239,JHARKHAND,12/2015,3/2023,3/2024,823.27,"1,137.79",934.74,9/11
2023-05,CREATION OF GAS DEHYDRATION FACILITIES,ONGC,N16000443,TRIPURA,3/2022,5/2024,-,209.33,-,12.81,1/2
2023-05,DEVELOPMENT OF JHARIA CBM BLOCK (PHASE-1),ONGC,N16000445,JHARKHAND,11/2019,1/2024,-,431.00,-,57.42,1/3
2023-05,REDEVELOPMENT OF LINCH FIELD,ONGC,N16000428,GUJARAT,4/2021,3/2025,-,631.03,-,213.10,1/3
2023-05,COMMERCIAL POLYMER FLOODING PROJECT IN BECHRAJI FIELD,ONGC,N16000444,GUJARAT,1/2022,11/2024,-,621.40,-,80.89,1/2
2023-05,Field Development Plan of Madanam NELP-IV Block CY-ONN-2002,ONGC,N16000241,TAMIL NADU,11/2015,3/2019,9/2021,650.82,-,469.54,6/6
2023-05,DEVELOPMENT OF SURFACE FACILITIES FOR PRODUCTION AND EVACUATION OF CRUDE OIL AND NATURAL GAS FROM NA,OIL,N16000331,ASSAM,1/2018,2/2020,3/2023,543.91,-,437.77,1/14
2023-05,UPGRADATION OF FACILITIES OF NUMALIGARH-SILIGURI PRODUCT PIPELINE (NSPL) FOR TRANSPORTATION OF ADDIT,OIL,N16000449,ASSAM,6/2021,12/2024,-,860.00,-,81.82,0/0
2023-05,"PROJECT TO CONSTRUCT A FIELD GAS GATHERING STATION AT BAGHJAN AREA FOR COLLECTION,PROCESSING",OIL,N16000450,ASSAM,12/2020,7/2024,-,430.76,-,85.93,0/0
2023-05,KWAR HE PROJECT,CVPPPL,N18000363,JAMMU AND KASHMIR,5/2022,11/2026,-,"4,526.12",-,409.65,0/0
2023-05,PAKAL DUL HYDRO ELECTRIC PROJECT (1000 MW),CVPPPL,N18000172,JAMMU AND KASHMIR,10/2014,4/2020,7/2025,"8,112.12",-,"3,052.69",0/0
2023-05,KIRU HYDRO ELECTRIC PROJECT,CVPPPL,N18000278,JAMMU AND KASHMIR,3/2019,/,8/2024,"4,287.59",-,"1,072.81",0/0
2023-05,SUBANSIRI LOWER H.E.P (8X250 MW) (NHPC),NHPC,180100221,ARUNACHAL PRADESH,9/2003,9/2010,6/2024,"6,285.33","21,247.54","18,488.21",0/0
2023-05,RANGIT IV HE PROJECT,NHPC,N18000326,SIKKIM,3/2021,5/2024,8/2024,938.29,938.29,593.03,0/0
2023-05,TEESTA VI HE PROJECT,NHPC,N18000325,SIKKIM,3/2019,3/2024,8/2026,"5,748.04",-,"2,437.76",0/0
2023-05,RATLE HE PROJECT,NHPC,N18000324,JAMMU AND KASHMIR,2/2021,2/2026,5/2026,"5,281.94","5,281.94",286.43,0/0
2023-05,PARBATI HEP (4X200 MW) (NHPC) II,NHPC,180100210,HIMACHAL PRADESH,9/2002,9/2009,3/2024,"3,919.59","11,134.54","10,655.95",5/5
2023-05,DIBANG MULTIPURPOSE PROJECT 2880 MW ARUNACHAL PRADESH,NHPC,N18000362,ARUNACHAL PRADESH,2/2023,2/2032,-,"31,876.39",-,0.00,0/0
2023-05,KALPI SOLAR POWER PROJECT,NHPC,N18000323,UTTAR PRADESH,7/2020,3/2022,6/2023,314.64,350.46,239.41,0/0
2023-05,TALCHER THERMAL POWER PROJECT STAGE III(2X660 MW),NTPC,N18000364,ODISHA,8/2022,5/2027,-,"11,844.00",-,599.64,0/0
2023-05,DURGAPUR PP-III (2X20 MW) - NSPCL,,,,12/2016,11/2018,3/2023,529.68,633.80,558.47,14/20
2023-05,BHENSARA 320 MW,NTPC,N18000293,RAJASTHAN,1/2021,7/2022,3/2024,"1,221.73",-,147.15,0/0
2023-05,"150 MW SOLAR PV PROJECT IN GUJARAT (LIMBDI, MESANKA AND RADHANPUR)",NTPC,N18000296,GUJARAT,5/2021,9/2022,3/2024,674.92,-,77.73,0/0
2023-05,RAMMAM-III HEPP (3X40 MW),NTPC,N18000178,WEST BENGAL,9/2014,9/2019,12/2024,"1,381.84",-,889.67,7/10
2023-05,NOKH PLOT-3 SOLAR PV PROJECT 245MW,NTPC,N18000322,RAJASTHAN,3/2022,8/2023,9/2024,"1,426.94",-,146.87,0/0
2023-05,TELANGANA SUPER THERMAL POWER PROJECT PHASE I,NTPC,N18000212,TELANGANA,1/2016,11/2020,7/2022,"10,598.98",-,"10,588.54",35/39
2023-05,CHHATTARGARH 150 MW,NTPC,N18000294,RAJASTHAN,2/2021,7/2022,3/2024,599.99,-,244.73,0/0
2023-05,SAMBHU KI BHURJ-II SOLAR 300MW,NTPC,N18000286,RAJASTHAN,3/2020,9/2021,9/2024,"1,782.00",-,"1,267.99",0/0
2023-05,KHAWDA 1255MW SOLAR PROJECT (KHAWDA SOLAR PARK),NTPC,N18000346,GUJARAT,9/2022,9/2024,9/2024,"7,179.54",-,539.97,0/0
2023-05,DAYAPAR WIND ENERGY PROJECT 150MW,NTPC,N18000319,GUJARAT,11/2021,5/2023,3/2024,937.80,-,249.08,0/0
2023-05,TAPOVAN-VISHNUGAD HEP (4X130MW),NTPC,N18000014,UTTARAKHAND,11/2006,3/2013,12/2021,"2,978.48","5,867.38","5,856.27",8/15
2023-05,NOKH PLOT-2 SOLAR PV PROJECT 245MW,NTPC,N18000321,RAJASTHAN,3/2022,8/2023,9/2024,"1,409.52",-,123.39,0/0
2023-05,NOKH PLOT-1 SOLAR PV PROJECT 245MW,NTPC,N18000320,RAJASTHAN,3/2022,8/2023,9/2024,"1,352.71",-,80.67,0/0
2023-05,LATA-TAPOVAN HYDRO ELECTRIC POWER PROJECT 3X57 MW,NTPC,N18000142,UTTARAKHAND,7/2012,8/2017,-,"1,527.00",-,149.93,0/15
2023-05,DAYAPAR WIND ENERGY PROJECT 200MW,NTPC,N18000345,GUJARAT,7/2022,3/2025,3/2025,"1,316.02",-,1.80,0/0
2023-05,BHADLA-II 500MW SOLAR PV,NTPC,N18000347,RAJASTHAN,6/2022,3/2024,3/2024,"2,598.92",-,1.75,0/0
2023-05,SHAJAPUR 325MW SOLAR PV,NTPC,N18000348,MADHYA PRADESH,6/2022,3/2024,3/2024,"1,530.49",-,192.69,0/0
2023-05,NOKHRA,NTPC,N18000282,UTTAR PRADESH,3/2020,9/2021,9/2024,"1,722.14",-,"1,710.02",0/0
2023-05,BHUJ SOLAR 300MW (TRANCHE-IV WIND SOLAR HYBRID),NTPC,N18000349,GUJARAT,11/2022,3/2024,3/2024,"1,442.60",-,64.62,0/0
2023-05,ANTA SOLAR 90 MW,NTPC,N18000292,RAJASTHAN,1/2021,3/2022,3/2024,382.22,-,63.91,0/0
2023-05,PATRATU STPP-I (3X800MW),,,,11/2017,3/2023,-,"18,668.00",-,"10,955.36",8/23
2023-05,GUJARAT 200 MW (GUVNL TENDER),NTPC,N18000295,GUJARAT,1/2021,7/2022,3/2024,842.27,-,92.63,0/0
2023-05,NORTH KARANPURA STPP (3X660 MW),NTPC,N18000177,JHARKHAND,2/2014,6/2019,10/2022,"14,366.58",-,"14,646.83",35/46
2023-05,BARH STPP(3X660MW) NTPC,NTPC,180100242,BIHAR,2/2005,10/2011,7/2023,"8,692.97","21,312.11","21,055.82",39/49
2023-05,HVDC BIPOLE LINK BETWEEN WR AND SR -NORTH TRICHUR - SCHEME -II AC SYSTEM STRENGTHENING AT PUGALUR EN,PGCIL,N18000264,MULTI STATE,8/2017,2/2020,-,"1,931.39",-,"1,948.95",0/0
2023-05,SYSTEM STRENGTHENING SCHEME FOR EASTERN AND NORTH EASTERN REGION,PGCIL,N18000343,MULTI STATE,10/2022,10/2025,-,307.87,-,7.17,0/0
2023-05,NORTH EASTERN REGION STRENGTHENING SCHEME-XII,PGCIL,N18000316,MULTI STATE,5/2021,3/2023,-,576.42,-,309.47,0/0
2023-05,TRANSMISSION SYSTEM FOR EVACUTION OF POWER FROM NEYVELI LIGNITE CORP LTD TS - I (REPLACEMENT) IN NEY,PGCIL,N18000262,TAMIL NADU,5/2017,7/2019,-,186.17,-,178.39,0/0
2023-05,"KHAVDA PHASE-II-PART C, GUJARAT- TRANSMISSION SCHEME FOR EVACUATION OF 4.5 GW RE INJECTION AT KHAVDA",PGCIL,N18000361,GUJARAT,3/2023,3/2025,-,"2,820.99",-,0.00,0/0
2023-05,TRANSMISSION SYSTEM SCHEME FOR EVACUATION OF POWER FROM REZ RAJASTHAN (8.1 GW) UNDER PHASE-II PART,PGCIL,N18000356,RAJASTHAN,3/2023,9/2024,-,"1,433.28",-,0.00,0/0
2023-05,AUGMENTATION OF TRANSFORMATION CAPACITY IN SOUTHERN REGION.,PGCIL,N18000329,MULTI STATE,3/2022,3/2023,-,176.22,-,15.09,0/0
2023-05,NORTH EASTERN REGION STRENGTHENING SCHEME - III,PGCIL,N18000313,MULTI STATE,9/2015,12/2017,-,167.31,-,129.66,0/0
2023-05,TRANSMISSION SYSTEM STRENGTHENING SCHEME FOR EVACUATION OF POWER FROM SOLAR ENERGY ZONES IN RAJASTHA,PGCIL,N18000306,RAJASTHAN,6/2021,12/2022,-,"1,562.00",-,751.46,0/0
2023-05,TRANSMISSION SYSTEM STRENGTHENING SCHEME FOR EVACUATION OF POWER FROM SOLAR ENERGY ZONES IN RAJASTHA,PGCIL,N18000300,RAJASTHAN,5/2021,9/2022,-,"1,184.88",-,659.07,0/0
2023-05,EASTERN REGION EXPANSION SCHEME XXIX,PGCIL,N18000351,ODISHA,3/2023,11/2025,-,524.04,-,14.94,0/0
2023-05,ESTABLISHMENT OF KHAVDA,,,,3/2023,12/2024,-,922.30,-,0.00,0/0
2023-05,TRANSMISSION SYSTEM STRENGTHENING SCHEME FOR EVACUATION OF POWER FROM SOLAR ENERGY ZONES IN RAJASTHA,PGCIL,N18000332,MULTI STATE,5/2022,11/2023,-,"1,666.00",-,431.68,0/0
2023-05,TRANSMISSION SYSTEM ASSOCIATED WITH WESTERN REGION EXPANSION SCHEME XXVII,PGCIL,N18000354,CHHATTISGARH,3/2023,9/2024,-,271.69,-,0.00,0/0
2023-05,NORTH EASTERN REGION POWER SYSTEM IMPROVEMENT PROJECT (NERPSIP) FOR SIX (6) STATES,PGCIL,N18000250,MULTI STATE,12/2014,12/2018,-,"5,111.33",-,"4,503.40",0/0
2023-05,TRANSMISSION SYSTEM STRENGTHENING SCHEME FOR EVACUATION OF POWER FROM SOLAR ENERGY ZONES IN RAJASTHA,PGCIL,N18000303,RAJASTHAN,3/2021,12/2022,-,353.85,-,229.99,0/0
2023-05,ESTABLISHMENT OF FIBER OPTIC COMMUNICATION SYSTEM IN NR UNDER FIBER OPTIC EXPANSION PROJECT (ADDITIO,PGCIL,N18000184,MULTI STATE,3/2015,3/2018,-,197.40,-,159.47,0/0
2023-05,"KHAVDA-2, GUJARAT- ESTABLISHMENT OF KHAVDA POOLING STATION-2 (KPS2) IN KHAVDA RE PARK",PGCIL,N18000359,GUJARAT,3/2023,12/2024,-,966.79,-,0.00,0/0
2023-05,"KHAVDA PHASE-II-PART B, GUJARAT- TRANSMISSION SCHEME FOR EVACUATION OF 4.5 GW RE INJECTION AT KHAVDA",PGCIL,N18000360,GUJARAT,3/2023,3/2025,-,"1,167.55",-,0.00,0/0
2023-05,TRANSMISSION NETWORK EXPANSION IN GUJARAT TO INCREASE ATC FROM ISTS: PART B,PGCIL,N18000337,MULTI STATE,7/2022,6/2023,-,"4,546.26",-,470.94,0/0
2023-05,"NORTH EAST-NORTHERN/ WESTERN INTERCONNECTOR-I, PART-C",PGCIL,N18000327,ASSAM,3/2019,3/2023,-,"1,326.00",-,"1,321.41",0/0
2023-05,TRANSMISSION SYSTEM ASSOCIATED WITH WESTERN REGION EXPANSION SCHEME-XXVIII AND XXIX,PGCIL,N18000355,CHHATTISGARH,3/2023,3/2025,-,260.30,-,0.00,0/0
2023-05,RELIABLE COMMUNICATION SCHEME UNDER CENTRAL SECTOR FOR NORTHERN REGION,PGCIL,N18000317,MULTI STATE,11/2018,11/2021,-,241.38,-,235.50,0/0
2023-05,TRANSMISSION SYSTEM STRENGTHENING FOR SRINAGAR- LEH TRANSMISSION SYSTEM,PGCIL,N18000330,MULTI STATE,3/2022,12/2024,-,288.71,-,0.00,0/0
2023-05,TRANSMISSION SYSTEM STRENGTHENING SCHEME FOR EVACUATION OF POWER FROM SOLAR ENERGY ZONES IN,,,,2/2022,9/2023,-,359.47,-,34.37,0/0
2023-05,TRANSMISSION SYSTEM FOR KURNOOL WIND ENERGY ZONE SOLAR ENERGY ZONE (AP) PART-A PART B,PGCIL,N18000352,MULTI STATE,3/2023,11/2024,-,"3,546.94",-,29.80,0/0
2023-05,TRANSMISSION NETWORK EXPANSION IN GUJARAT TO INCREASE ATC FROM ISTS: PART C,PGCIL,N18000338,MULTI STATE,7/2022,3/2025,-,186.19,-,15.56,0/0
2023-05,TS FOR EVACUATION OF POWER FROM PAKALDUL HEP IN CHENAB VALLEY HEPS - LTA SYSTEM,PGCIL,N18000328,MULTI STATE,2/2022,4/2025,-,318.12,-,89.97,0/0
2023-05,POWERGRID NEEMUCH TRANSMISSION SYSTEM LIMITED,PGCIL,N18000341,MULTI STATE,8/2022,2/2024,-,863.99,-,28.96,0/0
2023-05,TRANSMISSION NETWORK EXPANSION IN GUJARAT ASSOCIATED WITH INTEGRATION OF RE PROJECTS FROM KHAVDA POT,PGCIL,N18000358,GUJARAT,3/2023,3/2025,-,815.12,-,0.00,0/0
2023-05,TRANSMISSION SYSTEM STRENGTHENING SCHEME FOR EVACUATION OF POWER FROM SOLAR ENERGY ZONES IN RAJASTHA,PGCIL,N18000305,RAJASTHAN,6/2021,12/2022,-,713.82,-,423.29,0/0
2023-05,"TRANSMISSION SYSTEM FOR POWER EVACUATION FROM ARUN-3 (900MW) HEP, NEPAL OF M/S SAPDC-INDIAN PORTION",PGCIL,N18000299,BIHAR,5/2021,4/2023,-,179.29,-,105.69,0/0
2023-05,IMPLEMENTATION OF 500 MVAR THYRISTOR CONTROLLED REACTOR AT KURUKSHETRA,PGCIL,N18000302,HARYANA,1/2019,3/2022,-,267.33,-,105.94,0/0
2023-05,TRANSMISSION SYSTEM STRENGTHENING SCHEME FOR EVACUATION OF POWER FROM SOLAR ENERGY ZONES IN RAJASTHA,PGCIL,N18000307,RAJASTHAN,6/2021,12/2022,-,"1,006.00",-,776.73,0/0
2023-05,RELIABLE COMMUNICATION SCHEME UNDER CENTRAL SECTOR FOR SOUTHERN REGION,PGCIL,N18000339,MULTI STATE,11/2018,11/2021,-,173.94,-,122.80,0/0
2023-05,TRANSMISSION SYSTEM STRENGTHENING SCHEME FOR EVACUATION OF POWER FROM SOLAR ENERGY ZONES IN RAJASTHA,PGCIL,N18000304,RAJASTHAN,3/2021,12/2022,-,"1,340.81",-,"1,062.84",0/0
2023-05,COMPREHENSIVE SCHEME FOR THE STRENGHTENING OF THE TRANSMISSION AND DISTRIBUTION SYSTEM IN A P,PGCIL,N18000249,MULTI STATE,12/2014,12/2018,-,"4,754.42",-,"5,377.35",0/0
2023-05,"TRANSMISSION SYSTEM FOR PROVIDING CONNECTIVITY TO RE PROJECTS AT BIKANER (PG),",,,,1/2020,1/2021,-,562.86,545.88,392.82,0/0
2023-05,EASTERN REGION STRENTHENING SCHEME XVII( PART B),PGCIL,N18000244,MULTI STATE,2/2017,6/2019,-,235.53,-,168.42,0/0
2023-05,ER WR TRANSMISSION LIMITED,PGCIL,N18000353,MULTI STATE,3/2023,3/2025,-,281.16,-,0.00,0/0
2023-05,WESTERN REGION EXPANSION SCHEME XXV,PGCIL,N18000350,CHHATTISGARH,2/2023,11/2023,-,385.84,-,0.00,0/0
2023-05,OMKARESHWAR FLOATING SOLAR POWER PROJECT (90 MW),SJVN,N18000342,MADHYA PRADESH,11/2022,4/2024,-,646.17,-,93.38,0/0
2023-05,LUHRI HYDROELECTRIC PROJECT (STAGE1),SJVN,N18000279,HIMACHAL PRADESH,11/2020,1/2026,-,"1,810.56",-,"1,132.81",2/10
2023-05,RAGHANESDA SOLAR POWER,SJVN,N18000340,GUJARAT,6/2022,12/2023,-,642.15,-,193.06,0/0
2023-05,GUJRAI SOLAR POWER PROJECT,SJVN,N18000336,UTTAR PRADESH,6/2022,8/2023,-,279.94,-,140.98,0/3
2023-05,SUNNI DAM HYDRO ELECTRIC,SJVN,N18000344,HIMACHAL PRADESH,1/2023,4/2028,-,"2,614.51",-,476.18,0/0
2023-05,BUXAR THERMAL POWER PLANT (1320 MW),SJVN,N18000194,BIHAR,3/2019,1/2024,-,"10,439.09",-,"7,757.55",19/27
2023-05,BIKANER SOLAR POWER PROJECT,SJVN,N18000335,MAHARASHTRA,4/2022,5/2024,-,"5,491.89","6,023.89","2,171.14",0/0
2023-05,Bagodara Solar Power Project,SJVN,N18000297,GUJARAT,5/2021,10/2022,-,339.35,-,226.47,0/5
2023-05,NAITWAR MORI HEP,SJVN,N18000265,UTTARAKHAND,10/2017,12/2021,-,648.33,-,"1,149.32",18/32
2023-05,DHAULASIDH HYDROELECTRIC PROJECT (66 MW),SJVN,N18000291,HIMACHAL PRADESH,10/2020,11/2025,-,687.97,-,412.79,4/11
2023-05,GURHAH SOLAR POWER PROJECT,SJVN,N18000334,UTTAR PRADESH,5/2022,8/2023,-,466.82,-,334.21,0/0
2023-05,KHURJA SUPER THERMAL POWER,THDCIL,N18000272,UTTAR PRADESH,3/2019,9/2023,-,"11,089.42",-,"7,325.74",6/13
2023-05,TEHRI PUMPED STORAGE PLANT(1000MW),THDCIL,N18000010,UTTARAKHAND,7/2006,2/2016,6/2022,"1,657.00",-,"5,462.43",29/34
2023-05,VISHNUGAD PIPALKOTI HYDRO ELECTRIC PROJECT,THDCIL,N18000042,UTTARAKHAND,8/2008,6/2013,-,"2,491.58","3,860.35","3,075.65",11/25
2023-05,AMELIA COAL MINE,THDCIL,N18000252,MADHYA PRADESH,1/2017,9/2020,-,"2,104.21",-,881.45,23/25
2023-05,AHMEDNAGAR-PARLI VAIJNATH(NL) CR,CR,220100181,MAHARASHTRA,2/1997,3/2021,3/2025,"2,271.50",-,"3,491.85",0/0
2023-05,DAUND - MANMAD (236 KM),CR,N22000360,MAHARASHTRA,2/2016,3/2023,3/2025,"1,876.00",-,"1,335.69",0/0
2023-05,WARDHA-NANDED MAHARASHTRA,CR,N22000231,MAHARASHTRA,4/2008,3/2023,-,"3,168.29",-,"1,666.35",0/0
2023-05,ITARSI-NAGPUR (BAL.) - 3RD LINE (267 KM),CR,N22000358,MAHARASHTRA,2/2015,3/2023,3/2025,"2,449.91",-,928.90,0/0
2023-05,WARDHA-SEWAGRAM NGP 3RD LINE,CR,N22000250,MAHARASHTRA,4/2012,3/2022,-,540.02,-,410.94,0/0
2023-05,PUNE-MIRAJ-LONDA (467 KM),CR,N22000359,MAHARASHTRA,2/2015,3/2024,3/2025,"3,627.47","3,627.00","2,826.85",0/0
2023-05,WARDHA - NAGPUR - 4TH LINE (76 KM),CR,N22000362,MAHARASHTRA,2/2016,3/2023,-,637.95,-,513.52,0/0
2023-05,KALYAN-KASARA 3RD LINE,CR,N22000233,MAHARASHTRA,4/2011,3/2021,-,792.89,-,578.90,0/0
2023-05,WARDHA-BALHARSHAH - 3RD LINE (132 KM),CR,N22000356,MAHARASHTRA,2/2015,3/2022,3/2025,"1,272.19",-,757.06,0/0
2023-05,MANMAD - JALGAON - 3RD LINE (160 KM),CR,N22000361,MAHARASHTRA,2/2016,3/2022,3/2025,"1,035.16",-,830.46,0/0
2023-05,MULTI MODAL LOGISTICS PARK AT KAKINADA,CCOI,N22000431,ANDHRA PRADESH,8/2016,3/2019,-,234.50,-,14.14,0/0
2023-05,MULTI MODAL LOGISTICS PARK AT VARNAMA,CCOI,N22000428,GUJARAT,10/2013,3/2019,-,343.00,-,222.83,0/0
2023-05,WESTERN DEDICATED FREIGHT CORRIDOR,DFCC,N22000464,MULTI STATE,11/2007,3/2020,-,"16,592.00","51,101.00","47,476.00",0/0
2023-05,EASTERN DEDICATED FREIGHT CORRIDOR PROJECT,DFCC,N22000346,MULTI STATE,10/2006,/,-,"11,589.00","30,357.00","31,304.00",0/0
2023-05,"KODERMA-RANCHI VIA BARKAKANA (NL),ECR",ECR,220100222,JHARKHAND,3/1999,/,-,"1,033.07","3,020.95","3,881.18",0/0
2023-05,"JAYANAGAR-DARBHANGA- NARKATIA GANJ(GC),ECR",ECR,220100240,BIHAR,4/1997,3/2012,-,324.73,967.29,"1,159.66",0/0
2023-05,SAGAULI VALMIKINAGAR DOUBLING 109.7 KM,ECR,N22000472,BIHAR,4/2016,3/2021,-,744.04,"1,215.54",909.03,0/0
2023-05,HAJIPUR - BACHAWARA,ECR,N22000334,MULTI STATE,5/2015,3/2019,-,678.54,678.54,"1,089.30",0/38
2023-05,ARARIA-SUPAUL (NL),ECR,N22000177,BIHAR,4/2008,/,-,"1,605.17","1,605.17",773.70,0/0
2023-05,"HAJIPUR-SUGAULI VIA VAISHALI (NL), ECR",,,,4/2003,/,-,528.65,"2,066.78","1,772.52",0/0
2023-05,JAYNAGAR-BIJALPURA INCLUDING EXTENSION BIJALPURA- BARDIBAS(NEPAL) GC,ECR,N22000181,BIHAR,4/2009,3/2020,-,548.00,548.00,543.54,0/0
2023-05,KIUL - GAYA DOUBLING PROJECT,ECR,N22000349,BIHAR,12/2015,3/2020,-,"1,200.20","1,200.20","1,275.45",0/1
2023-05,"FATUHA-ISLAMPUR INCL. MM FOR EXTENSION OF NEW LINE FORM BIHARSHARIF-BARBIGHA, DANIYAWAN-BIHARSHARIF,",ECR,N22000476,BIHAR,4/1991,/,-,329.39,"1,483.14","2,039.07",0/0
2023-05,SAMASTIPUR-DARBANGHA,ECR,N22000329,BIHAR,5/2015,/,-,380.00,519.33,394.09,0/0
2023-05,KARAILA ROAD - SHAKTINAGAR DOUBLING,ECR,N22000419,UTTAR PRADESH,8/2015,3/2019,-,528.57,-,602.86,0/0
2023-05,RAMNA - SINGRAULI DOUBLING,ECR,N22000417,UTTAR PRADESH,8/2015,3/2020,-,"2,436.21",-,936.93,0/0
2023-05,SAKRI-NIRMALI AND JHANJHARPUR- LAUKAHABAZAR AND SAHARSA- FORBESGANJ (GC),ECR,N22000180,BIHAR,4/2004,/,-,372.14,"1,470.50","2,001.98",0/0
2023-05,RAMPUR DUMRA - TAL - RAJENDRAPUL DOUBLING INCLUDING GANGA BRIDGE,ECR,N22000350,BIHAR,12/2015,3/2020,-,"1,491.47",-,"1,034.12",1/1
2023-05,SAKRI-HASANPUR ROAD (NL),ECR,N22000171,BIHAR,4/1999,/,-,325.00,735.20,508.38,0/0
2023-05,KHAGARIA-KUSHESHWAR ASTHAN (NL) (ECR),ECR,220100257,BIHAR,4/1997,/,-,162.87,614.45,392.43,0/0
2023-05,MUZAFFARPUR SAGAULI DOUBLING 100.60 KM,ECR,N22000473,BIHAR,4/2016,3/2021,-,731.64,"1,185.73",916.76,0/0
2023-05,"KODERMA-TILAIYA (NL), ECR",ECR,220100305,JHARKHAND,4/2002,/,-,459.91,"1,625.87","1,302.47",0/0
2023-05,TALCHER-BIMALAGARH(NL)(ECOR),ECOR,220100328,ODISHA,4/2005,6/2021,-,810.78,-,980.13,0/0
2023-05,KIRANDUL - JAGDALPUR DOUBLING,ECOR,N22000318,CHHATTISGARH,12/2012,3/2020,-,"1,160.00",-,"1,058.66",1/1
2023-05,BHADRAK - NERGUNDI 3RD LINE,ECOR,N22000316,ODISHA,3/2013,10/2020,-,843.04,-,700.14,0/0
2023-05,BUDHAPANK - SALEGAON VIA RAJATGARH 3RD AND 4TH LINE.,ECOR,N22000381,ODISHA,4/2015,12/2018,-,"1,172.92",-,"1,023.56",0/0
2023-05,JARAPADA - BUDHAPANK WITH FLY OVER AT TALCHER ROAD 3RD AND 4TH LINE,ECOR,N22000380,ODISHA,4/2015,11/2018,-,701.61,-,179.43,0/0
2023-05,SAMBALPUR-TALCHER DOUBLING,ECOR,N22000315,ODISHA,3/2011,2/2019,2/2023,"1,111.99","1,539.28","1,152.38",0/0
2023-05,JAGADALPUR-KORAPUT DOUBLING,ECOR,N22000376,ODISHA,4/2015,3/2022,-,"1,547.38",-,790.93,0/0
2023-05,KOTTAVALSA - KORAPUT DOUBLING,ECOR,N22000377,ANDHRA PRADESH,4/2015,3/2022,-,"2,499.71",-,907.91,0/0
2023-05,KORAPUT - SINGAPUR ROAD DOUBLING,ECOR,N22000379,ODISHA,4/2015,3/2022,3/2026,"2,361.74","2,361.74",967.78,0/0
2023-05,BAZAR SAU -AZIMGANJ JN. DOUBLING,ER,N22000302,WEST BENGAL,4/2012,/,-,255.64,-,415.43,0/0
2023-05,"TARAKESWAR - BISHNUPUR NEW BG LINE (NL), ER",ER,220100272,WEST BENGAL,4/2000,3/2019,12/2009,"1,188.91",-,"1,106.23",0/0
2023-05,BOINCHI-SHAKTIGARH 3RD LINE,ER,N22000238,MULTI STATE,4/2011,/,-,175.80,-,451.69,0/0
2023-05,BANDEL-BOINCHI 3RD LINE,ER,N22000221,MULTI STATE,4/2011,/,9/2021,288.35,-,601.77,0/0
2023-05,MONIGRAM- NIMTITA,ER,N22000301,MULTI STATE,4/2012,/,-,250.93,-,719.87,0/0
2023-05,"DANKUNI-CHANDANPUR 4TH LINE, 1ST PHASE OF DANKUNI- SHAKTIGARH 4TH LINE WITH MM BARUIPARA FURFURA NL",ER,N22000229,MULTI STATE,4/2010,3/2017,-,365.17,-,781.87,0/0
2023-05,PIRPAINTI-JASIDIH,ER,N22000219,MULTI STATE,4/2013,3/2022,-,915.98,-,954.74,0/0
2023-05,KHARSIA DHARAMJAIGARH WITH SPUR LINE EAST CORRIDOR-PHASE I,IRCON,N22000489,CHHATTISGARH,4/2013,9/2018,-,"3,055.00",-,"2,964.15",0/1
2023-05,EXECUTION OF RAIL CONNECTIVITY PROJECT FOR COAL TRANSPORTATION IN ODISHA FOR MCRL,IRCON,N22000418,ODISHA,4/2016,3/2020,-,"5,200.00",-,0.00,0/0
2023-05,GEVRA ROAD PENDRA ROAD,IRCON,N22000488,CHHATTISGARH,2/2014,3/2022,-,"2,288.00",-,"2,085.52",0/1
2023-05,NEW WORK FOR CONSTRUCTION OF METRO RAILWAY FROM NOAPARA-BARASAI VIA BIMANBANDER (MTP),KOMRCL,N22000108,WEST BENGAL,4/2010,3/2016,-,"2,397.72",-,197.20,0/0
2023-05,BELAPUR-SEAWOOD-URAN ELECTRIFIED DOUBLE LINE(MTP),MRTP,220100164,MAHARASHTRA,3/1996,3/2004,-,495.44,-,"1,920.57",0/0
2023-05,MUMBAI URBAN TRANSPORT PROJECT PHASE-II,MRTP,N22000092,MAHARASHTRA,4/2008,3/2014,-,"5,300.00",-,284.75,0/0
2023-05,EAST WEST METRO CORRIDOR FROM HOWRAH MAIDAN TO SALT LAKE -,,,,3/2013,3/2016,12/2023,"4,874.58","8,574.98","8,008.94",0/0
2023-05,"EXTENSION OF MRTS FROM VELACHERY TO STN. THOMAS, MTP",MRTP,N22000028,TAMIL NADU,4/2006,6/2013,-,495.74,-,565.73,3/4
2023-05,DHOLPUR-SIRMUTTRA WITH EXTENSION TO GANGAPURCITY AND MOHARI-TANTPUR AND TANPUR-BANSI PAHARPUR,NCR,N22000158,MULTI STATE,4/2010,/,5/2025,"2,030.50",-,22.07,0/0
2023-05,JHANSI BINA DOUBLING,NCR,N22000496,UTTAR PRADESH,9/2016,3/2021,-,"2,001.00","2,001.00","1,118.80",2/6
2023-05,GWALIOR-SEOPURKALA WITH EXTENSION TO KOTA (GC),NCR,N22000148,MULTI STATE,4/2011,3/2022,-,"2,912.96",-,"1,024.32",1/5
2023-05,JHANSI MANIKPUR AND KHAIRAR BHIMSEN DOUBLING,NCR,N22000495,UTTAR PRADESH,3/2018,3/2023,-,"4,329.53",-,60.37,0/0
2023-05,NEW BG LINE FROM BALURGHAT TO HILLY NFR,NFR,N22000206,MULTI STATE,4/2010,3/2020,-,242.22,-,88.50,0/0
2023-05,JIRIBAM TO IMPHAL (TUPUI)(NL)(NEFR),NFR,220100288,MANIPUR,4/2003,3/2011,3/2025,"4,454.17","12,264.15","13,652.37",0/0
2023-05,MURKONGSELEK-PASIGHAT NL,NFR,N22000208,MULTI STATE,4/2011,3/2020,-,414.84,-,348.87,0/0
2023-05,AGARTALA-AKHAURA NL,NFR,N22000195,TRIPURA,4/2012,3/2020,6/2022,569.63,-,380.92,2/3
2023-05,NEW BG LINE FROM JAGBANI TO BIRATNAGAR,NFR,N22000207,MULTI STATE,4/2010,/,-,241.52,-,343.30,0/0
2023-05,NEW LINE FROM DIMAPUR TO ZUBZA(KOHIMA) NATIONAL PROJECT (NEFR),NFR,N22000124,NAGALAND,4/2006,3/2015,-,"2,326.52",-,"2,360.40",0/0
2023-05,"NEW B.G. LINE FROM TETELIA TO BYRNIHAT (NATIONAL PROJECT), NEFR",NFR,N22000086,ASSAM,9/2006,3/2019,-,385.20,-,"1,086.82",0/0
2023-05,"BHAIRABI SAIRONG, NL, NEFR",NFR,N22000100,MIZORAM,4/2008,3/2014,-,"2,393.47","5,021.45","6,447.81",0/0
2023-05,BONGAIGAON-GOALPARA- GUWAHATI (176 KM),NFR,N22000388,ASSAM,4/2015,3/2022,-,"2,232.32",-,"2,718.31",0/0
2023-05,"SEVOK RANGPO, NEFR",NFR,N22000102,SIKKIM,4/2008,12/2015,-,"1,339.48",-,"3,290.96",0/0
2023-05,"NEW B.G. LINE FROM ARARIA TO GALGALIA (THAKURGUNG), NEFR",NFR,N22000087,BIHAR,9/2006,3/2019,-,532.87,"2,132.03","1,534.34",0/0
2023-05,NEW BG LINE FROM BYRNIHAT TO SHILLONG,NFR,N22000205,MEGHALAYA,4/2010,3/2021,-,906.46,"1,202.33",269.80,0/0
2023-05,NEW BONGAIGAON-RANGIA- KAMAKGHYA DOUBLING,NFR,N22000183,MULTI STATE,4/2013,3/2019,-,"1,798.00",-,"1,816.64",0/0
2023-05,NANPARA - NEPALGANJ GAUGE CONVERSION.,,,,4/2017,4/2017,-,150.00,-,1.20,0/0
2023-05,INDARA - DOHRIGHAT GAUGE CONVERSION.,NER,N22000456,UTTAR PRADESH,4/2016,4/2016,-,213.00,-,277.23,0/0
2023-05,ROSA-SITAPUR CANTT-BURHWAL DOUBLING,NER,N22000347,UTTAR PRADESH,3/2015,3/2022,-,"1,295.42",-,"2,105.98",0/0
2023-05,CHHAPRA-BALLIA UP,NER,N22000134,MULTI STATE,3/2013,1/2019,-,295.00,-,798.81,0/0
2023-05,"SHAHGANJ-BHATNI-PHEPHNA- INDARA, MAU-SHAHGANJ (EXCL. MAU-INDARA) PATCH DOUBLING.",NER,N22000470,UTTAR PRADESH,4/2016,12/2019,-,"1,177.96",-,"1,113.54",0/0
2023-05,BURHWAL - GONDA - 3RD RUNNING LINE.,NER,N22000468,UTTAR PRADESH,4/2016,/,-,602.50,-,356.42,0/0
2023-05,AUNRIHAR - JAUNPUR PATCH DOUBLING .,NER,N22000469,UTTAR PRADESH,4/2016,1/2022,-,600.00,-,406.77,0/0
2023-05,"DAUSA-GANGAPUR CITY(NL),NWR",NWR,220100184,RAJASTHAN,2/1997,2/2019,-,410.08,-,912.66,0/0
2023-05,PHULERA - DIGANA DOUBLING,NWR,N22000326,MULTI STATE,5/2015,3/2020,-,600.00,-,546.75,0/0
2023-05,JODHPUR (RAI KA BAGH) - DEGANA DOUBLING (145 KM),NWR,N22000466,RAJASTHAN,8/2018,8/2022,2/2023,808.85,-,806.65,0/0
2023-05,ANAND VIHAR-TILAK BRIDGE 3RD AND 4TH LINE,NR,N22000281,DELHI,4/2012,/,-,295.68,-,133.78,0/0
2023-05,"NANGALDAM-TALWARA(NL),NR",NR,220100188,MULTI STATE,3/1981,7/2012,-,450.00,-,845.23,0/0
2023-05,ROHTAK-MEHAM HANSI,NR,N22000272,HARYANA,4/2012,12/2011,-,287.00,-,686.20,0/0
2023-05,CHANDIGARH-BADDI,NR,N22000467,MULTI STATE,4/2007,3/2023,6/2025,328.14,"1,540.14",482.67,0/0
2023-05,"UDHAMPUR-SRINAGAR-BARAMULLA (NL),NR",NR,220100133,JAMMU AND KASHMIR,3/1995,11/2002,12/2023,"2,500.00","37,012.26","35,007.28",0/0
2023-05,DEOBAND (MUZAFFARNAGAR)- ROORKEE NL,NR,N22000274,MULTI STATE,4/2007,/,-,336.91,-,572.99,0/0
2023-05,"MANSA-BHATINDA (PHASE-I), INCL. NEW MATERIAL MODIFICATION FOR RAMA MANDI (RAMAN) - SADA SINGHWALA VI",NR,N22000502,PUNJAB,6/2009,8/2016,-,404.00,-,190.00,0/0
2023-05,MUMBAI AHMEDABAD HIGH SPEED RAIL PROJECT,NHSRCL,N22000463,MULTI STATE,12/2015,12/2023,-,"1,08,000.00",-,"44,158.72",1/2
2023-05,DOUBLING OF TRACK BETWEEN GOOTY AND DHARMAVARAM OF SOUTH CENTRAL RAILWAY,RITES,N22000394,TELANGANA,3/2015,3/2021,2/2023,636.38,998.30,"1,081.75",3/3
2023-05,DAUND-GULBARGA - DOUBLING,,,,3/2009,3/2020,-,713.48,-,"3,240.14",0/0
2023-05,MAU-GHAZIPUR-TARIGHAT NEW LINE,RVNL,N22000405,UTTAR PRADESH,4/2015,3/2023,-,"1,765.92",-,"1,551.71",0/0
2023-05,BHANUPALI-BILASPUR BERI NL,RVNL,N22000273,HIMACHAL PRADESH,4/2008,12/2026,-,"2,966.99",-,"3,792.69",0/0
2023-05,MADURAI - MANIYACHI - TUTICORIN (160 KM) DOUBLING,RVNL,N22000451,TAMIL NADU,2/2015,3/2020,-,760.00,-,"1,809.00",0/0
2023-05,MATHURA-JHANSI-3RD LINE (273.80 KM),RVNL,N22000501,UTTAR PRADESH,6/2016,12/2023,-,"3,677.76",-,"4,149.34",0/0
2023-05,SUKINDA ROAD - ANGUL (NL)(ECOR),RVNL,220100325,ODISHA,4/1998,2/2015,1/2023,"1,202.70",-,"2,488.95",0/0
2023-05,VARANASI-MODHOSINGH- ALLAHABAD DOUBLING,RVNL,N22000401,UTTAR PRADESH,4/2015,3/2022,-,943.60,-,"1,227.41",0/0
2023-05,BINA - KOTA DOUBLING WITH RE,RVNL,N22000414,MADHYA PRADESH,4/2011,12/2020,2/2023,"1,485.85",-,"2,606.08",0/0
2023-05,"LUCKNOW- PILIBHIT VIA SITAPUR, LAKHIMPUR GC",RVNL,N22000404,UTTAR PRADESH,4/2011,3/2019,-,927.01,-,"1,446.78",0/0
2023-05,VIZIANAGARAM -SAMABALPUR 3RD LINE,RVNL,N22000409,ODISHA,1/1991,12/2024,-,"2,335.67",-,"3,515.35",0/0
2023-05,RISHIKESH - KARNAPRAYAG NEW LINE,RVNL,N22000406,UTTARAKHAND,4/2011,12/2024,-,"16,216.00",-,"13,132.11",0/0
2023-05,HOSPET-HUBLI-LONDA- VASCODAGAMA DL,RVNL,N22000297,KARNATAKA,4/2010,3/2023,-,"2,127.00",-,"3,144.51",0/1
2023-05,MULTI MODAL TRANSPORT SYSTEM(MMTS) PHASE-II HYDERABAD,RVNL,N22000213,TELANGANA,4/2012,3/2016,9/2023,632.68,-,947.08,0/0
2023-05,BHIMSEN - JHANSI DOUBLING WITH ELECTRIFICATION,RVNL,N22000413,UTTAR PRADESH,3/2012,12/2020,2/2023,"1,183.25",-,"2,256.64",0/0
2023-05,VIJAYWADA-GUDUGOLANU- BHIMAVARAM-NARSAPUR DL (221 KM),RVNL,N22000313,ANDHRA PRADESH,3/2012,3/2020,6/2022,"1,503.71",-,"4,483.77",0/0
2023-05,BANASPANI- JAKHPURA - DOUBLING,RVNL,N22000412,ODISHA,3/2009,3/2019,8/2023,942.95,-,"1,697.98",0/0
2023-05,MANIYACHI - NAGERCOIL (102 KM) DOUBLING,RVNL,N22000449,TAMIL NADU,2/2015,3/2022,-,"1,700.00",-,"1,517.44",0/0
2023-05,SAMBALPUR - TITLAGARH - DOUBLING,RVNL,N22000410,ODISHA,3/2006,3/2020,11/2022,948.04,-,"2,517.11",0/0
2023-05,PALANPUR-SAMAKHAYALI (DL),RVNL,N22000144,GUJARAT,4/2013,12/2021,2/2023,"1,548.66",-,"2,814.97",0/0
2023-05,VIJAYAWADA-GUDUR,,,,4/2015,12/2023,-,"3,246.26",-,"4,827.64",0/0
2023-05,NEW WORK FOR CONSTRUCTION OF METRO RAILWAY FROM NSCB AIRPORT TO NEW GARIA VIA RAJARHAT (MTP),RVNL,N22000110,WEST BENGAL,4/2010,3/2016,-,"3,951.98",-,"5,756.86",0/0
2023-05,NEW WORK FOR CONSTRUCTION OF METRO RAILWAY FROM BARANAGAR TO BARRACKPORE AND DAKSHINESHWAR (MTP),RVNL,N22000109,WEST BENGAL,4/2010,3/2014,-,"2,298.42",-,348.23,0/0
2023-05,RAIPUR - TITLAGARH - DOUBLING,RVNL,N22000411,CHHATTISGARH,3/2007,3/2020,5/2023,"1,402.02",-,"1,479.06",0/0
2023-05,NEW WORK FOR CONSTRUCTION OF METRO RAILWAY FROM JOKA TO BINOY BADAL DINESH BAGH.,RVNL,N22000111,WEST BENGAL,4/2010,3/2016,-,"2,913.51",-,"2,916.15",0/0
2023-05,KHURDA ROAD - BARANG 3RD LINE (DL) (ECOR),RVNL,220100327,ODISHA,4/2000,3/2009,3/2009,133.41,207.00,500.77,1/1
2023-05,"MUNEERABAD- MAHABOOBNAGAR(NL),SCR",SCR,220100205,MULTI STATE,4/1997,3/2000,-,"1,723.00",1.00,"2,532.11",0/0
2023-05,BHADRACHALAM-KOVVUR,SCR,N22000264,MULTI STATE,4/2012,/,-,923.23,-,2.46,1/1
2023-05,GUNTUR-GUNTAKAL,SCR,N22000368,ANDHRA PRADESH,4/2016,3/2022,-,"3,631.00",-,"2,728.66",0/0
2023-05,MANMAD-PARBHANI-NANDED- SECUNDERABAD-GADWAL-DHONE- GUNTAKAL - TRAIN COLLISION AVOIDANCE SYSTEM (958 K,SCR,N22000432,TELANGANA,4/2017,3/2022,-,119.73,185.00,54.15,0/0
2023-05,MANOHARABAD-KOTHPALL NEW LINE(SCR),SCR,N22000032,TELANGANA,4/2006,3/2010,-,"1,160.48",-,"1,070.53",1/1
2023-05,KAZIPET-BALHRSHA,SCR,N22000367,MULTI STATE,4/2015,3/2021,-,"2,063.03",-,"2,354.36",0/0
2023-05,KAZIPET-VIJAYAWADA 3RD LINE WITH ELECTRIFICATION,SCR,N22000261,MULTI STATE,4/2012,3/2023,-,"1,856.95",-,"1,532.64",0/0
2023-05,NADIKUDE-SRI KALAHASTI,SCR,N22000286,ANDHRA PRADESH,4/2011,3/2021,-,"2,288.70",-,"1,267.65",0/1
2023-05,KOTLPALLI-NARASAPUR (NL) (SCR),SCR,220100265,ANDHRA PRADESH,12/2001,3/2009,-,"1,045.20",-,"1,128.92",0/0
2023-05,ANUPPUR-KATNI,SECR,N22000485,MADHYA PRADESH,4/2015,12/2021,12/2023,"1,370.00",-,"1,126.70",0/0
2023-05,RAJNANDGAON - NAGPUR - 3RD LINE (SECR),SECR,N22000420,MAHARASHTRA,9/2016,3/2023,12/2023,"1,908.51","2,753.05","2,191.50",0/1
2023-05,JHARSUGUDA-BILASPUR 4TH LINE,SECR,N22000484,CHHATTISGARH,4/2015,3/2021,12/2023,"1,973.00","2,135.34","1,393.28",0/1
2023-05,WADSA-GADHCHIROLI NEW LINE,,,,6/2018,12/2021,-,229.00,-,148.30,0/1
2023-05,NARAYANGARH TO BHADRAK 3RD LINE (155 KM),SER,N22000506,MULTI STATE,3/2019,5/2023,-,"1,866.31",-,"1,063.34",0/0
2023-05,BONDAMUNDA RANCHI DOUBLING,SER,N22000396,JHARKHAND,3/2016,3/2021,-,"1,724.20","3,029.04","1,647.25",0/0
2023-05,ROURKELA JHARSUGUDA THIRD LINE 101 KM,SER,N22000395,ODISHA,11/2015,3/2020,-,969.83,"1,312.97","1,396.80",0/0
2023-05,PURULIA TO KOTSHILA DOUBLING (39.1 KM),SER,N22000510,WEST BENGAL,4/2018,6/2022,-,338.00,-,63.27,0/0
2023-05,LODHMA TO PISKA LINK LINE BY PASSING HATIA/RANCHI WITH Y CONNECTION (17.2 KM),SER,N22000508,JHARKHAND,4/2018,6/2022,-,428.65,-,235.66,0/0
2023-05,TALGARIA TO BOKARO N/CABIN DOUBLING(38 KM),SER,N22000509,JHARKHAND,4/2018,12/2021,-,390.39,-,407.38,0/0
2023-05,MARIKUPPAM - KUPPAM,SWR,N22000308,KARNATAKA,4/2012,3/2016,-,279.54,-,37.54,0/0
2023-05,KADUR CHIKMAGALUR SAKLESHPUR NEW LINE (93 KM),SWR,N22000486,KARNATAKA,3/1996,3/2017,-,644.78,889.00,499.19,0/0
2023-05,GADAG-WADI NL,SWR,N22000299,KARNATAKA,4/2013,12/2018,-,"2,841.84",-,657.33,0/0
2023-05,RAYADURGA-TUMKUR NL,SWR,N22000279,MULTI STATE,4/2007,/,-,"2,062.30","2,404.03","1,141.22",2/2
2023-05,BAGALKOT-KUDACHI NL,SWR,N22000258,KARNATAKA,4/2010,3/2016,-,986.30,"1,378.00",341.53,1/1
2023-05,SHIMOGA-HARIHAR NL,SWR,N22000278,KARNATAKA,4/2011,3/2016,-,832.47,-,0.94,0/0
2023-05,HUBLI- CHIKJAJUR,SWR,N22000325,KARNATAKA,3/2015,3/2020,-,"1,156.94",-,"1,590.73",5/5
2023-05,TUMKUR-CHITRADURGA- DAVENGERE NL,SWR,N22000256,KARNATAKA,4/2011,/,-,"1,801.01",-,108.57,0/0
2023-05,"HUBLI-ANKOLA(NL),SWR",SWR,220100193,KARNATAKA,4/1997,/,-,"2,315.00",-,159.46,0/0
2023-05,HOTGI-KUDGI-GADAG,SWR,N22000333,MULTI STATE,3/2015,3/2019,-,"1,614.59",-,"1,857.55",0/0
2023-05,TIDIVANAM-NAGARI (NL),SR,N22000085,TAMIL NADU,9/2006,/,12/2025,582.83,-,702.92,0/0
2023-05,MAYLADUTHURAI-THIRUVARUR- KARAIKUDI-THIRU 'PONDI'- AGASTIYAMPALLI,SR,N22000079,TAMIL NADU,9/2007,2/2019,-,724.69,-,"1,873.05",0/0
2023-05,TRIVANDRUM-KANYAKUMARI DOUBLING,SR,N22000399,KERALA,2/2015,/,-,"1,431.90",-,"2,095.35",0/0
2023-05,TURAVUR-AMBALAPUZHA DOUBLING,SR,N22000400,KERALA,2/2015,/,-,"1,000.00",-,0.93,0/0
2023-05,MADURAI-TUTICORIN VIA ARUPPUKKOTTAI,SR,N22000215,MULTI STATE,4/2011,3/2019,12/2027,120.70,-,327.34,0/0
2023-05,"LALITPUR-SATNA-REWA-SINGRULI NL, (NCR)",WCR,220100232,MULTI STATE,9/1998,5/2008,-,247.66,-,"2,427.33",1/9
2023-05,"RAMGANJMUNDI-BHOPAL (NL),WCR",WCR,220100314,MADHYA PRADESH,4/2001,3/2021,12/2025,424.60,"2,909.99","2,045.00",5/15
2023-05,KATNI-BINA 3RD LINE (263 KM),WCR,N22000415,MADHYA PRADESH,6/2016,3/2022,-,"2,478.23","2,938.00","1,279.35",8/17
2023-05,KATNI GRADE SEPARATOR/BYE PASS,WCR,N22000416,MADHYA PRADESH,8/2016,3/2022,-,582.13,-,978.82,1/1
2023-05,KATNI - SINGRAULI DOUBLING,WCR,N22000351,MADHYA PRADESH,12/2015,3/2020,-,"1,763.93","2,445.30","1,983.47",1/1
2023-05,SURENDRA NAGAR RAJKOT,WR,N22000392,GUJARAT,4/2015,3/2021,3/2023,"1,002.39",-,867.09,0/0
2023-05,INDORE-DEWAS-UJJAIN (80 KMS),WR,N22000493,MADHYA PRADESH,4/2016,6/2020,-,700.00,603.69,610.44,0/0
2023-05,VIRAR SURAT ROAD OVER BRIDGE IN LIEU OF LEVEL CROSSING NOS 60 64 66 68 69 71 74 75 77 81 AND 82 ALON,WR,N22000436,GUJARAT,3/2012,/,-,248.26,-,116.25,0/0
2023-05,ANAND GODHRA DOUBLING PROJECT 79 KMS,WR,N22000504,GUJARAT,4/2017,3/2020,-,692.25,692.26,107.32,0/0
2023-05,"DAHOD-INDORE VIA SARDARPUR, JHABUA AND DHAR (NL)",WR,N22000139,MULTI STATE,4/2007,3/2022,3/2026,"1,640.04","1,873.10","1,093.54",0/0
2023-05,VIRAMGAM-SAMAKHIALI (DL),WR,N22000145,GUJARAT,4/2011,3/2021,-,"1,037.15","1,491.89","1,539.79",0/0
2023-05,NIMACH BADI SADRI NEW LINE,WR,N22000503,MADHYA PRADESH,4/2017,3/2022,3/2026,495.18,495.18,0.83,0/0
2023-05,VIRAR SURAT ROAD OVER BRIDGE IN LIEU OF LEVEL CROSSING NOS 42 46A 48 52 55 102 106 108 130 AND 137 A,WR,N22000435,MAHARASHTRA,3/2012,/,-,217.38,-,142.48,0/0
2023-05,MEHSANA PALANPUR DOUBLING PROJECT 65.10 KMS,WR,N22000505,GUJARAT,4/2018,3/2024,-,537.31,537.31,161.29,0/0
2023-05,MUMBAI CENTRAL VIRAR VADODARA AHMEDABAAD TRAIN PROTECTION SYSTEM 500 RKM,WR,N22000434,MAHARASHTRA,3/2010,/,-,265.88,-,0.00,0/0
2023-05,AHMEDABAD-HIMMATNAGAR-,,,,4/2008,3/2020,-,829.74,-,"2,248.41",0/0
2023-05,BHUJ-NALIYA(GC) WITH EXTENSION FROM NALIYA TO VAYOR (WR),WR,N22000123,GUJARAT,4/2008,3/2012,-,318.24,321.03,176.76,0/0
2023-05,RATLAM-MHOW-KHANDWA-AKOLA (GC),WR,N22000120,MADHYA PRADESH,4/2008,3/2022,3/2026,"3,503.69","5,604.02","2,838.56",0/0
2023-05,MIYAGAM-KARJAN-DABHOI- SAMLAYA (GC),WR,N22000142,GUJARAT,4/2011,/,-,844.10,844.10,450.90,0/0
2023-05,CHOTTAUDEPUR-DHAR(NL),WR,N22000138,MULTI STATE,4/2007,3/2022,12/2026,"1,347.26","1,793.63","1,214.86",0/0
2023-05,CONSTRUCTION OF ATAL AKSHAY URJA BHAWAN CGO COMPLEX LODHI ROAD NEW DELHI,CPWD R ENERGY,N28000118,DELHI,10/2017,11/2019,4/2022,271.90,366.12,329.49,0/0
2023-05,4-LANING OF KASHIPUR-SITARGANJ SECTION,MEGA,N24000465,UTTARAKHAND,11/2012,8/2016,-,605.84,-,0.00,0/0
2023-05,MUL TO CHANDRAPUR,MoRTH,N24001117,MAHARASHTRA,12/2016,7/2019,-,162.34,-,107.56,2/4
2023-05,KURUDWADI TO PANDHARPUR,MoRTH,N24001101,MAHARASHTRA,1/2017,7/2019,-,307.63,-,232.57,2/4
2023-05,IMPROVEMENTS AND RECONSTRUCTION TO TWO LANE WITH PAVED SHOULDERS FROM KM 243.20 TO KM 290.20 OF NH,MoRTH,N24001157,KARNATAKA,8/2016,2/2017,6/2023,175.50,-,178.73,0/0
2023-05,KARAD PATAN CHIPLUN GUHAGAR,MoRTH,N24001057,MAHARASHTRA,2/2017,6/2019,-,407.19,407.00,323.02,2/4
2023-05,CONSTRUCTION OF NEW ROAD AT THE MISSING LINK PORTION OF NH- 81 ALONG THE APPROVED ALIGNMENT BETWEEN H,MoRTH,N24000874,WEST BENGAL,3/2016,11/2018,3/2022,271.17,291.20,147.34,0/0
2023-05,REHABILITATION AND UPGRADATION TO 2-LANE CONFIGURATION OF HEWNA- ASHYARI SECTION (KM 25.000 TO KM 50.,MoRTH,N24001382,HIMACHAL PRADESH,8/2020,3/2021,-,242.80,-,102.04,0/0
2023-05,R/U TO 2-LANE WITH PS OF BEWAR TO ALLAHGANJ SECTION OF NH- 730C FROM KM.0.00 TO 52.770 UNDER GNHCP,MoRTH,N24001471,UTTAR PRADESH,4/2020,11/2024,-,325.24,-,0.92,0/0
2023-05,HELWAK TO KARAD,MoRTH,N24001055,MAHARASHTRA,2/2017,7/2019,-,416.99,-,225.83,2/4
2023-05,MALEGAON TO RISOD,MoRTH,N24001089,MAHARASHTRA,2/2018,12/2019,-,303.24,303.00,199.08,2/4
2023-05,EPC- CORRIDOR APPROACH WORKS - NH (O): WIDENING EXISTING 2 LANE TO 2 LANE WITH PAVED SHOULDERS IN KM,MoRTH,N24000248,TELANGANA,3/2015,1/2017,-,153.21,-,100.96,0/0
2023-05,WIDENING TO TWO LANE WITH PAVED SHOULDERS FROM KM 67.00 TO 114.425 OF KALWAKURTHY- MALLEPALLY SECTION,MoRTH,N24000986,TELANGANA,1/2017,5/2019,7/2021,300.00,-,224.70,0/0
2023-05,CONSTRUCTION OF 4 NOS GRADE SEPARATOR BETWEEN KM. 281.000 TO KM 307.600 KM. 286.400 KUMHARI KM. 299.,MoRTH,N24001227,CHHATTISGARH,3/2018,1/2019,-,349.03,-,256.62,0/0
2023-05,REHABILITATION AND UPGRADATION TO 2-LANE CONFIGURATION OF KALWAHAN- MANDI SECTION (KM 208.950 TO KM 2,MoRTH,N24001470,HIMACHAL PRADESH,8/2020,4/2025,-,314.32,-,21.60,0/0
2023-05,4L+PS OF BEAWAR-ASIND SECTION (KM 30.00 TO KM 74.00) OF NH-158 (GNHCP) WORLD BANK. PKG-II,MoRTH,N24001410,RAJASTHAN,8/2020,12/2020,-,216.72,-,135.64,2/4
2023-05,RALEGAON TO RAMTIRTH,MoRTH,N24001046,MAHARASHTRA,1/2017,7/2019,-,210.81,-,210.81,2/4
2023-05,REHABILITATION AND UPGRADATION OF NH326A FROM KM 0/0 TO 41/979 (EXCLUDING KM 2/255 TO 3/372 AND KM 3,MoRTH,N24000934,ANDHRA PRADESH,3/2018,8/2018,-,228.32,-,174.30,3/4
2023-05,PUNE RAIGARH DISTRICT BORDER TO MANGAON,MoRTH,N24001082,MAHARASHTRA,3/2018,12/2019,-,223.46,-,123.46,0/0
2023-05,PARBHANI TO GANGKHED,MoRTH,N24001065,MAHARASHTRA,3/2018,12/2019,-,238.19,238.00,194.54,2/4
2023-05,DEORI TO AMGAON,MoRTH,N24001032,MAHARASHTRA,1/2017,5/2019,-,409.62,410.00,290.44,2/4
2023-05,REHABILITATION AND UPGRADATION TO 2-LANE WITH PAVED SHOULDERS CONFIGURATION OF PADERU- GONDIGUDA SECT,MoRTH,N24001386,ANDHRA PRADESH,8/2020,3/2021,-,222.61,-,74.56,2/4
2023-05,RECONSTRUCTION WITH GEOMETRIC IMPROVEMENT OF EXISTING SINGLE/INTERMEDIATE LANE TO 2LANE WITH PAVED S,MoRTH,N24000778,UTTARAKHAND,11/2017,11/2019,-,266.52,-,153.44,0/0
2023-05,CONSTRUCTION OF FOUR LANE PINJORE BYPASS FROM KM 0.00 TO,,,,12/2016,12/2017,-,170.27,-,98.77,0/0
2023-05,DHAD BHOKARDAN TO BHOKARDHAN SILLOD,MoRTH,N24001062,MAHARASHTRA,3/2018,12/2019,-,336.21,336.00,236.11,2/4
2023-05,2L+PS FROM KM 148/170 TO 211 /100 (DEVAL- DUNGARPUR-HIRATA - VARDA-SAGWARA) SECTION OF NH- 927A. PKG-,MoRTH,N24001413,RAJASTHAN,2/2021,11/2021,-,240.99,-,87.30,0/0
2023-05,UPGRADATION OF NH-81 WITH A MINIMUM OF 2-LANE WITH PAVED SHOULDER CONFIGURATION STARTING FROM KM 19.,MoRTH,N24000880,WEST BENGAL,2/2018,9/2020,3/2022,426.18,-,330.62,0/0
2023-05,REHABILITATION AND UPGRADATION OF NH-219 FROM KM 58-600 TO KM 140-750 IN THE STATE OF ANDHRA PRADES,MoRTH,N24000301,ANDHRA PRADESH,3/2015,10/2015,-,271.45,-,239.55,4/4
2023-05,RECONSTRUCTION TO TWO LANE WITH PAVED SHOULDERS FROM DS. CH. 442+180 (EX. KM 448.00) TO DS. CH.485+2,MoRTH,N24001158,KARNATAKA,3/2018,6/2019,12/2023,159.97,-,113.28,0/0
2023-05,CONSTRUCTION OF SIX LANE ELEVATED CORRIDOR FROM KM.7.950 (UPPAL) TO KM.14.200 OF NH-163 TO DE-CONGES,MoRTH,N24000994,TELANGANA,3/2018,7/2020,-,626.76,-,252.01,0/0
2023-05,4L+PS OF RAS-BEAWAR SECTION (KM 0.00 TO KM 30.00) OF NH-158 (GNHCP) WORLD BANK. PKG-I.,MoRTH,N24001409,RAJASTHAN,7/2020,9/2021,-,319.09,-,75.04,0/4
2023-05,UPGRADATION OF DABOH-UP BORDER ROAD TO 2L + PS,MoRTH,N24000891,MADHYA PRADESH,3/2018,3/2018,10/2021,233.04,-,187.88,0/0
2023-05,PUNE TO MALE VILLAGE,MoRTH,N24001078,MAHARASHTRA,3/2018,12/2019,-,228.31,-,100.97,0/0
2023-05,WIDENING OF EXISTING ROAD TO 2 LANE NH STANDARDS ALONG WITH IMPROVEMENT AND REALIGNMENT FROM NECHIPU,MoRTH,N24001194,ARUNACHAL PRADESH,9/2011,/,12/2021,"1,979.00",-,"1,251.08",0/0
2023-05,MORSHI TO ACHALPUR,MoRTH,N24001015,MAHARASHTRA,1/2017,6/2019,-,341.16,341.00,247.86,0/0
2023-05,UPGRADATION OF ADHALGAON- JAMKHED SECTION OF NH-548 D FROM KM 132/600 TO KM 195/375 TO TWO LANE WITH,MoRTH,N24001448,MAHARASHTRA,11/2021,2/2022,-,223.35,-,109.00,0/0
2023-05,NANDED TO JALKOT,MoRTH,N24001069,MAHARASHTRA,12/2017,9/2019,-,456.93,457.00,278.22,2/4
2023-05,OSMANNAGAR TO KUNDRAL,MoRTH,N24001075,MAHARASHTRA,9/2017,8/2020,-,344.25,344.00,188.48,2/4
2023-05,AURANGABAD TO SILLOD,MoRTH,N24001124,MAHARASHTRA,2/2017,6/2019,-,456.32,-,342.78,2/4
2023-05,REHABILITATION AND UPGRADATION TO 2 LANE WITH PAVED SHOULDER OF MOGA (DESIGN CH 0.000) TO MAKHU (DES,MoRTH,N24000941,PUNJAB,3/2018,8/2020,-,293.64,326.84,295.46,0/0
2023-05,CONSTRUCTION OF SIGNATURE BRIDGE BETWEEN DWARKA AND BEY DWARKA AND ITS APPROACHES IN THE STATE OF GU,MoRTH,N24000926,GUJARAT,8/2017,3/2018,10/2023,962.43,978.93,797.00,4/4
2023-05,WIDENING TO 2LPS FROM 269/30 TO 328/20 OF NH-49 IN THE STATE OF ODISHA,MoRTH,N24000917,ODISHA,3/2018,8/2018,7/2023,199.16,-,101.34,0/0
2023-05,BHOGAN KHURD TO KASHEDI,MoRTH,N24001132,MAHARASHTRA,9/2017,6/2021,-,743.21,743.00,911.64,2/4
2023-05,REHABILITATION AND UPGRADATION TO 2 LANE WITH PS OF RADHAITA TO PILIBHIT SECTION OF 46.130 KM,MoRTH,N24001456,UTTAR PRADESH,4/2020,2/2024,-,199.39,-,71.64,0/0
2023-05,REHABILITATION AND UPGRADATION OF NH 216 FROM KM 3.800 TO 90.460 RAIGARH TO SARAIPALLI SECTION,MoRTH,N24001226,CHHATTISGARH,12/2014,3/2015,-,496.02,-,240.11,0/0
2023-05,CONSTRUCTION OF 2 LANE ROAD OF POTIN TO PANGIN SECTION OF NH 13 FROM KM 0.00 TO KM 44.35 (PACKAGE 1),MoRTH,N24001289,ARUNACHAL PRADESH,3/2019,3/2027,-,403.68,-,339.73,0/0
2023-05,"WIDENING AND STRENGTHENING FROM KM.15.000 TO KM, 58.600 (BHADEWARA -DRAMANDGANJ SECTION) OF NATIONAL",MoRTH,N24001478,UTTAR PRADESH,12/2021,5/2024,-,257.97,-,89.08,0/0
2023-05,REHABILITATION AND UPGRADING TO 2 LANES/2 LANE WITH PAVED SHOULDERS CONFIGURATION OF BIRPUR - BIHPUR,MoRTH,N24000382,BIHAR,1/1991,/,12/2023,675.00,780.77,442.39,0/0
2023-05,RECONSTRUCTION WITH GEOMETRIC IMPROVMENT OF EXISTING INTERMEDIATE LANE TO 2 LANE WITH PAVED SHOULDER,MoRTH,N24001130,UTTARAKHAND,8/2016,12/2017,-,234.88,-,174.51,0/0
2023-05,ESTIMATE FOR WIDENING TWO LANE TO FOUR LANE FROM FROM KM.129.00 TO 144.00 OF NH-63 ANKOLA-GOOTY SECT,MoRTH,N24001168,KARNATAKA,5/2018,5/2018,-,171.60,-,129.72,0/0
2023-05,WIDENING TO TWO LANE WITH PAVED SHOULDER FROM KM 194.900 TO KM 243.200 OF NH-234,,,,9/2017,10/2018,4/2022,191.60,-,112.01,0/0
2023-05,REHABILITATION AND UPGRADATION OF NH-340 FROM KM 0/0 TO KM 60/380 (DESIGN CH. 0/000 TO 60/025 EXCLUD,MoRTH,N24000932,ANDHRA PRADESH,1/2017,8/2017,-,319.28,-,241.95,4/4
2023-05,KARASWADA TO BAMBOLIM,MoRTH,N24001005,GOA,3/2017,12/2019,-,852.67,-,300.98,2/4
2023-05,CONSTRUCTION TO TWO LANE WITH PAVED SHOULDERS WITH FLEXIBLE PAVEMENT ON KHALGHAT TO SARWARDEWLA ROAD,MoRTH,N24001198,MADHYA PRADESH,1/2019,3/2021,11/2022,264.50,-,215.21,0/0
2023-05,JALKOT TO TOGRI,MoRTH,N24001071,MAHARASHTRA,7/2018,8/2020,-,299.92,300.00,188.96,2/4
2023-05,SARSAM TO KOTHARI,MoRTH,N24001002,MAHARASHTRA,2/2016,7/2019,-,545.64,-,226.89,2/4
2023-05,MALE VILLAGE TO PUNE RAIGARH DISTRICT BORDER,MoRTH,N24001080,MAHARASHTRA,3/2018,12/2019,-,256.15,-,126.62,0/0
2023-05,REHABILITATION AND UPGRADATION OF EXISTING NH-565 FROM KM.86.057 TO 133.922 OF NAGARJUNASAGAR DAM T,MoRTH,N24000282,ANDHRA PRADESH,1/2014,11/2014,5/2022,195.45,-,160.34,2/4
2023-05,WIDENING AND UPGRADATION TO FOUR LANE CONFIGURATION FROM KM.34.900 (BHADOHI) TO KM.73.134 (JAUNPUR),MoRTH,N24001479,UTTAR PRADESH,3/2021,5/2024,-,395.62,-,33.68,0/0
2023-05,SILLOD TO FARDAPUR,MoRTH,N24001125,MAHARASHTRA,2/2017,6/2019,-,337.46,-,335.30,2/4
2023-05,STRENGTHENING AND WIDENING TO 2 LANE WITH PAVED SHOULDER FROM KM 103.865 TO 142.050 (GAYA- GOH) OF NH,MoRTH,N24001000,BIHAR,3/2018,/,3/2022,153.24,-,122.60,0/0
2023-05,WIDENING TO 4/6 LANES OF EXISTING NH-17 FROM KM 531/934 (AFTER ZUARI BR.) TO KM 536/250 JN. WITH VER,MoRTH,N24000514,GOA,12/2015,/,-,773.98,-,464.36,0/0
2023-05,WAKED TO TALEGAON,MoRTH,N24001135,MAHARASHTRA,2/2016,2/2019,-,"1,244.75","1,245.00","1,025.72",0/0
2023-05,JALANDHAR-HOSHIARPUR SECTION OF NH-70,FROM EXISTING KM 11.400 TO KM 49.200 - [N24000909],NEW NH NO. 3,MoRTH,10/2017,10/2019,-,"1,069.59",-,739.08,0/1
2023-05,CONST. OF MISSING LINK BETWEEN KM. 11/680 TO KM. 14/020 AND WIDENING OF EXISTING TWO LANE,,,,3/2015,/,-,184.05,-,136.74,2/4
2023-05,REHABILATION AND UPGRADATION TO 2 LANE WITH PAVED SHPULDERS CONFIGURATION OF BEAWAR- ASIND SECTION (K,MoRTH,N24001242,RAJASTHAN,8/2020,11/2020,-,196.23,-,130.86,2/4
2023-05,PIMPLA TO MANJARSUMBHA,MoRTH,N24001030,MAHARASHTRA,1/2017,8/2019,-,595.77,-,357.73,3/4
2023-05,UP GRADATION OF NEWLY DECLARED NH 341 TO TWO LANE WITH PAVED SHOULDER CONFIGURATION BETWEEN KM. 65.4,MoRTH,N24001197,GUJARAT,3/2018,6/2021,7/2023,351.00,270.00,215.22,4/4
2023-05,Rehabilitation and up gradation to 2 lane with paved shoulder configuration from existing km. 122.00,MoRTH,N24000820,ANDAMAN AND NICOBAR ISLANDS,11/2017,11/2019,4/2023,237.80,-,109.61,0/0
2023-05,JABALPUR TO HIREN RIVER SECTION OF NH-12 IN MADHYA PRADESH KM 11/400 TO 66/400,MoRTH,N24000475,MADHYA PRADESH,11/2015,1/2020,6/2021,628.45,-,467.04,0/0
2023-05,RECONSTRUCTION WITH GEOMETRIC IMPROVEMENT OF EXISTING 2 LANE/INTERMEDIATE LANE TO 2LANE WITH PAVED S,MoRTH,N24000773,UTTARAKHAND,12/2017,12/2019,-,200.34,-,141.39,0/0
2023-05,WIDENING AND PAVED SHOULDER OF TOHANA (IN HARYANA) PUNJAB/HARYANA BORDER TO MOONAK-JAKHAL-BUDHLADA,MoRTH,N24000907,PUNJAB,3/2018,8/2020,-,293.10,341.84,296.85,0/1
2023-05,RECONSTRUCTION WITH GEOMETIC IMPROVEMENT OF EXISTING TWO LANE TO 2- LANE WITH PAVED SHOULDERS CONFIG,MoRTH,N24000776,UTTARAKHAND,11/2017,11/2019,-,232.81,-,151.70,0/0
2023-05,GADCHIROLI TO MUL,MoRTH,N24001116,MAHARASHTRA,12/2016,6/2019,-,484.15,-,456.25,3/4
2023-05,WIDENING AND STRENGTHENING OF SECTION FROM BHARTHANA CHOWK TO KODARKOOT (KM. 0.00 TO KM. 40.00) OF,MoRTH,N24001587,UTTAR PRADESH,3/2020,9/2024,-,262.37,-,0.00,0/0
2023-05,REHABILITATION AND UPGRADATION TO INTERMEDIATE LANE CONFIGURATION OF SHRI KYARI-GUMMA SECTION (KM 75,MoRTH,N24001383,HIMACHAL PRADESH,8/2020,4/2021,-,349.20,-,295.90,0/0
2023-05,WIDENING FROM 2 LANE TO 4 LANE AND STRENTHENING THE EXISTING CARRIAGE WAY FROM KM 36/0 -80/0 OF SALE,MoRTH,N24001236,TAMIL NADU,3/2019,11/2019,-,297.55,320.00,290.97,3/4
2023-05,CONSTRUCTION OF 4 LANE WITH PAVED SHOULDERS THIRUVAYARU BYPASS IN BETWEEN EXISTING,,,,2/2022,8/2022,-,191.33,-,0.00,0/4
2023-05,CONSTRUCTION OF 2 LANE ROAD OF POTIN TO PANGIN SECTION OF NH 13 FROM KM 77.95 TO KM 117.56 (PACKAGE,MoRTH,N24001291,ARUNACHAL PRADESH,3/2019,3/2027,-,421.48,-,297.44,0/0
2023-05,RECONSTRUCTION WITH GEOMETRIC IMPROVEMENT OF EXISTING SINGLE/INTERMEDIATE LANE TO 2 LANE WITH EAR,MoRTH,N24000779,UTTARAKHAND,2/2018,2/2020,3/2023,418.88,-,264.67,0/0
2023-05,WIDENING TO TWO LANE WITH PAVED SHOULDERS FROM KM 40/410 TO KM 84/037OF THIRUMALAGIRI TO SURYAPET SE,MoRTH,N24000982,TELANGANA,1/2017,5/2019,8/2019,244.54,-,174.30,0/0
2023-05,SARAD VANI PIMPALGAON,MoRTH,N24001103,MAHARASHTRA,1/2017,7/2019,-,250.46,-,198.32,2/4
2023-05,REHABILITATION AND UPGRADATION OF NH 200 FROM KM 178.944 TO 241.553 BANARI VILLAGE TO MASANIA KALA V,MoRTH,N24001219,CHHATTISGARH,1/2016,9/2016,-,476.20,544.00,472.03,0/0
2023-05,VITA TO NAGAJ,MoRTH,N24001050,MAHARASHTRA,3/2018,12/2019,-,304.58,305.00,150.26,2/4
2023-05,WADI TO ASOLA,MoRTH,N24001022,MAHARASHTRA,1/2017,9/2019,-,363.82,364.00,153.43,2/4
2023-05,UPGRADATION TO 2 LANE WITH PAVED SHOULDER FROM KM . 0/0 TO 43/900 OF KUNDAL-NAYA KHEDA-JHADOL-SOM-,MoRTH,N24000958,RAJASTHAN,2/2018,6/2018,-,370.30,-,336.24,3/4
2023-05,TEMBHURNI PANDHARPUR MANGALWEDHA MARWADE UMDI,MoRTH,N24001056,MAHARASHTRA,2/2017,7/2019,-,422.02,422.00,302.13,0/0
2023-05,MORSHI TO MAH/MP BORDER,MoRTH,N24001016,MAHARASHTRA,1/2017,6/2019,-,471.61,472.00,321.02,0/0
2023-05,WARDHA TO HINGAGHAT,MoRTH,N24001098,MAHARASHTRA,1/2018,12/2019,-,216.90,217.00,164.00,2/4
2023-05,PALPHATA TO PHULAMBARI,MoRTH,N24001060,MAHARASHTRA,3/2018,12/2019,-,227.19,227.00,141.92,2/4
2023-05,CONSTRUCTION OF 1 ROB CUM FLYOVER FROM KM 136.200 TO 137.800 AND 2 FLYOVERS,MoRTH,N24001459,UTTAR PRADESH,1/2022,4/2024,-,297.06,-,303.48,0/0
2023-05,KHAMGAON TO SHEGAON,MoRTH,N24001009,MAHARASHTRA,2/2017,5/2019,-,203.21,203.00,163.81,0/0
2023-05,MOPA AIRPORT,MoRTH,N24001458,GOA,12/2021,4/2022,-,"1,183.16",-,414.80,0/0
2023-05,KHAMGAON TO DEULGAON,,,,3/2018,12/2019,-,249.29,-,146.41,0/0
2023-05,PANCHARAL TO MANDANGHAR,MoRTH,N24001107,MAHARASHTRA,7/2018,5/2020,-,381.08,302.00,42.31,2/4
2023-05,REPANPALLI TO SIRONCHA,MoRTH,N24001468,MAHARASHTRA,3/2022,6/2022,-,282.07,-,28.80,0/0
2023-05,REHABILITATION AND UPGRADATION TO 2-LANE CONFIGURATION OF ASHYARI-SHRI KYARI SECTION (KM 50.000 TO K,MoRTH,N24001422,HIMACHAL PRADESH,2/2021,9/2021,-,345.89,-,176.89,0/0
2023-05,WIDENING TO 2 LANE WITH PAVED SHOULDERS AND GEOMETRIC IMPROVEMENT OF NH-114A FROM KM 141 TO KM 184 I,MoRTH,N24001216,JHARKHAND,12/2016,9/2021,-,196.00,-,150.41,3/4
2023-05,FOUR LANING OF 5.122 KM OF NH9(NEW NH 65) FROM KM 269.900(DESIGN CH0.0) TO KM 275/622(DESIGN CH 5.12,MoRTH,N24000928,ANDHRA PRADESH,10/2015,12/2015,-,333.21,-,342.71,3/3
2023-05,WIDENING TO 2-LANE WITH PAVED SHOULDER IN/C GEOMETRIC IMPROVEMENT FROM KM 397.00 TO KM 422.00 ( 25 K,MoRTH,N24001307,TRIPURA,1/2017,12/2022,-,197.67,-,179.98,0/0
2023-05,UPGRADATION AND WIDENING OF BILASPUR TO MUNGELI SECTION NH-130A,MoRTH,N24001228,CHHATTISGARH,11/2017,5/2019,-,188.80,-,128.79,0/0
2023-05,MALEWADA TO CHIMUR,MoRTH,N24001104,MAHARASHTRA,10/2016,6/2019,-,322.55,-,242.09,3/4
2023-05,CONSTRUCTION OF TIMMAPURAM TO GURJANAPALLE SECTION FROM KM 26.150 TO 41.161 OF NH- 214(NH216)(KAKINAD,MoRTH,N24000964,ANDHRA PRADESH,8/2016,1/2017,12/2022,350.61,-,339.99,3/4
2023-05,"ENGINEERING, PROCUREMENT, AND CONSTRUCTION OF REHABILITATION AND UPGRADING TO 2-LANES/2 -LANE WITH P",MoRTH,N24000578,BIHAR,2/2016,5/2016,6/2023,553.30,587.41,560.19,0/0
2023-05,WADIGODRI TO DHANGRIPIMPRI,MoRTH,N24001063,MAHARASHTRA,3/2018,2/2020,-,194.23,194.00,136.55,2/4
2023-05,PEN TO KHOPOLI,MoRTH,N24001106,MAHARASHTRA,3/2018,3/2018,-,301.39,302.00,170.12,2/4
2023-05,BODHWAD TO STATE BORDER,MoRTH,N24001086,MAHARASHTRA,1/2017,7/2019,-,178.26,-,159.96,2/4
2023-05,"WIDENING TO 2 LANE, RE- ALIGNMENT AND GEOMETRIC IMPROVEMENT FROM KM 11/00 TO KM 114/618 OF NH-44A IN -",,,,11/2010,3/2011,6/2023,624.41,"1,109.88","1,021.46",0/0
2023-05,CONSTRUCTION OF KUND BYPASS FROM EXISTING KM 33+130 TO KM 41+260 (EXISTING LENGTH: 8.130 KM); DESIGN,MoRTH,N24000781,UTTARAKHAND,5/2018,5/2020,12/2023,248.00,-,111.85,0/0
2023-05,MHASWAD TO TEMBHURNI,MoRTH,N24001099,MAHARASHTRA,1/2017,7/2019,-,488.60,-,279.42,2/4
2023-05,CONSTRUCTION OF 2 LANE ROAD OF POTIN TO PANGIN SECTION OF NH 13 FROM KM 117.56 TO KM 163.59 (PACKAGE,MoRTH,N24001292,ARUNACHAL PRADESH,3/2019,3/2027,-,543.05,-,381.85,0/0
2023-05,CHIMUR TO WARORA,MoRTH,N24001105,MAHARASHTRA,11/2016,3/2019,-,467.70,-,323.36,2/4
2023-05,JAHIRABAD TO LATUR,MoRTH,N24001040,MAHARASHTRA,1/2017,11/2019,-,461.96,-,329.59,3/4
2023-05,REHABILITATION AND UPGRADATION OF NH565 FROM EXISTING KM 361.330(DORNALA T JUNCTION) TO KM 420.800(P,MoRTH,N24000963,ANDHRA PRADESH,1/2018,8/2018,-,418.03,-,365.57,4/4
2023-05,CONSTRUCTION OF 2 LANE ROAD OF POTIN TO PANGIN SECTION OF NH 13 FROM KM 314.25 TO KM 351.383 (PACKAG,MoRTH,N24001296,ARUNACHAL PRADESH,3/2019,3/2027,-,394.27,-,388.62,0/0
2023-05,4-LANNING OF NH17 AND NEW NO. NH66 FROM KM 161/600 TO 205/400 UNDER HYBRID ANNUITY MODE,MoRTH,N24000584,MAHARASHTRA,3/2016,/,-,"1,142.62","1,907.03","1,056.08",0/0
2023-05,REHABILITATION AND UPGRADATION OF DHINDI- DIGAMARRU SECTION FROM KM126/510 TO KM135/740 OF NH214(NH21,MoRTH,N24000965,ANDHRA PRADESH,1/2016,5/2016,7/2022,386.09,316.06,235.01,3/4
2023-05,CONSTRUCTION OF MAJOR BRIDGE ACROSS SHARAVATHI BACKWATERS AND APPROCHES BETWEEN AMBARGODU AND KALASA,MoRTH,N24001388,KARNATAKA,3/2019,12/2019,11/2024,423.15,-,301.24,0/0
2023-05,FARDAPUR TO JALGAON,MoRTH,N24001126,MAHARASHTRA,2/2017,6/2019,-,456.45,-,427.43,2/4
2023-05,REHABILITATION AND UPGRADATION OF END OF AHMEDNAGAR BYPASS TO KHARWANDI KASAR SECTION OF NH-222 FROM,MoRTH,N24000332,MAHARASHTRA,1/2015,/,-,225.81,-,160.37,0/0
2023-05,ARDHAPUR TO HIMAYATNAGAR,MoRTH,N24001079,MAHARASHTRA,12/2017,6/2020,-,426.06,426.00,271.40,2/4
2023-05,MANGAWA-MP/UP BORDER SECTION OF NH-27 (4L) IN MP,MoRTH,N24000412,MADHYA PRADESH,1/2012,4/2015,-,410.72,-,392.45,0/0
2023-05,CONSTRUCTION OF A NEW 2-LANE HIGHWAY FROM KM 71/00 TO 99/83 IN MIZORAM TO SUPPORT KALADAN MULTI MOD,MoRTH,N24000308,MIZORAM,8/2010,10/2010,6/2023,193.69,374.59,364.32,0/0
2023-05,AKOLA TO AKOT,MoRTH,N24001003,MAHARASHTRA,1/2017,6/2019,-,313.95,-,270.26,2/4
2023-05,CHIKLI TO TAKARKHED,MoRTH,N24001083,MAHARASHTRA,3/2018,12/2019,-,393.10,393.00,255.24,3/4
2023-05,PROJECTS- REHABILITATION AND UPGRADATION OF NH-731A FROM KM 0.00 TO KM.35.00,MoRTH,N24001464,UTTAR PRADESH,3/2021,8/2023,-,264.86,-,53.58,0/0
2023-05,REHABILITATION AND UPGRADATION OF EXISTING PAVEMENT TO FOUR LANE WITH PAVED SHOULDER FROM KM 135.230,MoRTH,N24001210,UTTAR PRADESH,3/2018,6/2021,-,306.59,-,365.61,0/0
2023-05,INDAPUR TO VADPALE,MoRTH,N24001114,MAHARASHTRA,1/2017,12/2019,-,"1,202.52","1,203.00","1,450.82",2/4
2023-05,LATUR TO PANGAON,MoRTH,N24001066,MAHARASHTRA,3/2018,12/2019,-,336.47,336.00,203.39,2/4
2023-05,REHABILITATION AND UPGRADATION OF EXISTING NH-167 FROM KM 14.900 TO KM 70.00 (DESIGN CH.14.900 TO 69,MoRTH,N24000931,ANDHRA PRADESH,11/2016,5/2017,-,290.15,-,204.32,3/4
2023-05,REHABILITATION AND UPGRADATION TO 2 LANE WITH PS OF MIRANPUR KATRA TO RADHAITA SECTION OF NH-730C F,MoRTH,N24001457,UTTAR PRADESH,4/2020,7/2024,-,172.50,-,70.70,0/0
2023-05,WIDENING AND STRENGTHENING/ RECONSTRUCTION OF EXISTING PAVEMENT TO FOUR ALNE WITH PAVED SHOULDERS FR,MoRTH,N24000998,TELANGANA,1/2019,/,1/2023,193.19,249.72,206.06,0/0
2023-05,KUMBHARI PHTA TO DEULGAON RAJA,MoRTH,N24001127,MAHARASHTRA,2/2017,6/2019,-,406.51,-,340.26,0/0
2023-05,WIDENING TO EXISTING SINGRE/INTERMEDIATE RANE TO 2 LANE FROM KM 135 TO KM 147 AND FROM KM 156.00 TO -,,,,3/2021,2/2024,-,226.44,-,28.92,0/0
2023-05,"WIDENING, STRENGTHENING AND RECONSTRUCTION OF NH-552- EXTN FROM KM 76/600 TO 112/00 (SAWAI MADHOPUR",MoRTH,N24000950,RAJASTHAN,11/2017,4/2018,-,187.82,-,186.52,3/4
2023-05,MANGAON TO DIGHI PORT,MoRTH,N24001024,MAHARASHTRA,1/2017,7/2019,-,457.52,-,426.61,3/4
2023-05,REHABILITATION AND UPGRADATION TO 2-LANE CONFIGURATION OF HAMIRPUR- KARNOHAL SECTION (KM 141.000 TO K,MoRTH,N24001447,HIMACHAL PRADESH,8/2020,12/2024,-,371.93,-,46.58,0/0
2023-05,WIDENING TO TWO LANE WITH PAVED SHOULDERS FROM KM 15.525 TO KM 62.880 OF JADCHERLA-KALWAKURTHY SECTI,MoRTH,N24000984,TELANGANA,1/2017,12/2019,12/2019,283.00,-,253.40,0/0
2023-05,SALAIKHURD TO TIRORA,MoRTH,N24001042,MAHARASHTRA,1/2018,12/2019,-,415.25,415.25,274.02,2/4
2023-05,2L+PS OF THIKRI ANJAD SECTION OF NH-347B,MoRTH,N24000892,MADHYA PRADESH,11/2017,7/2018,8/2021,249.05,-,221.19,0/0
2023-05,WIDENING TO 2LPS FROM 50/0 TO 140/9 OF NH-57 (SONEPUR TO MADHAPUR) IN THE STATE OF ODISHA,MoRTH,N24000913,ODISHA,9/2016,2/2017,7/2023,295.67,-,203.61,0/0
2023-05,REHABILITATION AND UP GRADATION OF NH-544E FROM KM 56/803 TO KM 99/179 OF MADAKASIRA TO SIRA SECTION,MoRTH,N24001384,ANDHRA PRADESH,3/2020,3/2021,-,207.79,-,171.89,3/4
2023-05,SHEGAON TO DEORI PHATA,MoRTH,N24001010,MAHARASHTRA,2/2017,5/2019,-,373.10,373.00,320.45,2/4
2023-05,CONSTRUCTION OF TWINS 2-LANE ROB AND ITS APPROACHES IN REPLACEMENT OF EXISTING LEVEL CROSSING GATE N,MoRTH,N24000887,WEST BENGAL,6/2016,9/2021,8/2022,236.78,-,153.75,0/0
2023-05,CONSTRUCTION OF ROAD FROM KM. 1 TO KM. 49/4 OF NH-26A IN THE STATE OF MADHYA PRADESH.,MoRTH,N24000886,MADHYA PRADESH,1/2017,3/2017,12/2021,205.05,-,140.29,0/0
2023-05,MANSAR TO SALAIKHURD,MoRTH,N24001035,MAHARASHTRA,1/2018,12/2019,-,418.36,-,263.13,2/4
2023-05,WIDENING TO 2LPS FROM 239/9 TO 294/3 OF NH-57 (NAYAGARH TO KHURDA) IN THE STATE OF ODISHA,MoRTH,N24000914,ODISHA,12/2016,8/2018,7/2023,223.50,-,139.44,0/0
2023-05,2-LANE WITH PS OF NEAR KARRI VILLAGE TO ETAWAH SECTION OF NH-92 FROM KM.30.000 TO 57.346,,,,4/2020,7/2024,-,211.09,-,25.20,0/0
2023-05,SHAHPUR PATGAON SECTION I,MoRTH,N24001027,MAHARASHTRA,1/2018,12/2019,-,150.79,-,81.14,2/4
2023-05,RECONSTRUCTION WITH GEOMETIC IMPROVEMENT OF SINGLE LANE TO 2- LANE WITH PAVED SHOULDER CONFIGURATION,MoRTH,N24000777,UTTARAKHAND,11/2017,11/2019,-,283.51,-,196.03,0/0
2023-05,UPGRADATION AND REHABILITATION TO TWO LANE WITH PAVED SHOULDER OF BARMER GHAGARIYA SECTION FROM KM 0,MoRTH,N24001531,RAJASTHAN,3/2022,8/2024,-,304.87,-,72.33,0/0
2023-05,NILAJPHATA TO BHANDARA,MoRTH,N24001043,MAHARASHTRA,1/2018,5/2020,-,420.63,421.00,219.40,2/4
2023-05,SHIRUR TO KHARDA,MoRTH,N24001123,MAHARASHTRA,2/2017,6/2019,-,381.77,-,195.45,2/4
2023-05,REHABILITATION AND UP GRADATION FROM KM. 121/0 TO 154/0 OF NAKAREKAL – MALLAMPALLY SECTION OF NH-365,MoRTH,N24000997,TELANGANA,3/2018,7/2019,6/2022,192.67,-,171.11,0/0
2023-05,UPGRADATION TO TWO LANE PAVED SHOULDER OF KOTHUN- LALSOT-KAROLI-DHOLPUR ROAD NH-23 (OLD NH-11B) IN TH,MoRTH,N24001530,RAJASTHAN,12/2021,9/2024,-,150.11,-,20.88,0/0
2023-05,2-LANE WITH PS OF BEWAR TO NEAR KARRI VILLAGE SECTION OF NH-92 FROM KM.0.00 TO 30.00 UNDER GNHCP,MoRTH,N24001461,UTTAR PRADESH,4/2020,3/2024,-,236.47,-,30.92,0/0
2023-05,WIDENING TO 2LPS FROM 58/00 TO 116/10 OF NH-153B (NAKTIDEUL TO BOUDH) IN THE STATE OF ODISHA,MoRTH,N24000915,ODISHA,12/2016,4/2018,7/2023,206.88,-,123.50,0/0
2023-05,REHABILITATION UPGRADATION OF NH214(NH216) FROM KM41.161 TO KM59.800(GURJANAPALLI TO POLEKURU SECT,MoRTH,N24000966,ANDHRA PRADESH,1/2016,8/2016,6/2022,348.95,-,300.51,3/4
2023-05,DAHEGAON TO KUHI,MoRTH,N24001017,MAHARASHTRA,1/2017,6/2019,-,228.89,229.00,154.82,4/4
2023-05,REHABILITATION AND UPGRADATION OF NH 111 FROM KM 163.400 TO 215.800 SHIVNAGAR TO AMBIKAPUR SECTION,MoRTH,N24001218,CHHATTISGARH,11/2015,6/2017,-,335.32,-,315.76,0/0
2023-05,PATRADEVI TO KARASWADA 4L,MoRTH,N24001004,GOA,3/2017,5/2020,-,634.32,-,496.44,2/4
2023-05,SELDOH TO PANVAR,,,,7/2018,5/2020,-,404.33,-,136.90,2/4
2023-05,WIDENING EXISTING 2 LANE TO 4 LANE WITH PAVED SHOULDER INCLUDING STRENGTHENING CARRIAGEWAY FROM KM 8,MoRTH,N24001380,TAMIL NADU,8/2020,2/2021,-,302.62,306.14,283.10,2/4
2023-05,WIDENING TO 2LPS FROM 0/0 TO 119/0 OF NH-157 IN THE STATE OF ODISHA.,MoRTH,N24000912,ODISHA,8/2016,2/2017,6/2023,287.70,-,196.92,0/0
2023-05,44 LANE DIVIDED CARRIAGEWAY OF BARMER BYPASS OF NH-15 (NEW NH-68) IN THE STATE OF RAJASTHAN ON EPC M,MoRTH,N24001529,RAJASTHAN,12/2021,8/2024,-,451.66,-,181.29,0/0
2023-05,CONSTRUCTION OF A NEW 2-LANE HIGHWAY FROM KM 38/00 TO 71/00 IN MIZORAM TO SUPPORT KALADAN MULTI MOD,MoRTH,N24001181,MIZORAM,8/2010,9/2014,6/2023,186.96,-,312.50,0/0
2023-05,"ENGINEERING, PROCUREMENT, AND CONSTRUCTION OF REHABILITATION AND UPGRADING TO 2-LANES/2 -LANE WITH P",MoRTH,N24000574,BIHAR,11/2013,7/2016,5/2022,683.83,828.45,768.65,0/0
2023-05,REHABILITATION AND UPGRADATION OF NONGSTOIN TO WAHKAJI SECTION OF PROJECT ROAD KM 0.000 TO KM 43.06,MoRTH,N24001441,MEGHALAYA,8/2020,2/2022,-,302.88,-,91.62,0/0
2023-05,WIDENING FROM TWO LANE TO TWO LANE WITH PAVED SHOULDER FROM KM 34/000 TO 49/000 AND TWO LANE TO FOUR,MoRTH,N24001454,TAMIL NADU,2/2022,8/2022,-,184.15,-,65.74,0/4
2023-05,6 LANING FROM KM 9.90 TO KM 19.948 (ARAMGARH-SAMSHABAD SECTION) OF HYDERABAD- SAMSHABAD SECTION OF NH,MoRTH,N24000987,TELANGANA,1/2018,5/2020,12/2022,283.15,-,247.57,0/0
2023-05,REHABILITAITON AND UPGRADATION OF REPALLE TO EEPPURPALEM SECTION FROM KM 128/927 TO KM 195/000 OF NH,MoRTH,N24000970,ANDHRA PRADESH,1/2017,1/2018,-,576.48,-,614.74,3/4
2023-05,NAIGAONBANDI TO MANGRULPIR,MoRTH,N24001094,MAHARASHTRA,12/2017,3/2019,-,244.04,244.00,177.94,0/0
2023-05,KARAD TO TAGAON,MoRTH,N24001053,MAHARASHTRA,1/2017,6/2019,-,537.81,538.00,245.41,2/4
2023-05,PARSHURAM GHAT TO ARAWALI,MoRTH,N24001133,MAHARASHTRA,4/2016,12/2019,-,983.14,"2,226.11","1,108.30",2/4
2023-05,CONSTRUCTION OF MISSING LINKS (SINGLE LANE) IN LAKHPAT GADULI HAJIPIR ODMA KHAVDA DHOLAVIRA MAUVANA,MoRTH,N24000925,GUJARAT,10/2018,5/2019,9/2023,400.76,394.44,270.96,3/4
2023-05,REHABILITATION AND UPGRADING TO 2 LANES/2 LANE WITH PAVED SHOULDERS (KM 40 TO KM 219.945) OF NH-104,MoRTH,N24000531,BIHAR,1/1991,/,5/2023,319.68,404.10,401.17,0/0
2023-05,WIDENING AND STRENGTHENING TO TWO LANE WITH PAVED SHOULDERS FROM KM 491/000 TO KM 525/200 OF RAIPUR,MoRTH,N24001385,ANDHRA PRADESH,6/2020,5/2021,-,221.40,-,164.19,2/4
2023-05,KOLDE TO KHETIYA,MoRTH,N24001090,MAHARASHTRA,1/2017,7/2019,-,509.18,-,283.13,2/4
2023-05,BALANCE WORK 2-LANING OF LALPUL MANMAO CHANGLANG ROAD (NH-215) ON EPC MODE IN THE STATE OF ARUNACH,MoRTH,N24001372,ARUNACHAL PRADESH,2/2021,3/2024,-,588.09,-,242.80,0/0
2023-05,KATOL TO WARUD,MoRTH,N24001019,MAHARASHTRA,1/2017,6/2019,-,463.62,664.00,265.78,2/4
2023-05,4-LANNING OF NH17 AND NEW NO. NH66 FROM KM 241/300 TO 281/300 UNDER HYBRID ANNUITY MODE,MoRTH,N24000585,MAHARASHTRA,3/2016,/,-,"1,101.58",-,608.53,0/0
2023-05,STRENGTHENING AND WIDENING TO TWO LANE WITH PAVED SHOULDERS FROM KM.106.00 TO 153.00 OF NH-218 BIJAP,MoRTH,N24000334,KARNATAKA,3/2015,11/2015,6/2023,165.67,-,126.47,0/0
2023-05,RISOD TO HINGOLI,MoRTH,N24001149,MAHARASHTRA,2/2018,12/2019,-,355.99,-,247.60,0/0
2023-05,CHIKALI TO DHAD,MoRTH,N24001061,MAHARASHTRA,3/2018,12/2019,-,189.46,189.00,111.73,2/4
2023-05,UPGRADATION OF MORENA-PORSA ROAD TO 2L + PS,MoRTH,N24000872,MADHYA PRADESH,3/2018,8/2018,8/2021,166.21,-,155.10,0/0
2023-05,CONSTRUCTION OF MAJOR BRIDGE WITH APPROACHES ACROSS PRANHITA RIVER AT KM 57.300 ON NH-63(16),MoRTH,N24000252,MAHARASHTRA,3/2015,/,-,168.30,-,100.56,0/4
2023-05,WIDENING OF EXISTING ROAD TO 2 LANE WITH PAVED SHOULDER FROM HUKANJURI TO KHONSA SECTION OF NH-315A,MoRTH,N24001376,ARUNACHAL PRADESH,3/2021,3/2027,-,182.55,-,67.16,0/0
2023-05,SATARA TO MHASWAD,MoRTH,N24001092,MAHARASHTRA,1/2017,7/2019,-,653.46,-,369.62,2/4
2023-05,WIDENING OF EXISTING SINGLE LANE / INTERMEDIATE LANE ROAD TO 2 LANE FROM KM 101 TO KM 125 OF NH 61 I,MoRTH,N24001465,NAGALAND,6/2020,9/2024,-,252.19,-,0.28,0/0
2023-05,WIDENING TO 4/6/8 LANES OF EXISTING NH-17 FROM KM 522/615 (NEAR GMC) TO KM 530/850 JOINING NEW ZUIAR,MoRTH,N24000516,GOA,12/2015,/,-,819.95,-,709.30,0/0
2023-05,SANGOLA TO JATH,MoRTH,N24001052,MAHARASHTRA,1/2018,12/2019,-,257.38,257.00,166.31,2/4
2023-05,WIDENING TO 2LPS FROM 173/37 TO 229/40 OF NH-59 IN THE STATE OF ODISHA,MoRTH,N24000916,ODISHA,3/2018,8/2018,6/2023,214.23,-,179.48,0/0
2023-05,BALANCE WORK FOR REHABILITATION AND UPGRADATION OF SATNA-BELA SECTION OF NH-75 FROM KM. 155.0 TO KM.,MoRTH,N24001151,MADHYA PRADESH,11/2017,3/2018,3/2022,392.33,-,420.20,0/0
2023-05,INDAPAUR TO AGARDANDA,MoRTH,N24001025,MAHARASHTRA,1/2017,7/2019,-,355.17,-,318.68,4/4
2023-05,"DEVELOPMENT OF 4-LANING SECTION OF NH-31 FROM KM 551.36 (GHOSHPUKUR) TO KM 563.26 (BIHAR MORE, BAGDO",MoRTH,N24000883,WEST BENGAL,3/2018,10/2020,3/2022,254.30,-,161.26,0/0
2023-05,WIDENING TO TWO LANE WITH PAVED SHOULDER FROM KM 544.200 TO KM 594.000 OF NH-150A HOSMANE CROSS – PA,MoRTH,N24001156,KARNATAKA,1/2017,9/2017,5/2023,166.67,-,192.08,0/0
2023-05,DHANGIPIMPRI TO JALNA AND AMBAD CHOWK TO MANTH CHOWK,MoRTH,N24001064,MAHARASHTRA,3/2018,2/2020,-,217.14,217.00,157.89,2/4
2023-05,CONSTRUCTION OF BRIDGE INCLUDING APPROACHES ACROSS RIVER ZUARI ON NH-17 (NH-66) ON PANJIM-MANGALORE,MoRTH,N24000444,GOA,10/2015,/,-,936.40,-,708.69,0/0
2023-05,WAKAN PALI KHOPOLI,MoRTH,N24001026,MAHARASHTRA,1/2017,5/2019,-,376.19,-,113.66,2/4
2023-05,IMPROVEMENT AND UPGRADATION TO TWO LANE WITH PAVED SHOULDER CONFIGURATION FROM EXISTING KM 55.00 TO,MoRTH,N24001469,UTTAR PRADESH,11/2021,5/2024,-,307.11,-,6.88,0/0
2023-05,PARLI PIMPLA DAHIGUDA,MoRTH,N24001138,MAHARASHTRA,2/2017,6/2019,-,205.72,206.00,85.71,2/4
2023-05,SAKOLI TO BHANDARA,MoRTH,N24001118,MAHARASHTRA,1/2017,6/2019,-,362.96,-,273.57,2/4
2023-05,CONSTRUCTION OF A NEW 2-LANE HIGHWAY FROM KM 0.00 (ON NH-54 NEAR LAWNGTLAI),MoRTH,N24000415,MIZORAM,8/2010,10/2010,6/2023,195.04,434.65,415.11,0/0
2023-05,ALLAHGANJ TO MIRANPUR KATRA SECTION OF NH-730C FROM KM.52.770 TO 114.00,MoRTH,N24001463,UTTAR PRADESH,4/2020,7/2024,-,294.84,-,227.18,0/0
2023-05,UPGRADATION OF PACHORE- SHUJALPUR ROAD TO 2L + PS,MoRTH,N24000881,MADHYA PRADESH,11/2017,2/2018,9/2021,184.62,-,145.45,0/0
2023-05,UPGRADATION OF REWA-SIRMOUR ROAD TO 2L + PS,MoRTH,N24000870,MADHYA PRADESH,3/2018,3/2018,10/2021,162.56,-,137.52,0/0
2023-05,UPGRADATION OF PAWAI-SALEHA- JASSO-NAGOD ROAD TO 2L + PS,MoRTH,N24000888,MADHYA PRADESH,3/2018,3/2018,6/2022,214.69,-,92.62,0/0
2023-05,CONSTRUCTION OF ROB AND ITS APPROACHES IN LIEU OF UNMANNED LEVEL CROSSING AT KM 303.9 ON NH-60 (PAND,MoRTH,N24000885,WEST BENGAL,3/2016,9/2023,11/2022,160.27,-,64.78,0/0
2023-05,CONSTRUCTION OF 6 LANE BRIDGE ON GANGA ON NH-96 AND ITS APPROACHES IN PHAPHAMAU ALLAHABAD ON EPC MOD,MoRTH,N24001421,UTTAR PRADESH,7/2018,2/2024,-,"1,948.25",-,"1,234.11",0/0
2023-05,MAHAD TO RAIGAD FORT,MoRTH,N24001038,MAHARASHTRA,7/2018,5/2020,-,237.40,-,73.12,2/4
2023-05,TALEGAON TO GONAPUR,MoRTH,N24001096,MAHARASHTRA,1/2018,3/2019,-,264.41,264.00,200.42,0/0
2023-05,REHABILITATION AND UPGRADATION OF NH-221 FROM KM 121/0 TO 165/00 (OF VIJAYAWADA- JAGDALPUR RUDRAMPUR,MoRTH,N24000247,TELANGANA,10/2014,2/2017,12/2022,295.47,-,221.36,0/1
2023-05,CONSTRUCTION OF 4-LANE BYPASS TO VIJAYANAGARAM TOWN ON NH43 (NEW NH26) FROM 537/6 TO 552/0 (RAIPUR-V,MoRTH,N24000933,ANDHRA PRADESH,2/2017,11/2017,-,429.43,-,375.02,3/4
2023-05,KOLHA TO NASRATPUR,MoRTH,N24001111,MAHARASHTRA,4/2016,4/2019,-,281.78,282.00,77.83,2/4
2023-05,WIDENING AND STRENGTHENING,,,,1/2018,12/2019,-,230.03,-,229.07,0/0
2023-05,REHABILITATION AND UPGRADATION OF 2 LANE WITH PAVED SHOULDER FROM EXISTING KM. 195.175 TO KM. 220.00,MoRTH,N24000782,UTTARAKHAND,3/2018,/,-,460.73,-,0.00,0/0
2023-05,BHANDARA TO GHOTITOK,MoRTH,N24001018,MAHARASHTRA,1/2017,6/2019,-,392.83,393.00,274.75,0/0
2023-05,REHABILITATION AND UPGRADATION TO 2-LANE WITH PAVED SHOULDER CONFIGURATION OF NANDAKUMAR-CONTAI-CHAN,MoRTH,N24000876,WEST BENGAL,1/2017,9/2019,3/2022,396.86,-,325.22,0/0
2023-05,UPGRADATION OF MAKSUDANGARH-SIRONJ ROAD TO 2L + PS,MoRTH,N24000894,MADHYA PRADESH,2/2018,3/2018,11/2021,279.44,-,234.24,0/0
2023-05,PARTUR TO MAJALGAON,MoRTH,N24001034,MAHARASHTRA,1/2017,7/2019,-,420.57,-,270.28,3/4
2023-05,CONSTRUCTION OF FOUR-LANE ELEVATED VIADUCT FROM KM.4+634 TO KM.6+345 ON NH-24A INCLUDING RETAINING W,MoRTH,N24001424,UTTAR PRADESH,3/2021,9/2023,-,185.09,-,112.88,0/0
2023-05,UP-GRADATION TO TWO LANING WITH PAVED SHOULDER OF AJMER- NAGAUR SECTION BY EXECUTING BALANCE WORK FRO,MoRTH,N24001241,RAJASTHAN,3/2020,8/2020,-,255.23,-,295.01,3/4
2023-05,REHABILITATION AND UP GRADATION OF 2 LANE/ 2 LANE WITH PAVED SHOULDER FROM EXISTING KM. 172.900 TO K,MoRTH,N24000780,UTTARAKHAND,2/2018,/,4/2023,293.68,-,201.20,0/0
2023-05,AKOT TO ANJANGAON,MoRTH,N24001006,MAHARASHTRA,1/2017,6/2019,-,245.77,246.00,221.84,2/4
2023-05,NAGAJ TO VAIJAPUR,MoRTH,N24001023,MAHARASHTRA,1/2017,6/2019,-,376.72,377.00,273.87,2/4
2023-05,WIDENING TO 2 LANE WITH PAVED SHOULDERS FROM KM 0 TO 54 OF NH-50 UNDER EPC MODE IN THE STATE OF KARN,MoRTH,N24001164,KARNATAKA,10/2016,3/2017,7/2022,396.96,-,332.58,0/0
2023-05,WIDEINING TO TWO/FOUR LANE WITH PAVED SHOULDERS FROM EXISTING KM 180.60 TO KM 223.00 OF NH-63 ON NIZ,MoRTH,N24000981,TELANGANA,10/2016,3/2019,4/2023,248.83,-,162.43,0/0
2023-05,REHABILITATION AND UPGRADATION OF NH -565 FROM KM 1.00 TO 86.057 (NAKREKAL TO NAGARJUNSAGAR DAM SECT,MoRTH,N24000245,TELANGANA,1/2014,3/2016,9/2019,270.00,-,0.00,1/4
2023-05,UMARIYA TO SHAHDOL SECTION OF NH-78 IN MADYA PRADESH KM 68/4 TO 142/200,MoRTH,N24000513,MADHYA PRADESH,3/2015,8/2017,12/2023,511.83,-,455.78,0/0
2023-05,CONSTRUCTION OF MARGOA WESTERN BYPASS FOR NH-17 (NEW NH-66 ) FROM KM. 26 /200 ( CHAINAGE 00/00) TO K,MoRTH,N24000257,GOA,3/2015,/,12/2021,298.33,354.43,399.84,0/4
2023-05,BHOKAR TO SARSAM,MoRTH,N24001128,MAHARASHTRA,2/2017,7/2019,-,295.09,-,186.27,2/4
2023-05,CONSTRUCTION OF A NEW 4 LANE BRIDGE PARALLEL TO EXISTING MG SETU WITH ITS APPROACHES FROM KM 0.00,MoRTH,N24001201,BIHAR,2/2019,/,-,"2,926.42",-,761.87,0/0
2023-05,WIDENING TO TWO LANE WITH PAVED SHOULDERS FROM KM 20.150 TO KM 40.00 OF BC ROAD KOTTIGEHARA SECTION,MoRTH,N24001159,KARNATAKA,1/2018,7/2018,3/2022,159.70,-,144.98,0/0
2023-05,WIDENING TO 2 LANES WITH PAVED SHOULDERS FROM KM.87/000 TO 133/720 (NATTUKAL TO THANAU JN. IN PALAKK,MoRTH,N24001369,KERALA,2/2017,8/2017,3/2022,294.28,296.53,264.70,0/0
2023-05,NANDGAON TO MORSHI,MoRTH,N24001014,MAHARASHTRA,1/2017,6/2019,-,385.87,386.00,258.29,0/0
2023-05,WIDENING TO TWO LANE WITH PAVED SHOULDERS FROM KM 0/970 TO KM 40/410 OF JANAGAON- THIRUMALAGIRI OF NH,MoRTH,N24000983,TELANGANA,1/2017,10/2019,10/2019,196.52,-,123.57,0/0
2023-05,MEHKAR TO AJISPUR,MoRTH,N24001048,MAHARASHTRA,1/2017,7/2019,-,232.77,-,151.60,0/0
2023-05,KARAD TO VITA,MoRTH,N24001049,MAHARASHTRA,1/2018,12/2019,-,344.85,245.00,281.41,2/4
2023-05,VADPALE TO BHOGAN KHURD,MoRTH,N24001115,MAHARASHTRA,1/2017,11/2019,-,"1,598.47","1,560.00","1,277.25",2/4
2023-05,WIDENING TO 2-LANE WIH PAVED SHOULDER FROM KM. 544.20 TO 594.00 (HOSAMANE CROSS TO PANDAVAPURA) SECT,MoRTH,N24001387,KARNATAKA,1/2017,9/2017,6/2023,264.34,-,192.08,0/0
2023-05,4L+PS OF NH -58 FROM BEAWAR- GOMTI (OLD CH KM 58.245 TO KM. 108.600) PKG-I.,MoRTH,N24001411,RAJASTHAN,12/2020,10/2021,-,379.23,-,121.70,0/0
2023-05,REHABILITATION AND UPGRADATION OF MACHILIPATNAM,,,,11/2016,8/2017,-,376.25,-,396.39,3/4
2023-05,REHABILITATION AND UPGRADATION OF NH 78 FROM KM 469.000 TO 531.000 PATTHALGAON TO KUNKURI,MoRTH,N24001222,CHHATTISGARH,3/2016,7/2016,-,452.94,-,179.60,0/0
2023-05,CONSTRUCTION OF 2-LANE MAJOR BRIDGE INCLUDING APPROACHESOVER BRAHMAPUTRA BETWEEN MAJULI ON NORTH BAN,MoRTH,N24001408,ASSAM,2/2021,7/2025,-,925.47,-,76.63,0/0
2023-05,4L+PS OF NH -58 FROM BEAWAR- GOMTI (OLD CH KM 108.600 TO KM 144 KM 158.419 TO KM 173.300 PKG- II.,MoRTH,N24001412,RAJASTHAN,12/2020,10/2021,-,339.65,-,149.39,0/0
2023-05,REHABILITATION AND UPGRADATION OF NEW NH-544E FROM KM. 0.000 TO KM 56.803 OF KODIKONDA - MADAKASIRA,MoRTH,N24000939,ANDHRA PRADESH,3/2018,11/2018,-,504.19,504.00,516.39,4/4
2023-05,KALMATH TO ZARAP,MoRTH,N24001137,MAHARASHTRA,9/2016,3/2020,-,"1,338.13","2,617.44","1,346.39",5/5
2023-05,NALDURG TO AKKALKOT,MoRTH,N24001051,MAHARASHTRA,2/2018,12/2019,-,274.50,275.00,143.39,2/4
2023-05,CONSTRUCTION OF A NEW 4 LANE MAJOR BRIDGE ACROSS RIVER KOSI AT PHULAUT INCLUDING RHABILITATION AND,MoRTH,N24000943,BIHAR,9/2018,/,-,"1,478.40",-,568.23,0/0
2023-05,SHIVUR TO YEOLA,MoRTH,N24001059,MAHARASHTRA,3/2018,12/2019,-,181.08,-,97.86,2/4
2023-05,REHABILITATION AND UPGRADATION OF NEW NH-544DD FROM DESIGN CHAINAGE KM 56.00 TO 102.20 OF KALYANDURG,MoRTH,N24000937,ANDHRA PRADESH,3/2018,8/2018,-,289.67,290.00,250.65,3/4
2023-05,BARASGAON TO RAHATEE,MoRTH,N24001113,MAHARASHTRA,7/2016,9/2018,-,289.11,290.00,232.56,2/4
2023-05,CONSTRUCTION OF MAJOR BRIDGE AT KM 180.865 ACROSS RIVER KRISHNA ON NH-167 HAGARI – JADERCELA SECTION,MoRTH,N24001173,KARNATAKA,2/2017,5/2019,-,157.32,188.00,43.16,0/0
2023-05,KANTE TO WAKED,MoRTH,N24001134,MAHARASHTRA,3/2016,11/2019,-,"1,230.02","1,230.00",791.80,2/4
2023-05,CONSTRUCTION OF RING ROAD FOR RAEBARELI CITY (PHASE -I) ON EASTERN SIDE OF NH 24B,MoRTH,N24000331,UTTAR PRADESH,12/2019,4/2022,-,282.41,-,296.89,0/0
2023-05,BALANCE WORK OF 2-LANING OF LONGDING– TISSA- KHONSA ROAD (NH-215) ON EPC MODE IN THE STATE OF ARUNAC,MoRTH,N24001373,ARUNACHAL PRADESH,1/2020,2/2024,-,358.26,-,307.96,0/0
2023-05,PATGAON KHOPOLI SECTION I,MoRTH,N24001028,MAHARASHTRA,1/2018,12/2019,-,170.00,-,125.80,2/4
2023-05,HIMAYATNAGAR TO PHULSAWANGI,MoRTH,N24001081,MAHARASHTRA,3/2018,12/2019,-,294.87,295.00,183.17,2/4
2023-05,REHABILITATION AND UPGRADATION OF LOSARI- MACHAVARAM SECTION FROM KM34/230 TO KM84/550 OF NH214(NH216,MoRTH,N24000967,ANDHRA PRADESH,3/2016,9/2016,-,444.84,-,419.37,3/4
2023-05,4 LANING OF ITANAGAR TO BANDARDEWA SECTION OF NH-415 FROM KM 40+430 TO KM 51+735 (PACKAGE B) ON EPC,MoRTH,N24001375,ARUNACHAL PRADESH,6/2020,3/2027,-,496.47,-,103.11,0/0
2023-05,BARELA-MANDLA SECTION OF NH- 12A IN MADHYA PRADESH KM 22/8 TO KM 89/6 OF NH-12A,MoRTH,N24000378,MADHYA PRADESH,6/2015,/,3/2021,390.51,-,306.63,0/0
2023-05,JALGAON TO NANDURA,MoRTH,N24001088,MAHARASHTRA,3/2018,12/2019,-,177.84,177.00,110.20,0/0
2023-05,MANTHA TALUKAS BORDER TO PARTUR,MoRTH,N24001033,MAHARASHTRA,1/2017,7/2019,-,486.19,-,315.19,3/4
2023-05,NASRATPUR TO BARASGAON,MoRTH,N24001112,MAHARASHTRA,7/2016,9/2019,-,406.54,407.00,274.30,3/4
2023-05,REHABILITATION AND UPGRADATION OF KARNATATKA/AP BORDER-GOOTY SECTION FROM KM 368.920 TO KM 424.225 O,MoRTH,N24000940,ANDHRA PRADESH,3/2016,5/2016,-,995.09,995.00,643.54,3/4
2023-05,ARNI TO NAIGAINBANDI,MoRTH,N24001093,MAHARASHTRA,12/2017,12/2019,-,309.94,310.00,207.17,0/0
2023-05,AHMADPUR TO PIMPLA,MoRTH,N24001029,MAHARASHTRA,1/2017,8/2019,-,422.38,-,256.59,3/4
2023-05,CONSTRUCTION OF 2 LANE ROAD OF POTIN TO PANGIN SECTION OF NH 13 FROM KM 163.59 TO KM 206.66 (PACKAGE,MoRTH,N24001297,ARUNACHAL,3/2019,3/2027,-,450.65,-,253.55,0/0
2023-05,CONSTRUCTION OF 2 LANE ROAD OF POTIN TO PANGIN SECTION OF NH 13 FROM KM 247.05 TO KM 284.92 (PACKAGE,MoRTH,N24001294,ARUNACHAL PRADESH,3/2019,3/2027,-,560.39,-,491.12,0/0
2023-05,KARWANDI TO RAJURI,MoRTH,N24001058,MAHARASHTRA,3/2018,12/2019,-,276.95,277.00,160.17,2/4
2023-05,ANJANGAON TO MAH/MP BORDER,MoRTH,N24001007,MADHYA PRADESH,1/2017,6/2019,-,359.00,359.00,326.56,2/4
2023-05,KOTHARI TO DHANORA,MoRTH,N24001073,MAHARASHTRA,9/2018,8/2020,-,301.38,301.00,240.32,0/0
2023-05,WIDENING TO 2-LANE WITH PAVED SHOULDERS FROM KM 119/017 TO KM 161/300 ON NH 85 (OLD NH 49),MoRTH,N24001370,KERALA,2/2017,9/2017,1/2022,380.76,372.87,313.19,0/0
2023-05,CONSTRUCTION OF 4 LANE ELEVATED VIADUCT AT KM. 7.500 MUNSHI PULIA OF NH-24A,MoRTH,N24001460,UTTAR PRADESH,12/2021,9/2024,-,170.60,-,27.48,0/0
2023-05,WIDENING OF PACHPADRA- BAGUNDI SECTION TO 4 LANE FROM KM 73/60 TO 95/70 OF NH-25 ON EPC MODE IN THE,MoRTH,N24001528,RAJASTHAN,1/2022,12/2024,-,194.88,-,7.40,0/0
2023-05,FOUR LANING OF OTTANCHATRAM TO PALANI SECTION FROM KM 30/700 TO KM 55/000 OF NH 209(NEW NH-83) INCLU,MoRTH,N24001829,TAMIL NADU,10/2022,11/2024,-,172.15,-,0.00,0/4
2023-05,REHABILITATION AND UP GRADATION TO 2 LANE WITH PAVED SHOULDER OF NH-703A FROM MAKHU (DESIGN CH 0 000,MoRTH,N24000910,PUNJAB,3/2018,11/2020,-,170.57,192.48,94.84,0/1
2023-05,WIDENING TO TWO LANE WITH PAVED SHOULDER FROM KM 4.40 TO KM 56.00 OF NH-218 BIJAPURA- HUBLI SECTION U,MoRTH,N24001172,KARNATAKA,1/2017,8/2017,6/2022,291.49,-,238.77,0/0
2023-05,WIDEINING TO TWO/FOUR LANE WITH PAVED SHOULDERS FROM EXISTING KM 182.120 TO KM 227.600 OF NH-167 ON,MoRTH,N24000980,TELANGANA,10/2016,2/2019,6/2022,298.32,-,171.24,0/0
2023-05,PANDHARPUR TO SANGOLA,MoRTH,N24001102,MAHARASHTRA,7/2017,7/2019,-,218.38,-,182.63,2/4
2023-05,RECONSTRUCTION WITH GEOMETRIC IMPROVEMENT OF EXISTING 2 LANE/INTERMEDIATE LANE TO 2LANE WITH PAVED S,MoRTH,N24000775,UTTARAKHAND,6/2017,6/2019,3/2023,282.08,-,206.46,0/0
2023-05,JINTUR TO PARBHANI,MoRTH,N24001039,MAHARASHTRA,1/2017,/,-,356.66,-,209.48,2/4
2023-05,REHABILITATION AND UPGRADATION OF NH219(NEW NH42) FROM KM 244.930 TO 299.775 (MADANAPALLI PUNGANURU,MoRTH,N24000929,ANDHRA PRADESH,9/2016,2/2017,-,372.68,-,274.76,4/4
2023-05,"ENGINEERING, PROCUREMENT, AND CONSTRUCTION OF REHABILITATION AND UPGRADING TO 2-LANES/2 -LANE WITH P",MoRTH,N24000576,BIHAR,2/2016,5/2016,6/2023,178.85,225.06,227.48,0/0
2023-05,REHABILITATION AND UPGRADATION OF NH 43 KANKER TO BEDMA SECTION KM. 130 TO 180,MoRTH,N24001217,CHHATTISGARH,1/2016,8/2016,-,497.14,-,309.42,0/0
2023-05,CONSTRUCTION OF 2 LANE WITH PAVED SHOULDER FROM KM. 168 TO 183.783 (YESEMYONG TO UNGER) ON MOKOKCHUN,MoRTH,N24001179,NAGALAND,3/2017,11/2020,2/2023,217.35,-,191.92,0/0
2023-05,FOUR LANING OF GAYA-HISUA- RAJGIRI-NALANDA-BIHARSHARIF SECTION (KM0.00 TO 92.935) ON NH- 82 IN BIHAR,MoRTH,N24000579,BIHAR,1/2014,10/2016,-,"1,408.85","2,138.16","1,535.17",0/0
2023-05,WIDENING OF EXISTING SINGLE/INTERMEDIATE LANE ROAD TO 2 LANE ROAD FROM KM. 83.00 TO KM 101.00 ON NH-,MoRTH,N24001180,NAGALAND,3/2019,12/2022,-,237.51,-,200.01,0/0
2023-05,REHABILITATION AND UPGRADATION OF NH-167 FROM DESIGN KM.187.723 TO 234.434 (MIRYALAGUDA TO KODAD SEC,MoRTH,N24000993,TELANGANA,3/2018,9/2020,6/2022,322.81,-,301.35,0/0
2023-05,4-LANING OF ITANAGAR TO BANDARDEWA SECTION OF NH-415 FROM KM 51+700 TO KM 59+199 (PACKAGE-C) ON EPC,MoRTH,N24001374,ARUNACHAL PRADESH,6/2020,3/2027,-,437.60,-,210.88,0/0
2023-05,REHABILITATION AND UPGRADATION OF NH-42 FROM KM 4-350 TO KM 75-600,MoRTH,N24000422,ANDHRA PRADESH,3/2015,9/2015,-,309.01,-,0.00,0/0
2023-05,REHABILITATION AND UPGRADATION OF NH-167 FROM DESIGN KM.113.900 TO 154.479 (MALLEPALLY - HALIYA SECT,MoRTH,N24000990,TELANGANA,2/2018,11/2019,3/2022,294.13,-,267.29,0/0
2023-05,REHABILITATION AND UPGRADATION TO 2-LANE/2-LANE WITH PAVED SHOULDERS/4-LANE CONFIGURATION OF PAONTA,MoRTH,N24001381,HIMACHAL,8/2020,4/2021,-,272.98,-,159.17,0/0
2023-05,WIDENING TO 2 LANE WITH PAVED SHOULDERS FROM KM 34.00 TO 70.900 OF NH-150 UNDER EPC MODE IN THE STAT,MoRTH,N24001165,KARNATAKA,11/2016,3/2017,6/2023,314.90,-,234.09,0/0
2023-05,IMPROVEMENT AND RECONSTRUCTION TO TWO LANE WITH PAVED SHOULDERS FROM KM 489.845 (NEW KM.58.125) AN,MoRTH,N24001162,KARNATAKA,3/2018,10/2018,-,325.86,-,356.78,0/0
2023-05,AMDI TO SAONER,MoRTH,N24001021,MAHARASHTRA,1/2017,6/2019,-,396.91,397.00,289.79,4/4
2023-05,DEVELOPMENT OF CHILODA GANDHINAGAR SARKHEJ OF NH 147 OLD NH 8C FROM KM 0/0 TO KM 44/042 IN THE STATE,MoRTH,N24000922,GUJARAT,12/2017,11/2018,6/2023,867.97,913.49,766.98,4/4
2023-05,REHABILITATION AND UPGRADATION OF NH 78 FROM KM 531.250 TO KM 597.946 KUNKURI TO CG JH BORDER SECTIO,MoRTH,N24001224,CHHATTISGARH,3/2017,1/2018,-,423.79,-,324.20,0/0
2023-05,REHABILITATION AND UPGRADATION OF NH 78 FROM KM 373.505 TO 469.300 AMBIKAPUR TO PATHALGAON SECTION,MoRTH,N24001221,CHHATTISGARH,1/2016,10/2016,-,624.98,-,529.16,0/0
2023-05,CONSTRUCTION OF 2 LANE ROAD OF POTIN TO PANGIN SECTION OF NH 13 FROM KM 206.66 TO KM 247.05 (PACKAGE,MoRTH,N24001293,ARUNACHAL PRADESH,3/2019,3/2027,-,486.70,-,377.78,0/0
2023-05,WIDENING TO EXISTING SINGLE LANE /INTERMEDIATE LANE TO 2 LANE FROM KM185.00 TO KM 220.00 OF NH-61 (N,MoRTH,N24001466,NAGALAND,3/2021,7/2024,-,297.24,-,44.41,0/0
2023-05,DIGRAS DARWAH KARANJA,MoRTH,N24001013,MAHARASHTRA,1/2017,6/2019,-,391.06,391.00,263.11,0/0
2023-05,CONSTRUCTION OF 2L+PS FROM PASARLAPUDI-DHINDI (105/700 TO 127.500 OF NH-214) OF NH-216,MoRTH,N24000969,ANDHRA PRADESH,1/2017,9/2017,12/2022,263.45,263.45,161.90,1/4
2023-05,CONSTRUCTION OF BYPASS FOR PROVIDING INTER CONNECTIVITY AMONG (NHS) AROUND THE PRATAPGARH CITY (PRAT,MoRTH,N24001423,UTTAR PRADESH,4/2021,9/2023,-,309.48,-,101.22,0/0
2023-05,WIDENING TWO LANE WITH PAVED SHOULDERS FROM FROM KM.56.00 TO 106.00 OF NH-218 (218-KNT-2014- 15-775),MoRTH,N24001166,KARNATAKA,3/2015,1/2016,6/2023,159.12,-,127.72,0/0
2023-05,2L+PS FOR WORK OF NH-325 (BALOTRA TO SANDERAO VIA JALORE) BY CONSTRUCTION OF,,,,12/2021,5/2024,-,411.40,-,52.80,0/0
2023-05,CONSTRUCTION OF BYPASS TO GUDIYATHAM TOWN IN KM 23/100 – 29/250 INCLUDING LA AND SHIFTING OF NH-234,MoRTH,N24001828,TAMIL NADU,1/2022,11/2024,-,221.03,243.95,0.00,0/4
2023-05,SATARA MURVAD PILLOV PANDHARPUR,MoRTH,N24001095,MAHARASHTRA,1/2017,/,-,388.44,-,240.05,0/0
2023-05,REHABILITATION AND UP- GRADATION TO TWO LANE WITH PAVED SHOULDERS FROM KM 0/0 TO 72/6 OF NH-365 (NAKR,MoRTH,N24000996,TELANGANA,1/2017,10/2019,10/2019,605.08,-,412.60,0/0
2023-05,SHIROD SHAHPURER TO NANDED,MoRTH,N24001041,MAHARASHTRA,1/2017,7/2019,-,211.34,-,136.33,3/4
2023-05,WARDHA TO ARVI,MoRTH,N24001150,MAHARASHTRA,2/2018,4/2020,-,313.58,-,230.41,2/4
2023-05,PAITHAN TO SHIRUR,MoRTH,N24001122,MAHARASHTRA,3/2017,6/2019,-,341.80,-,203.09,2/4
2023-05,4-LANING OF DERGAON TOWN,NHIDCL,N24001435,ASSAM,3/2020,6/2022,-,287.63,-,372.56,0/4
2023-05,FOUR LANING OF BALACHERA- HARANGAJAO SECTION OF NH-54 (EXT) FROM KM 275.00 TO KM 244.000 IN THE STATE,NHIDCL,N24000902,ASSAM,10/2017,6/2020,6/2020,818.00,887.68,637.27,2/4
2023-05,SENAPATI- IMPHAL PKG-5B,NHIDCL,N24001400,MANIPUR,3/2021,1/2023,-,211.70,-,1.64,0/4
2023-05,TWO LANING OF EXISTING HAYULIANG HAWAI ROAD ON EPC BASIS FROM DESIGN KM. 34.000 TO KM. 51.825,NHIDCL,EXIST - [N24000680,ARUNACHAL PRADESH,2/2017,11/2020,6/2022,203.36,263.31,210.50,3/4
2023-05,CONSTRUCTION OF TWO LANE WITH PAVED SHOULDER OF SELLING-DULTE SECTION OF NH-06 (PKG-IV),NHIDCL,N24001283,MIZORAM,3/2020,7/2022,1/2023,281.78,-,441.66,2/4
2023-05,TULUNGIA-JOGIGHOPA-PAIKAN PKG-5,NHIDCL,N24001367,ASSAM,3/2021,12/2022,-,636.42,-,517.00,1/4
2023-05,CONSTRUCTION OF 2-LANE WITH PAVED SHOULDER OF KOHIMA- BYPASS ROAD FROM DSIGN KM32.0 TO KM43.454,NHIDCL,DES - [N24001258,NAGALAND,8/2020,4/2022,-,202.36,-,59.18,1/4
2023-05,KARGIL-ZANSKR PACKAGE-5,NHIDCL,N24001330,LADAKH,8/2020,12/2023,-,169.79,217.99,196.67,3/4
2023-05,TLABUNG - LUNGLEI PKG-B,NHIDCL,N24001359,MIZORAM,3/2021,1/2023,-,740.58,-,159.06,0/4
2023-05,FOUR LANING OF JAMMU-AKHNOOR,,,,7/2022,1/2025,-,245.34,-,0.00,0/0
2023-05,IMPROVEMENT/UPGRADATION OF EXISTING 2-LANE TO 4-LANE DIVIDED HIGHWAY FROM DAILI TO KURAOPOKPI SECTIO,NHIDCL,N24001275,MANIPUR,8/2020,4/2022,-,268.98,-,22.08,0/4
2023-05,TAMENGLONG - MAHUR PKG-1,NHIDCL,N24001402,MANIPUR,7/2021,3/2023,-,185.80,-,45.14,2/4
2023-05,UP-GRADATION TO 2-LANE WITH PAVED SHOULDER FROM KM 12.850 TO KM20.300 OF 7.450KM LENGTH ON GOHA-KHEL,NHIDCL,N24001264,JAMMU AND KASHMIR,7/2020,4/2022,6/2023,228.39,-,31.51,2/4
2023-05,CONSTRUCTION OF TWO LANE WITH PAVED SHOULDER OF SELLING-DULTE SECTION OF NH-06 (PKG-I),NHIDCL,N24001278,MIZORAM,3/2020,7/2022,4/2023,206.88,-,425.72,1/4
2023-05,IMPROVEMENT/WIDENING TO 2- LANE WITH PAVED SHOULDER FROM (DESIGN KM 10.670 TO KM 37.550) BETWEEN SHIL,NHIDCL,N24001314,MEGHALAYA,11/2020,12/2023,-,525.68,-,355.85,3/4
2023-05,FOUR LANING OF JHANJHI JN TO DEMOW SECTION FROM KM. 491.050 TO KM. 535.250(DESIGN KM 490.800 TO KM 5,NHIDCL,N24000320,ASSAM,6/2015,3/2024,-,463.49,-,277.85,2/4
2023-05,CONSTRUCTION OF TWO LANE WITH HARD SHOULDERS OF MERANGKONG-TAMLU-MON ROAD FROM EXISTING KM 20.456 TO,NHIDCL,N24000763,NAGALAND,3/2018,12/2021,8/2022,215.79,-,97.45,1/4
2023-05,2-LANING FROM YAINGANGPOKPI TO FINCH CORNER (PKG-II),NHIDCL,N24001332,ASSAM,3/2020,6/2022,-,217.50,-,48.14,1/4
2023-05,2-LANING FROM YAINGANGPOKPI TO FINCH CORNER (PKG-I),NHIDCL,N24001331,ASSAM,3/2020,6/2022,-,261.13,-,51.90,1/4
2023-05,PEREN-DIMAPUR PKG-5,NHIDCL,N24001407,NAGALAND,2/2021,3/2023,-,207.33,-,0.00,0/0
2023-05,TWO- LANE WITH PAVED SHOULDER CONFIGURATION OF IMPHAL - MOREH SECTION OF NH-39 FROM KM 330 TO KM 350,NHIDCL,N24001333,ASSAM,9/2019,5/2023,-,761.54,820.56,425.77,3/4
2023-05,KHELLANI-KHANABAL PKG-4,NHIDCL,N24001395,JAMMU AND KASHMIR,7/2021,8/2023,-,859.67,-,45.82,1/4
2023-05,CONSTRUCTION OF 2-LANING WITH HARD SHOULDERS OF ARROWA- KHUPA-HAYULIANG SECTION OF NH- 113 FROM CH.68.,NHIDCL,N24001244,ARUNACHAL PRADESH,8/2020,4/2022,5/2024,301.06,-,86.10,1/4
2023-05,2 LANE WITH PAVED SHOULDER,,,,3/2018,11/2020,-,403.36,-,328.94,3/4
2023-05,KARGIL-ZANSKR PACKAGE-1,NHIDCL,N24001343,LADAKH,3/2021,1/2023,11/2023,384.23,-,42.35,2/4
2023-05,CONSTRUCTION OF 2-LANE WITH PAVED SHOULDER INCLUDING GEOMETRIC IMPROVEMENT FROM KM 16.000 TO KM 32.5,NHIDCL,N24000768,SIKKIM,11/2017,10/2020,8/2023,290.05,-,218.36,3/4
2023-05,IMPHAL - KHONGSANG PKG-3,NHIDCL,N24001401,MANIPUR,7/2021,3/2023,-,467.00,-,139.15,2/4
2023-05,2-LANING OF CHURACHANDPUR TUIVAI SECTION OF NH-102B (PKG- IB),NHIDCL,N24001269,ASSAM,3/2020,3/2022,-,216.49,241.52,90.18,2/4
2023-05,FOUR LANING OF EXISTING DIMAPUR KOHIMA ROAD FROM DESIGN KM 152.490 TO KM 166.700 (EXISTING KM 156.00,NHIDCL,N24000688,NAGALAND,3/2016,8/2022,8/2022,429.52,562.98,267.69,3/4
2023-05,TAMENGLONG - MAHUR PKG-5,NHIDCL,N24001436,MANIPUR,8/2021,5/2023,-,477.86,-,59.45,1/4
2023-05,KHELLANI-KHANABAL PKG-1,NHIDCL,N24001323,JAMMU AND KASHMIR,3/2021,9/2022,6/2023,486.45,-,92.05,2/4
2023-05,2 LANING OF KOHIMA - JESSAMI SECTION (PACKAGE IV),NHIDCL,N24001285,NAGALAND,3/2020,12/2021,3/2023,330.78,-,199.02,4/4
2023-05,4-L DHUBRI PHULBARI BRIDGE WITH APPROACH ROAD,NHIDCL,N24001326,ASSAM,11/2020,9/2028,-,"4,997.04",-,"1,226.50",1/4
2023-05,IMPROVEMENT/WIDENING TO 2 LANING OF STRETCH FROM KHONGSANG TO TAMENGLONG OF NH-137,NHIDCL,N24001268,MANIPUR,3/2019,7/2022,-,471.00,-,319.81,4/4
2023-05,IMPROVEMENT/UPGRADATION OF EXISTING 2-LANE TO 4-LANE DIVIDED HIGHWAY FROM KURAOPOKPI TO SEKMAI SECTI,NHIDCL,N24001276,MANIPUR,8/2020,4/2022,-,228.97,-,0.00,0/4
2023-05,KAILASHAHAR TO KHOWAI PKG-5,NHIDCL,N24001308,TRIPURA,11/2020,7/2022,4/2023,332.14,-,148.07,3/4
2023-05,KARGIL-ZANSKR PACKAGE-7,NHIDCL,N24001347,LADAKH,1/2021,6/2024,-,308.86,328.60,166.04,2/4
2023-05,4 LANING OF NH 37 SECTION BETWEEN END OF MORAN BYPASS TO BOGIBEEL JUNCTION NEAR LAPETKETA (KM. 561,NHIDCL,N24000583,ASSAM,1/2016,12/2021,12/2019,252.00,330.30,146.28,2/4
2023-05,TWO LANING OF AKAJAN LIKABALI BAME ROAD ON EPC BASIS FROM EXISTING KM 71.000 TO KM 99.000 (DESIGN KM -,,,,3/2017,3/2021,12/2022,284.09,323.49,284.02,4/4
2023-05,KARGIL-ZANSKR PACKAGE-6,NHIDCL,N24001346,LADAKH,1/2021,5/2024,-,239.81,265.41,147.16,2/4
2023-05,JIA BHARALI BRIDGE ALONG WITH ITS APPROACH ROAD,NHIDCL,N24001328,ASSAM,12/2020,8/2023,-,804.00,-,480.90,2/4
2023-05,CONSTRUCTION OF TWO LANE WITH HARD SHOULDERS OF CHAKABAMA-ZUNHEBOTO ROAD FROM EXISTING KM100.345 TO,NHIDCL,N24000758,NAGALAND,3/2018,12/2021,3/2023,240.64,255.58,172.36,0/4
2023-05,KHELLANI-KHANABAL PKG-5,NHIDCL,N24001396,JAMMU AND KASHMIR,7/2021,2/2023,-,497.09,-,69.10,2/4
2023-05,CONSTRUCTION AND UPGRADATION OFEXISTINGROAD TO 2-LANE WITH PAVED SHOULDER INCLUDING GEOMETRIC IMPROV,NHIDCL,N24001262,SIKKIM,7/2020,4/2023,-,345.38,395.59,285.63,2/4
2023-05,REHABILITATION AND UPGRADATION OF EXISTING ROAD TO 2-LANE WITH PAVED SHOULDER INCLUDING GEOMETRIC IM,NHIDCL,N24001327,SIKKIM,8/2020,5/2022,-,292.80,-,72.52,1/4
2023-05,DABOKA KATHKATI PACKAGE-2,NHIDCL,N24001364,ASSAM,3/2021,1/2024,-,335.88,-,209.94,2/4
2023-05,RANIKOR- MAHESHKHOLA- BAGHMARA PKG-2,NHIDCL,N24001541,MEGHALAYA,11/2021,6/2024,-,283.50,-,85.59,0/0
2023-05,KARGIL-ZANSKR PACKAGE-8,NHIDCL,N24001348,LADAKH,3/2021,1/2023,8/2023,398.37,-,79.93,1/4
2023-05,DULTE- KWALKULH - CHAMPAI PKG.1,NHIDCL,N24001355,MIZORAM,3/2021,12/2022,5/2023,374.39,-,459.41,2/4
2023-05,DIBRUGARH-LAHOAL-CHABUA BYPASS PACKAGE-1,NHIDCL,N24001451,ASSAM,3/2022,7/2024,-,215.27,-,49.98,0/4
2023-05,AKASH BRIDGE - JESSAMI SECTION PKG-2,NHIDCL,N24001540,MANIPUR,3/2022,2/2025,-,152.11,-,0.00,0/0
2023-05,TWO LANING OF EXISTING HAYULIANG HAWAI ROAD ON EPC BASIS FROM DESIGN KM. 17.000 (KHUPA) TO KM. 34.00,NHIDCL,N24000679,ARUNACHAL PRADESH,2/2017,11/2020,1/2023,195.23,-,209.93,4/4
2023-05,JORAM – KOLORIANG ROAD FROM EXISTING KM104.850 TO KM 122.60 (PKG-6),NHIDCL,N24001392,ARUNACHAL PRADESH,8/2020,4/2022,7/2023,199.03,-,96.86,3/4
2023-05,CONSTRUCTION OF TWO LANE WITH PAVED SHOULDER OF SELLING-DULTE SECTION OF NH-06 (PKG-II),NHIDCL,N24001279,MIZORAM,3/2020,7/2022,2/2023,216.49,-,370.83,1/4
2023-05,UP-GRADATION TO 4-LANE WITH,,,,3/2018,7/2021,-,253.44,-,162.68,2/4
2023-05,2 LANING OF KOHIMA - JESSAMI SECTION (PACKAGE II),NHIDCL,N24001282,NAGALAND,3/2020,6/2022,2/2023,355.79,-,109.24,2/4
2023-05,KARGIL-ZANSKR PACKAGE-2,NHIDCL,N24001344,LADAKH,3/2021,1/2023,11/2023,404.89,-,32.98,1/4
2023-05,REHABILITATION AND UP GRADATION OF SECTION FROM KM 206.00 TO KM 242.00 (NIMBUTALA TO AUSTIN CREEK) O,NHIDCL,N24000749,ANDAMAN AND NICOBAR ISLANDS,3/2018,9/2020,-,234.27,-,121.80,3/4
2023-05,2-LANING FROM JOLAIBARI - BELONIA,NHIDCL,N24001317,TRIPURA,6/2020,1/2022,6/2023,201.99,-,102.73,2/4
2023-05,CONSTRUCTION OF 2-LANE WITH PAVED SHOULDER OF KOHIMA- BYPASS ROAD FROM DESIGN KM10.500 TO 21.00KM,NHIDCL,D - [N24001255,NAGALAND,9/2020,10/2022,-,277.44,-,121.46,2/4
2023-05,KEIFANG - TUVAI PKG-1,NHIDCL,N24001440,MIZORAM,9/2021,5/2023,-,492.94,-,264.50,0/4
2023-05,KAILASHAHAR TO KHOWAI PKG-4,NHIDCL,N24001309,TRIPURA,11/2020,6/2022,6/2023,159.13,171.50,49.83,2/4
2023-05,LADDA - BASAI,NHIDCL,N24001316,ARUNACHAL PRADESH,2/2021,4/2023,-,445.96,-,48.71,1/4
2023-05,CHURACHANPUR TUIVAI PKG-3,NHIDCL,N24001405,MANIPUR,7/2021,10/2023,-,673.27,-,258.23,1/4
2023-05,MARIAM - PEREN (PKG 1B),NHIDCL,N24001350,MANIPUR,2/2021,12/2022,-,188.36,-,81.38,2/4
2023-05,CONSTRUCTION OF 2-LANE WITH PAVED SHOULDER OF NEW GREEN FIELD ALIGNMENT FROM CHOCHENPHERI AT KM 52.0,NHIDCL,N24001338,SIKKIM,10/2020,12/2023,9/2024,816.79,786.60,174.26,1/4
2023-05,CONSTRUCTION AND UPGRADATION OF EXISTING ROAD TO 2-LANE WITH PAVED SHOULDER FROM KM27.200 (END OF RO,NHIDCL,N24001336,SIKKIM,8/2020,4/2023,9/2023,230.45,244.91,181.44,3/4
2023-05,RECONSTRUCTION WITH GEOMETRIC IMPROVEMENT OF EXISTING 2 LANE/INTERMEDIATE LANE TO 2LANE WITH PAVED S,NHIDCL,N24000821,ANDAMAN AND NICOBAR ISLANDS,11/2017,11/2019,-,257.34,-,214.90,0/0
2023-05,WIDENING AND UP-GRADATION TO 2-LANE WITH PAVED SHOULDER CONFIGURATION AND GEOMETRIC IMPROVEMENTS FRO,NHIDCL,N24000864,MIZORAM,4/2017,4/2024,-,404.29,-,771.11,2/4
2023-05,4 LANING FROM JAMUGURI TO BISWANATH CHARIALI FROM KM 182 TO KM 208 OF NH-52,NHIDCL,N24000431,ASSAM,1/1991,6/2019,6/2019,520.01,-,272.27,3/4
2023-05,2-LANING OF KHOWAI -AGARTALA SECTION FROM DESIGN KM 6.500 TO KM 19.300 OF NH-208A PKG-1,NHIDCL,N24001329,TRIPURA,3/2020,7/2022,3/2023,165.54,-,85.02,3/4
2023-05,CONSTRUCTION OF 4.5 KM LONG SILKYARA TUNNEL BETWEEN KM 25.40 TO 50.25 KM (TUNNEL WORK),NHIDCL,N24000855,UTTARAKHAND,3/2018,7/2022,7/2022,"1,383.78",-,509.74,3/5
2023-05,RISHI BORDER- ROLEP- MENLA PKG- 2A,NHIDCL,N24001361,SIKKIM,1/2021,9/2023,-,332.20,-,117.52,1/4
2023-05,WIDENING/IMPROVEMENT TO 4- LANE WITH PAVED SHOULDER FROM CH.75.330KM TO CH.88.00KM (DESIGN CH.71.800,NHIDCL,N24001248,ASSAM,8/2020,4/2022,-,208.84,-,79.71,1/4
2023-05,(I) CONSTRUCTION OF FOUR/SIX LANING FROM KM 132.375 TO KM 158.058 (TOTAL NEW ALIGNMENT LENGTH OF 20.,NHIDCL,N24000752,NAGALAND,2/2017,9/2020,8/2022,387.00,-,383.32,3/4
2023-05,4 LANING OF NH-37 SECTION BETWEEN DEMOW TO END OF MORAN BYPASS (FROM KM. 534.800 TO KM. 561.700) O,NHIDCL,N24000582,ASSAM,1/2016,1/2016,-,294.17,-,248.07,3/4
2023-05,FOUR LANING OF DIMAPUR KOHIMA ROAD FROM DESIGN KM 123.840 TO KM 138.775 (EXISTING KM 124.100 TO KM 1,NHIDCL,N24000686,NAGALAND,3/2016,9/2019,9/2019,373.07,489.01,374.84,3/4
2023-05,KHELLANI-KHANABAL PKG-2,NHIDCL,N24001394,JAMMU AND KASHMIR,7/2021,2/2023,-,512.43,-,32.40,1/4
2023-05,2 LANING OF KOHIMA - JESSAMI SECTION (PACKAGE I),NHIDCL,N24001280,NAGALAND,3/2020,6/2022,3/2023,320.97,-,155.65,3/4
2023-05,CONSTRUCTION OF 2 LANING OF EXISTING HUNLI-ANINI ROAD ON EPC BASIS FROM DESIGN KM 106.200 TO KM 120.,NHIDCL,N24000944,ARUNACHAL PRADESH,12/2016,1/2020,1/2022,200.44,200.44,146.43,3/4
2023-05,CONSTUCTION/UPGRADATION OF EXISTING HIGHWAY TO 2 LANE WITH PAVED SHOULDER FROM KM 26.10 TO KM 40.00,NHIDCL,N24001254,SIKKIM,3/2020,6/2022,-,242.97,-,165.78,2/4
2023-05,TWO-LANING OF HAYULIANG– HAWAI BYPASS ROAD ON EPC BASIS FROM DESIGN KM. 51.825 TO,,,,1/2017,5/2023,5/2023,256.66,-,0.00,1/4
2023-05,WIDENING AND UP-GRADATION TO 2-LANE WITH PAVED SHOULDER CONFIGURATION AND GEOMETRIC IMPROVEMENTS FRO,NHIDCL,N24000862,MIZORAM,4/2017,4/2023,-,537.82,-,"1,118.02",2/4
2023-05,CONSTRUCTION OF TWO LANE WITH PAVED SHOULDER OF SELLING-DULTE SECTION OF NH-06 (PKG-III),NHIDCL,N24001281,MIZORAM,3/2020,7/2022,4/2023,292.24,-,384.69,1/4
2023-05,REHABILITATION AND UPGRADATION OF ROAD FROM KM 0.00 TO KM 18.600 OF KUMARGHAT- KAILASHAHAR SECTION,NHIDCL,N24001263,TRIPURA,6/2020,1/2022,-,277.50,302.02,190.71,2/4
2023-05,2 LANING OF KOHIMA - JESSAMI SECTION (PACKAGE V),NHIDCL,N24001287,NAGALAND,4/2020,12/2021,12/2022,330.80,-,83.11,2/4
2023-05,2 LANING FROM MANU-SIMLUNG PKG-2,NHIDCL,N24001542,TRIPURA,2/2022,1/2025,-,456.88,-,6.04,0/0
2023-05,MARIAM - PEREN PKG-1A,NHIDCL,N24001349,MANIPUR,2/2021,12/2022,-,226.32,-,43.17,1/4
2023-05,CONSTRUCTION OF TWO LANE WITH HARD SHOULDERS OF MERANGKONG-TAMLU-MON ROAD FROM EXISTING KM 41.065 TO,NHIDCL,N24000764,NAGALAND,3/2018,10/2022,10/2022,272.89,-,137.63,0/4
2023-05,CONSTRUCTION OF 2-LANE SPECIFICATION ROAD WITH PAVED SHOULDER AS REALIGNMENT (GREENFIELD ALIGNMENT),NHIDCL,N24001325,SIKKIM,9/2020,5/2023,-,262.84,414.20,178.80,1/4
2023-05,KHELLANI-KHANABAL PKG-6,NHIDCL,N24001324,JAMMU AND KASHMIR,2/2021,9/2022,-,285.28,-,210.67,3/4
2023-05,UP-GRADATION TO 2-LANE WITH PAVED SHOULDER FROM KM 20.300 TO KM 29.030 OF 8.730 KM LENGTH ON GOHA-K,NHIDCL,N24001266,JAMMU AND KASHMIR,7/2020,4/2022,5/2023,210.79,-,42.68,2/4
2023-05,MARIAM - PEREN (PKG 2A),NHIDCL,N24001398,MANIPUR,7/2021,3/2023,-,204.58,-,126.78,3/4
2023-05,2-LANING OF KHOWAI -AGARTALA SECTION FROM DESIGN KM 31.300 TO KM 45.300 OF NH-208A PKG-3,NHIDCL,N24001318,TRIPURA,9/2020,4/2022,10/2022,173.17,-,56.31,1/4
2023-05,WIDENING AND UP-GRADATION TO 2-LANE WITH PAVED SHOULDER CONFIGURATION AND GEOMETRIC IMPROVEMENTS FRO,NHIDCL,N24000858,MIZORAM,4/2017,7/2023,-,640.07,-,"1,676.63",1/4
2023-05,CONSTRUCTION OF TWO LANE WITH PAVED SHOULDERS OF JORAM KOLORIANG ROAD (NH 713),,,,2/2017,4/2022,7/2023,167.28,229.70,133.64,3/4
2023-05,DABOKA KATHKATI PACKAGE-5,NHIDCL,N24001366,ASSAM,3/2021,1/2023,-,288.85,-,109.31,0/4
2023-05,CONSTRUCTION OF 2-LANING WITH HARD SHOULDERS OF DEMWE- BRAHMAKUND SECTION OF NH-13 FROM CH.0.00 KM TO,NHIDCL,N24001245,ARUNACHAL PRADESH,9/2020,5/2022,10/2022,353.90,-,41.82,1/4
2023-05,RANIKOR-MAHESHKHOLA- BAGHMARA (RMB) PKG-3,NHIDCL,N24001360,MEGHALAYA,3/2021,12/2022,-,260.21,-,141.41,2/4
2023-05,DULTE- KWALKULH - CHAMPAI PKG.2,NHIDCL,N24001356,MIZORAM,3/2021,12/2022,7/2023,233.25,-,258.09,2/4
2023-05,4 LANING FROM RANGAGARA TO KALIABHOR TINALI FROM KM 297.00 TO KM 315.315 OF NH-37 ON EPC BASIS.,NHIDCL,N24000438,ASSAM,12/2015,12/2018,7/2021,289.99,-,205.24,2/4
2023-05,DEMBUEN - BRUNI,NHIDCL,N24001321,ARUNACHAL PRADESH,12/2020,3/2023,-,606.63,606.63,260.46,3/4
2023-05,OUR LANNNING OF DOLABARI TO JAMUGURI SECTION FROM KM 17.300 OF NH 37A TO KM 182.00 OF NH52 IN THE ST,NHIDCL,N24001196,ASSAM,3/2017,8/2023,-,"1,049.51",-,285.19,2/4
2023-05,"2 LANE WITH HARD SHOLDER , REHABILITATION AND UP GRADATION OF SECTION FROM KM 242.0 TO KM 298.0 OF N",NHIDCL,N24000745,ANDAMAN AND NICOBAR ISLANDS,3/2017,12/2019,-,409.85,-,207.65,3/4
2023-05,KAILASHAHAR TO KHOWAI PKG-3,NHIDCL,N24001310,TRIPURA,11/2020,7/2022,4/2023,280.91,296.48,185.35,3/4
2023-05,CONSTRUCTION OF 2-LANE WITH HARD SHOULDER OF PEREN- DIMAPUR SECTION ON NH129A FROM DESIGN KM109.494 T,NHIDCL,N24001260,NAGALAND,9/2020,4/2022,2/2023,257.15,-,124.52,2/4
2023-05,CONSTRUCTION AND UPGRADATION OFEXISTINGROAD TO 2-LANE WITH PAVED SHOULDER INCLUDING GEOMETRIC IMPROV,NHIDCL,N24001261,SIKKIM,8/2020,4/2023,-,311.00,273.78,174.91,2/4
2023-05,UPGRADATION OF EXISTING ROAD TO 2-LANE WITH PAVED SHOULDER FROM KOHIMA TO MAO FROM KM 185.540 TO KM,NHIDCL,N24001259,NAGALAND,9/2020,4/2022,-,315.63,-,31.10,1/4
2023-05,IMPROVEMENT/WIDENING TO 2-L WITH PAVED SHOULDER FROM (DESIGN KM 0.00 TO KM 10.670) / 4- LANING FROM (,NHIDCL,N24001313,MEGHALAYA,11/2020,12/2023,-,351.12,-,181.82,0/4
2023-05,IMPROVEMENT/UPGRADATION OF,,,,8/2020,4/2022,-,379.39,-,186.51,1/4
2023-05,CONSTRUCTION OF 2-LANE ROAD WITH PAVED SHOULDER (GREENFIELD ALIGNMENT) OF EXISTING STRETCH BETWEEN L,NHIDCL,N24001322,SIKKIM,9/2020,5/2022,-,183.31,439.56,315.92,1/4
2023-05,IMPHAL - KHONGSANG PKG-4,NHIDCL,N24001453,MANIPUR,8/2021,12/2023,-,579.63,-,53.90,1/4
2023-05,TAMENGLONG - MAHUR PKG-3,NHIDCL,N24001354,MANIPUR,3/2021,12/2022,-,234.08,-,102.14,2/4
2023-05,DABOKA KATHKATI PACKAGE-4,NHIDCL,N24001365,ASSAM,2/2021,12/2023,-,260.07,-,284.93,3/4
2023-05,TLABUNG - LUNGLEI PKG-A,NHIDCL,N24001358,MIZORAM,3/2021,12/2022,10/2023,698.44,-,201.38,1/4
2023-05,2-LANING FROM MANU-SIMLUNG ( PKG I),NHIDCL,N24001247,TRIPURA,3/2020,1/2022,10/2022,247.76,251.89,128.44,3/4
2023-05,WIDENING AND UP-GRADATION TO 2-LANE WITH PAVED SHOULDER CONFIGURATION AND GEOMETRIC IMPROVEMENTS FRO,NHIDCL,N24000863,MIZORAM,4/2017,6/2023,-,518.53,-,"1,136.99",2/4
2023-05,CONSTRUCTION OF 2 LANING OF EXISTING HUNLI-ANINI ROAD ON EPC BASIS FROM DESIGN KM 53.500 TO KM 92.50,NHIDCL,N24000948,ARUNACHAL PRADESH,9/2016,12/2019,3/2023,568.92,568.92,493.58,3/4
2023-05,TWO LANING OF JORAM KOLORIANG ROAD (NH 713) ON EPC BASIS FROM DESIGN KM. 138+000 TO KM. 154+036,NHIDCL,EX - [N24000683,ARUNACHAL PRADESH,2/2017,11/2023,11/2023,180.57,244.10,91.43,2/4
2023-05,2-LANING OF CHURACHANDPUR TUIVAI SECTION OF NH-102B (PKG- 2B),NHIDCL,N24001271,MANIPUR,6/2020,8/2022,-,365.53,-,142.51,2/4
2023-05,WIDENING AND UP-GRADATION TO 2-LANE WITH PAVED SHOULDER CONFIGURATION AND GEOMETRIC IMPROVEMENTS FRO,NHIDCL,N24000865,MIZORAM,4/2017,9/2023,-,428.11,-,788.88,2/4
2023-05,IMPROVEMENT/WIDENING TO 2- LANE WITH EARTHEN SHOULDERS FROM RANIKOR TO NONGJRI EXISTING CHAINAGE FROM,NHIDCL,N24000903,MEGHALAYA,3/2019,3/2022,-,306.28,-,196.68,3/4
2023-05,CHANGTONGYA TO LONGLENG ROAD PKG-2,NHIDCL,N24001389,NAGALAND,3/2020,6/2022,9/2022,206.53,-,98.69,3/4
2023-05,2 LANING OF KOHIMA - JESSAMI SECTION (PACKAGE III),NHIDCL,N24001284,NAGALAND,3/2020,6/2022,6/2023,361.53,-,101.45,2/4
2023-05,CONSTRUCTION OF 2-LANING WITH HARD SHOULDER ROAD OF UKHRUL - TOLOI - TADUBI SECTION OF NH- 102A FROM,NHIDCL,N24001473,MANIPUR,9/2021,2/2024,-,310.76,-,66.01,0/0
2023-05,CONSTRUCTION OF 2 LANE WITH HARD SHOULDER FROM DESIGN CHAINAGE KM 283.000 TO KM 325.440 (5- LEGGED J,NHIDCL,N24001475,NAGALAND,3/2022,12/2024,-,605.36,-,67.23,0/0
2023-05,TAMENGLONG - MAHUR PKG-6,NHIDCL,N24001437,MANIPUR,9/2021,5/2023,-,311.18,-,81.34,2/4
2023-05,WIDENING AND UP-GRADATION TO 2-LANE WITH PAVED SHOULDER CONFIGURATION AND GEOMETRIC IMPROVEMENTS FRO,NHIDCL,N24000857,MIZORAM,4/2017,4/2023,-,519.09,-,948.72,1/4
2023-05,FOUR LANING OF NH-52 FROM END OF BISWANATH CHARIALI BY-PASS (KM 208.00) TO GOHPUR (KM 265.50) (TOTAL,NHIDCL,N24000823,ASSAM,3/2015,1/2016,-,829.00,-,796.84,2/3
2023-05,CONSTRUCTION OF MAJOR BRIDGE OVER MIDDLE STRAIT CREEK BETWEEN KM. 106.590 TO KM. 107.762 OF NH 223 (,NHIDCL,N24000744,ANDAMAN AND NICOBAR ISLANDS,3/2015,1/2022,-,262.97,-,92.73,2/4
2023-05,WIDENING AND UP-GRADATION TO 2-LANE WITH PAVED SHOULDER CONFIGURATION AND GEOMETRIC IMPROVEMENTS FRO,NHIDCL,N24000859,MIZORAM,4/2017,6/2023,-,642.96,-,963.99,1/4
2023-05,TADADEGE - HENKAR,NHIDCL,N24001315,ARUNACHAL PRADESH,2/2021,3/2023,-,550.45,-,44.14,1/4
2023-05,2-LANING OF CHURACHANDPUR TUIVAI SECTION OF NH-102B (PKG- 4B),NHIDCL,N24001273,MANIPUR,7/2020,8/2022,-,177.76,-,70.23,2/4
2023-05,"CONSTRUCTION, OPERATION AND MAINTENANCE OF Z-MORH TUNNEL INCLUDING APPROACHES ON NH-01 SRINAGAR-SONA",NHIDCL,N24001253,JAMMU AND KASHMIR,12/2019,12/2023,-,"2,680.42",-,0.00,2/4
2023-05,IMPHAL - KHONGSANG PKG-2,NHIDCL,N24001353,MANIPUR,3/2021,12/2022,-,195.14,-,34.94,1/4
2023-05,JORAM – KOLORIANG ROAD FROM EXISTING KM122.600 TO KM138.00 (PKG-7),NHIDCL,N24001393,ARUNACHAL PRADESH,8/2020,4/2022,11/2023,184.88,-,69.84,2/4
2023-05,IMPHAL - KHONGSANG PKG-6,NHIDCL,N24001539,MANIPUR,12/2021,2/2025,-,504.76,-,0.00,0/0
2023-05,2-LANING OF CHURACHANDPUR,,,,3/2020,6/2022,-,292.24,-,127.86,3/4
2023-05,CONSTRUCTION AND UPGRADATION OF EXISTING ROAD TO 2 LANE WITH PAVED SHOULDER FROM KM 368.00 TO KM 399,NHIDCL,N24000741,UTTARAKHAND,3/2018,11/2020,12/2022,274.31,-,240.98,3/4
2023-05,JORAM – KOLORIANG ROAD FROM EXISTING KM 50.050 TO KM 70.00 (PKG-3),NHIDCL,N24001390,ARUNACHAL PRADESH,8/2020,4/2022,7/2023,228.71,-,88.24,3/4
2023-05,2 LANE WITH PAVED SHOULDER FROM KM 430.00 TO KM 468.00 OF CHAMOLI TO PAINI UNDER CHARDHAM PARIYOJNA,NHIDCL,N24000743,UTTARAKHAND,3/2018,11/2020,12/2022,417.24,-,337.20,3/4
2023-05,MARAM - PEREN PKG-3,NHIDCL,N24001439,MANIPUR,8/2021,5/2023,-,467.41,-,100.89,2/4
2023-05,TULUNGIA-JOGIGHOPA-PAIKAN ROAD PKG-7,NHIDCL,N24001368,ASSAM,3/2021,1/2024,-,286.72,-,36.03,0/4
2023-05,JOGIGHOPA BRIDGE,NHIDCL,N24001434,ASSAM,8/2021,11/2024,-,746.76,-,130.90,0/4
2023-05,MARIAM - PEREN PKG-2B,NHIDCL,N24001351,MANIPUR,2/2021,12/2022,-,232.26,-,113.16,3/4
2023-05,FOUR LANING OF SRIRAMPUR- DHUBRI PKG-2,NHIDCL,N24001544,ASSAM,3/2022,1/2025,-,909.02,-,17.02,0/0
2023-05,DABOKA KATHKATI PACKAGE-7,NHIDCL,N24001537,ASSAM,11/2021,7/2024,-,204.10,-,48.42,0/0
2023-05,KHELLANI-KHANABAL PKG-3,NHIDCL,N24001341,JAMMU AND KASHMIR,3/2021,12/2022,-,398.51,-,50.21,2/4
2023-05,IMPHAL – MOREH PACKAGE- 3,NHIDCL,N24001352,MANIPUR,3/2021,12/2022,-,259.31,-,129.70,3/4
2023-05,RISHI BORDER- ROLEP- MENLA PKG- 3B,NHIDCL,N24001362,SIKKIM,12/2020,2/2024,2/2024,410.60,379.30,142.99,1/4
2023-05,CONSTRUCTION OF (I) CONNECTING ROAD FROM Z-MORH TUNNEL TO ZOJILA TUNNEL AND (II) 14.150 KM LONG BI-D,NHIDCL,N24001256,JAMMU AND KASHMIR,8/2020,9/2026,-,"6,808.69",-,"1,878.42",3/7
2023-05,2-LANING OF CHURACHANDPUR TUIVAI SECTION OF NH-102B (1A PACKAGES),NHIDCL,N24001312,MANIPUR,3/2020,6/2022,-,167.95,-,84.16,4/4
2023-05,4 LANING OF JORHAT TO JHANJI SECTION FROM KM. 453.00 TO KM. 491.08 (DESIGN KM 403.200 TO KM 454.240),NHIDCL,N24000319,ASSAM,6/2015,8/2023,-,437.39,-,222.62,1/4
2023-05,FOUR LANING OF NUMALIGARH TO,,,,5/2015,5/2018,-,454.89,-,498.38,3/4
2023-05,WIDENING TO 2-LANE WITH GEOMETRIC IMPROVEMENTS OF TURA DALU ROAD UNDER JICA FUNDING FROM KM 85.000 T,NHIDCL,N24000771,MEGHALAYA,4/2017,9/2021,9/2021,553.51,610.09,279.63,2/4
2023-05,2-LANING OF CHURACHANDPUR TUIVAI SECTION OF NH-102B (PKG- 4A),NHIDCL,N24001272,MANIPUR,3/2020,6/2022,-,167.95,204.12,77.72,2/4
2023-05,CONSTRUCTION OF TWO LANE WITH HARD SHOULDERS OF CHAKABAMA-ZUNHEBOTO ROAD FROM EXISTING KM 52.370 TO,NHIDCL,N24000756,NAGALAND,3/2018,9/2022,1/2023,285.68,-,145.80,2/4
2023-05,CONSTRUCTION OF TWO LANE WITH HARD SHOULDERS OF CHAKABAMA-ZUNHEBOTO ROAD FROM EXISTING KM 79.040 TO,NHIDCL,N24000757,NAGALAND,3/2018,12/2021,3/2023,315.03,-,198.46,0/4
2023-05,MERANGKONG-TAMLU-MON (MTM) PKG-5,NHIDCL,N24001438,NAGALAND,7/2021,12/2023,-,161.73,-,32.41,1/4
2023-05,CONSTRUCTION AND UPGRADATION OF EXISTING ROAD TO 2-LANE WITH PAVED SHOULDER FROM NEW ROLEP BRIDGE AT,NHIDCL,N24001337,SIKKIM,10/2020,11/2023,-,493.42,478.79,222.11,1/4
2023-05,CONSTRUCTION OF TWO LANE WITH HARD SHOULDERS OF MERANGKONG-TAMLU-MON ROAD FROM EXISTING KM 60.345 TO,NHIDCL,N24000765,NAGALAND,3/2018,9/2018,6/2023,323.98,-,70.01,0/4
2023-05,REHABILITATION AND UP- GRADATION OF ROAD FROM DESIGN KM 11.800 TO KM 25.250 OF KAILASHAHAR-KURTI BRID,NHIDCL,N24001267,TRIPURA,3/2020,7/2022,3/2023,178.43,-,66.79,2/4
2023-05,JORAM – KOLORIANG ROAD FROM EXISTING KM 70.00 TO KM 88.700 (PKG-4),NHIDCL,N24001391,ARUNACHAL PRADESH,8/2020,4/2022,7/2023,294.04,-,127.01,3/4
2023-05,2-LANING OF CHANGTONGYA TO LONGLENG ROAD OF NH-702 (PKG-I),NHIDCL,N24001286,NAGALAND,3/2020,6/2022,10/2022,278.95,-,160.97,3/4
2023-05,IMPHAL - KHONGSANG PKG-5,NHIDCL,N24001538,MANIPUR,12/2021,5/2024,-,410.68,-,28.99,0/0
2023-05,DIBRUGARH-LAHOAL-CHABUA BYPASS PACKAGE-2,NHIDCL,N24001452,ASSAM,4/2022,7/2024,-,170.95,-,12.78,0/4
2023-05,DONIPAWA TO ASHAJIPORA BYPASS PKG-7,NHIDCL,N24001342,JAMMU AND KASHMIR,3/2021,12/2022,-,260.40,-,148.92,1/4
2023-05,TAMENGLONG - MAHUR PKG-2,NHIDCL,N24001403,MANIPUR,7/2021,3/2023,-,483.87,-,184.35,2/4
2023-05,IMPROVEMENT/WIDENING TO 2- LANE WITH PAVED SHOULDER FROM (DESIGN KM 45.760 TO KM 63.530) BETWEEN SHIL,NHIDCL,N24001334,MEGHALAYA,11/2020,12/2023,-,445.51,-,190.95,1/4
2023-05,RANIKOR-MAHESHKHOLA- BAGHMARA (RMB) PKG-4 (KANAI- RONGARA),NHIDCL,N24001339,MEGHALAYA,10/2020,4/2022,-,157.86,-,91.39,2/4
2023-05,CONSTUCTION/UPGRADATION OF EXISTING HIGHWAY TO 2 LANE WITH PAVED SHOULDER FROM KM 13.00 TO KM 25.600,NHIDCL,N24001252,SIKKIM,8/2020,4/2023,8/2023,295.97,-,186.07,2/4
2023-05,CONSTUCTION/UPGRADATION OF EXISTING HIGHWAY TO 2 LANE WITH PAVED SHOULDER FROM KM 0.00 TO KM 13.00 N,NHIDCL,N24001251,SIKKIM,3/2019,4/2022,-,402.94,-,176.92,2/4
2023-05,MANU-SIMLUNG ( PKG 4),NHIDCL,N24001363,TRIPURA,3/2021,12/2022,6/2023,354.79,-,32.46,1/4
2023-05,4 LANING FROM KALIABOR TINALI TO DOLABARI SECTION FROM KM 0.0 TO KM 17.3 OF NH 37A INCL. ADDITIONAL,NHIDCL,N24000323,ASSAM,10/2014,11/2018,2/2022,588.95,811.28,640.89,3/4
2023-05,(II) CONSTRUCTION OF DIMAPUR BYPASS (ASSAM PORTION) OF 4/6 LANE PAVEMENT ON EPC BASIS FROM EXISTING,NHIDCL,N24000753,NAGALAND,3/2018,11/2022,6/2023,500.09,583.31,290.43,2/4
2023-05,DULTE- KWALKULH - CHAMPAI PKG.3,NHIDCL,N24001357,MIZORAM,3/2021,6/2023,-,674.71,-,900.79,2/4
2023-05,REHABILITATION AND UPGRADATION OF ROAD FROM DESIGN KM 0.00 TO KM 11.800 OF KAILASHAHAR-KURTI BRIDGE,NHIDCL,N24001265,TRIPURA,3/2020,7/2022,3/2023,154.51,-,59.80,3/4
2023-05,2-LANING FROM MANU-SIMLUNG ( PKG III),NHIDCL,N24001249,TRIPURA,6/2020,1/2022,4/2023,347.36,-,201.03,3/4
2023-05,GOHA-KHELLANI PKG-3,NHIDCL,N24001397,JAMMU AND KASHMIR,2/2021,3/2023,5/2023,431.28,-,153.87,2/4
2023-05,WIDENING AND UP-GRADATION TO 2-LANE WITH PAVED SHOULDER CONFIGURATION AND GEOMETRIC IMPROVEMENTS FRO,NHIDCL,N24000861,MIZORAM,4/2017,4/2023,-,473.18,-,852.23,2/4
2023-05,DABOKA KATHKATI PACKAGE-6,NHIDCL,N24001450,ASSAM,9/2021,7/2024,-,625.64,-,243.51,0/4
2023-05,CONSTRUCTION OF CHHIATHLANG - SERCHHIP BYPASS (PKG-1) ON,,,,9/2020,10/2022,7/2023,275.02,-,267.82,1/4
2023-05,DOGINALA - GAU,NHIDCL,N24001320,ARUNACHAL PRADESH,12/2020,9/2022,-,242.30,-,21.47,1/4
2023-05,REHABITITATION AND UP GRADATION OF NONGSTOIN- RAMBRAI-KYRSHAI ROAD UP TO MEGHALAYA-ASSAM BORDER FROM,NHIDCL,N24001474,MEGHALAYA,9/2021,5/2024,-,359.86,-,148.81,0/0
2023-05,PEREN-DIMAPUR SECTION PKG-2,NHIDCL,N24001406,NAGALAND,7/2021,3/2023,2/2023,258.52,-,57.58,0/4
2023-05,KARGIL-ZANSKR PACKAGE-3,NHIDCL,N24001345,LADAKH,8/2020,1/2023,10/2023,381.01,-,69.89,1/4
2023-05,AJANTHA TO BULDHANA,NHIDCL,N24001008,ANDAMAN AND NICOBAR ISLANDS,2/2017,7/2019,-,401.00,401.00,260.08,2/4
2023-05,CONSTRUCTION OF 2-LANE WITH PAVED SHOULDER INCLUDING GEOMETRIC IMPROVEMENT FROM KM 0.000 TO KM 16.00,NHIDCL,N24000767,SIKKIM,3/2017,4/2022,5/2022,375.80,-,264.35,2/4
2023-05,4-LANING OF HAPACHARA - TULUNGIA SECTION,NHIDCL,N24001246,ASSAM,3/2020,12/2022,-,220.20,-,163.08,2/4
2023-05,FOUR LANING OF DIMAPUR KOHIMA ROAD FROM DESIGN KM 138.775 TO KM 152.490 (EXISTING KM 140.000 TO KM 1,NHIDCL,N24000687,NAGALAND,3/2016,8/2019,8/2019,396.52,519.72,329.67,3/4
2023-05,REHABILITATION AND UP GRADATION OF SECTION FROM KM 107.760 TO KM 129.445 (AFTER MIDDLE STRAIT TO HUM,NHIDCL,N24000748,ANDAMAN AND NICOBAR ISLANDS,2/2018,9/2020,-,391.00,-,167.53,2/4
2023-05,TAMENGLONG - MAHUR PKG-4,NHIDCL,N24001404,MANIPUR,7/2021,3/2023,-,198.77,-,49.73,2/4
2023-05,PATAS-VASUNDE PHATA - BARAMATI BYPASS,NHAI,N24001501,MAHARASHTRA,9/2021,9/2023,9/2023,531.86,532.41,458.94,0/0
2023-05,4LBERKHEDI TO GODPEHRA NH-44,NHAI,N24001614,MADHYA PRADESH,2/2022,11/2024,-,524.84,-,"1,583.31",0/0
2023-05,BALANCE WORK OF 4L OF INDORE- GUJARAT/MP BORDER FROM KM 106.210 TO KM 115.250 (START AND END POINT OF,NHAI,N24001768,MADHYA PRADESH,8/2019,4/2023,-,323.51,-,0.00,0/0
2023-05,4L OF SANNUR TO BIKARNAKATTE SECTION FROM KARKALA TO MANGALORE,NHAI,N24001680,KARNATAKA,3/2021,10/2024,-,"1,409.68",-,446.80,0/4
2023-05,REHABILITATION AND UPGRADATION OF CUTTACK ANGUL SECTION OF NH-42 (NEW NH-55) TO,,,,12/2017,7/2020,-,686.65,565.00,461.14,0/0
2023-05,SIX LANE OF PALSIT TO DANKUNI SECTION FROM 588.870 TO KM. 652.700,NHAI,N24001747,WEST BENGAL,3/2020,9/2024,-,"2,193.23","2,314.00","1,025.78",0/0
2023-05,SANCHORE - SANTALPUR FROM KM 4.888 - KM 35.000 OF NH-754K (AJ- RGBS-PACKAGE-1),NHAI,N24001791,GUJARAT,2/2020,6/2023,-,606.51,-,408.03,0/0
2023-05,FOUR LANING OF GHAGHRA BRIDGE TO VARANASI (PKG-II),NHAI,N24000499,UTTAR PRADESH,12/2015,6/2018,5/2023,667.00,"3,192.10","3,022.15",0/0
2023-05,SIX LANING FROM START OF VALANCHERY BYPASS TO KAPPIRIKKAD-SECTION OF NH- 66(OLD NH-17) FROM DESIGN CH,NHAI,N24001659,KERALA,2/2021,7/2024,-,"3,375.31",-,"1,716.84",0/0
2023-05,THOPPUR METTUR BHAVANI ERODE SECTION OF NH 544H FOR A LENGTH OF 85 KM,NHAI,N24001716,TAMIL NADU,7/2022,8/2023,-,186.50,-,0.00,0/0
2023-05,CONSTRUCTION OF FOUR LANE EXPRESSWAY FROM START OF SARDAR PATEL RING ROAD TO SINDHREJ VILLAGE (CH. 0,NHAI,N24001443,GUJARAT,5/2020,3/2024,-,690.30,-,205.07,2/4
2023-05,UPGRADATION 2/4 LANE NH CONNECTIVITY UNDER SAGARMALA SCHEME SH 2 HAVERI YEKAMBI SH 69 YEKAMBI KUMTA,NHAI,N24001682,KARNATAKA,3/2022,3/2024,-,294.62,-,4.82,0/4
2023-05,KANPUR LUCKNOW EXPRESSWAY PKG-1 CONSTRUCTION OF 6-LANE TO EIGHT LANE OF KANPUR LUCKNOW EXPRESSWAY (N,NHAI,N24001745,UTTAR PRADESH,12/2021,7/2025,7/2025,"1,972.10",-,59.91,0/0
2023-05,8L OF GUDUVANCHERY (KM 38.00) - MARAIMALAI NAGAR (KM 42.00) - SINGAPERUMAL KOIL (47.00) - CHETTIPU,NHAI,N24001695,TAMIL NADU,12/2020,2/2022,-,230.69,-,174.08,0/0
2023-05,6L OF MH/KN BORDER (NIMBAL VILLAGE) TO KN/TS BORDER (SINGNODI VILLAGE) FROM KM. 26.000 TO KM. 97.000,NHAI,N24001676,KARNATAKA,12/2022,6/2025,-,"2,718.46",-,0.00,0/0
2023-05,4-LANNING OF RAIPUR-KODEBAD SECTION OF NH-43 (FROM KM. 10.200 TO KM. 43.400) IN THE STATE OF CHHATTI,NHAI,N24000629,MAHARASHTRA,11/2016,3/2019,6/2023,400.25,-,299.26,0/0
2023-05,PACKAGE-23 CONSTRUCTION OF DELHI-VADODARA EIGHT LANE ACCESS- CONTROLLED EXPRESSWAY FROM BAWDI VILLAG,NHAI,N24001233,MADHYA PRADESH,3/2019,5/2020,3/2023,"1,047.00",-,"1,169.00",2/3
2023-05,4/6L OF SPUR TO HARIDWAR (GREENFIELD) FROM KM. 0.000 TO KM. 49.000,NHAI,N24001628,MULTI STATE,11/2021,2/2025,-,"2,155.95",-,718.17,0/0
2023-05,DEVELOPMENT OF SIX LANE JHANKI SARGI OF NH 130 CD FROM KM.0+000 TO 42+800 UNDER RAIPUR VISAKHAPATTNA,NHAI,N24001593,CHHATTISGARH,11/2021,9/2024,-,"1,368.19",-,543.17,0/0
2023-05,4L GREENFIELD SPUR FROM DELHI- VADODARA GREENFIELD EXPRESSWAY NEAR BANDIKUI TO JAIPUR,NHAI,N24001557,RAJASTHAN,3/2022,11/2024,-,"1,636.15",-,77.89,0/0
2023-05,DELHI-AMRITSAR-KATRA EXPRESSWAY FROM JUNCTION WITH PATIALA-BATHINDA ROAD (NH- 7) NEAR BHAWANIGARH TO,NHAI,N24001415,PUNJAB,12/2020,4/2024,7/2024,881.00,-,453.14,1/1
2023-05,4L OF EXISTING 2/4L STRETCH FROM LONAND TO DIVE GHAT (KM 166.400 TO KM 220.900 ) OF MOHOL – ALANDI S,NHAI,N24001610,MAHARASHTRA,1/2022,5/2024,5/2024,"1,833.73",-,81.55,0/0
2023-05,4L FROM KM 196.87 (SANKHA) TO KM 219.6 (KHAJURI) ON NH-75,- [N24001590],REHLA / GARHWA BYPASS,NHAI,9/2020,10/2023,-,748.99,-,667.55,0/0
2023-05,2L PS SRIGANGANAGAR TO RAISINGHNAGAR (DESIGN CHAINAGE -0.500 KM TO DESIGN CHAINAGE 101.000 KM) (PACK,NHAI,N24001559,RAJASTHAN,9/2021,6/2024,-,672.35,-,181.83,0/0
2023-05,VARANASI RING ROAD (PKG-II) CONNECTING SANDAHA VILLAGE (KM 11.70 / NH-29) WITH REVASA VILLAGE (KM 81,NHAI,N24001826,UTTAR PRADESH,2/2019,2/2022,-,927.77,-,"1,093.12",0/0
2023-05,FOUR LANING OF MAMALLAPURAM TO MUGAIYUR SECTION OF NH332A FROM KM 0.000 TO KM 31.000,NHAI,N24001721,TAMIL NADU,2/2019,5/2024,-,"1,008.99",-,12.42,0/0
2023-05,4-LANING OF MEERUT NAJIBABAD SECTION FROM KM. 11.500 TO KM 39.250 AND KM 86.590 TO KM. 112.545.IN TH,NHAI,N24001755,UTTAR PRADESH,10/2019,3/2023,-,"1,936.68",-,"1,380.90",0/0
2023-05,CONSTRUCTION OF EIGHT LANE ACCESS CONTROLLED EXPRESSWAY CARRIAGEWAY FROM JODMI VILLAGE TO BANI VILLA,NHAI,N24001213,MADHYA PRADESH,12/2017,2/2022,11/2022,"1,094.97",-,"1,188.00",3/4
2023-05,CONSTRUCTION OF EMERGENCY LANDING FACILITY FROM KM. 246.60 TO KM. 249.70 ON SRINAGAR - BANIHAL SECTI,NHAI,N24001624,JAMMU AND KASHMIR,7/2019,10/2020,4/2023,157.05,-,108.15,4/4
2023-05,4L OF MALOUT-MANDI DABWALI SECTION PKG-01 DANEWALA AT KM,,,,12/2020,6/2023,6/2023,366.85,366.85,247.03,0/0
2023-05,RENIGUNTA - POYYA - NAIDUPETA KM 124.60 TO KM 183.4 OF NH 71 - N/04027/06001/AP,NHAI,N24001824,ANDHRA PRADESH,3/2020,1/2024,1/2022,"1,863.09",-,766.80,0/0
2023-05,DELHI-VADODARA GREENFIELD ALIGNMENT (NH-148N) (PKG-14) (CH. 388.420 TO CH. 419.000),NHAI,JUNCTION WITH N - [N24001568,RAJASTHAN,11/2019,5/2023,10/2023,"1,119.35",-,"1,040.27",0/0
2023-05,6 L OF AURANGABAD TO BIHAR- JHARKHAND BORDER (CHORDAHA) SECTION FROM KM. 180.000 TO KM. 209.827 OF N,NHAI,N24001703,BIHAR,2/2022,5/2025,-,786.81,787.00,0.00,0/0
2023-05,6L MINOR BRIDGE (PALOLI PALAM) AT KM. 203.160 and MAJOR BRIDGE (MORAD) AT KM. 204.895 AND ALLIED WOR,NHAI,N24001652,KERALA,3/2020,6/2022,-,210.37,213.06,171.16,0/0
2023-05,FOUR LANING OF AURANGABAD- PAITHAN SECTION OF NH-752E ON EPC MODE IN THE STATE OF MAHARASHTRA .,NHAI,N24001795,MAHARASHTRA,10/2022,7/2024,-,490.40,-,0.00,0/0
2023-05,UPGRADATION AND 4L OF HARIDWAR BYPASS FROM KM 0.000 (KM 188.100 OF NH-58) TO KM. 15.100 (KM 5.100 OF,NHAI,N24001526,UTTARAKHAND,8/2021,10/2024,10/2024,"1,377.79",-,315.41,0/0
2023-05,FOUR LANING OF PURULIYA BYPASS SECTION OF NH 32 IN THE STATE OF WEST BENGAL ON EPC MODE,NHAI,N24001749,WEST BENGAL,8/2021,8/2023,-,557.55,-,367.40,0/0
2023-05,6L GREENFIELD BAUNSAGUAR - BARAJA SECTION OF NH-130-CD ROAD FROM KM 293+000 TO KM 338+500 (PACKAGE –,NHAI,N24001678,ODISHA,8/2021,6/2024,-,"1,460.00","1,460.00",0.00,0/0
2023-05,SIX LANNING FROM KM. 401.200 TO 494.410 OF NH-8 ON HYBRID ANNUITY MODE UNDER NHDP- V(PKG VI)REG.,NHAI,N24000649,GUJARAT,1/2017,12/2020,6/2023,"1,251.11",-,545.17,3/4
2023-05,6L ACCESS CONTROL GREENFIELD HIGHWAY OF VILL-LOHADDA TO VILL-KARAUNDA MAHAJAN FROM KM. 27.000 TO KM.,NHAI,N24001734,UTTAR PRADESH,3/2022,8/2024,-,"1,335.45",-,159.33,0/0
2023-05,4L OF HP/PUNJAB BO4L OF HP/PUNJAB BORDER - MO FROM KM. 11.00 TO KM. 42.00 OF OLD NH-20 (NEW NH-154),NHAI,N24001812,HIMACHAL PRADESH,3/2021,5/2024,-,"1,002.11","1,247.93",28.29,0/0
2023-05,CONSTRUCTION OF EIGHT LANE ACCESS CONTROLLED EXPRESSWAY CARRIAGEWAY FROM BANI VILLAGE TO BARDAWADI V,NHAI,N24001212,MADHYA,12/2017,11/2022,-,656.98,-,"1,103.00",2/4
2023-05,4L OF KARWAR (KM. 281.980 OF NH- 62 NAGAUR ROAD) TO DANGIYAVAS OF JODHPUR RING ROAD (PKG-II),NHAI,N24001558,RAJASTHAN,11/2021,8/2024,-,736.75,-,32.15,0/0
2023-05,4L MISSING LINK (OF REWA BYPASS) FROM JN. WITH NH 30 NEAR BELA TO JN. WITH MPRDC RING ROAD (NEAR SIL,NHAI,N24001617,MADHYA PRADESH,2/2021,1/2023,-,197.87,-,15.17,0/0
2023-05,CONSTRUCTION OF 4 LANE ELEVATED HIGHWAY AND AT- GRADE IMPROVEMENTS AT GOPALGANJ TOWN FROM DESIGN CH:,NHAI,N24001702,BIHAR,12/2021,9/2024,-,184.90,185.00,73.23,0/0
2023-05,4L GREENFIELD A. MALOUT BYPASS FROM CH. KM 44.500 TO CH. KM 35.500 ON NH-07 AND CH. KM 0.000 TO KM 6,NHAI,N24001638,PUNJAB,11/2021,7/2024,7/2024,646.42,646.42,0.00,0/0
2023-05,REHABILITATION AND UP- GRADATION OF BIRAMITRAPUR TO BRAHMANI BYPASS (PKG-I),NHAI,N24000699,ODISHA,7/2017,11/2020,6/2021,476.56,780.37,311.77,0/0
2023-05,SIX LANING OF HAPUR BYPASS TO MORADABAD SECTION INCLUDING HAPUR BYPASS FROM KM 50.000 (DESIGN CHAINA,NHAI,N24000798,UTTAR PRADESH,3/2018,11/2021,-,"2,140.93",-,"1,910.70",0/0
2023-05,HOSPET-BELLARY-KARNATAKA AP BORDER,NHAI,N24000603,KARNATAKA,8/2016,3/2019,5/2025,"1,167.42",-,393.73,2/4
2023-05,NAGPUR RING ROAD PACKAGE-1,NHAI,N24000558,MAHARASHTRA,3/2016,7/2019,7/2023,546.00,-,429.22,2/3
2023-05,DELHI-AMRITSAR-KATRA EXPRESSWAY (PHASE-II PKG-XIV) FROM JUNCTION WITH PATHANKOT- GURDASPUR ROAD (NH-5,NHAI,N24001551,JAMMU AND KASHMIR,10/2021,9/2024,-,"3,044.02","3,044.02",214.77,0/0
2023-05,CONSTRUCTION OF FOUR LANE RINGROAD BYPASS SRINAGAR CITY,NHAI,N24001511,JAMMU AND KASHMIR,3/2021,2/2024,2/2024,"2,919.96",-,"1,595.85",2/4
2023-05,4 LANING OF JAGADHRI TAJEWALA ROAD SECTION OF NH 907 (OLD NH 73A) UNDER NH(O) (PKG 1) IN THE STATE O,NHAI,N24001635,HARYANA,3/2022,2/2025,-,"1,269.50",-,0.00,0/0
2023-05,6L OF HATIBENA - BADAKUMARI SECTION FROM KM 146.50 TO KM 179.00 OF NH-130-CD (PACKAGE – OD-2),NHAI,N24001671,ODISHA,2/2021,3/2024,-,925.00,-,0.00,0/0
2023-05,ALIGARH-KANPUR SECTION PACKAGEV FROM MITRASEN- KANPUR,NHAI,N24001740,UTTAR PRADESH,10/2019,9/2023,-,"2,325.28",-,"1,766.19",0/0
2023-05,4L OF INDAPUR TO TONDLE (PKG-III) FROM KM.84.550 TO KM. 131.00 OF,,,,9/2021,9/2023,9/2023,667.66,666.21,301.63,0/0
2023-05,4-LANNING OF KODEBAD-DHAMTARI SECTION OF NH-43 (FROM KM. 43.400 TO KM. 82.209) IN THE STATE OF CHHAT,NHAI,N24000630,MAHARASHTRA,11/2016,3/2019,-,446.17,-,302.13,0/0
2023-05,6-LANING OF EXISTING 2-LANE (I) NANDIGAMA BYPASS FROM KM 220.700 TO KM 226.600 (DESIGN CHAINAGE FROM,NHAI,N24000718,ANDHRA PRADESH,12/2017,6/2019,5/2023,328.67,416.07,333.18,0/0
2023-05,FOUR LANING OF AMRITSAR BYPASS FROM NEW TARN TARAN ROAD TO AJNALA ROAD FROM DESIGN KM. 0.750 TO DESI,NHAI,N24001642,PUNJAB,2/2021,8/2024,-,"1,474.77",-,125.85,0/0
2023-05,6L FROM BELGAUM TO SANKESHWAR BYPASS FROM KM 515.000 TO KM 555.017 OF NH 48,NHAI,N24001679,KARNATAKA,10/2022,4/2025,-,"1,479.30",-,56.07,0/4
2023-05,VADODARA MUMBAI EXPRESSWAY (PHASE II - PKG XI),(GANJAD - TALSARI) - [N24001504],KM. 77.000 TO KM. 103.400,NHAI,5/2022,5/2024,-,"1,260.00",-,268.59,0/0
2023-05,4L OF KODAD (DESIGN KM 0.00/EXISTING KM 185.00 OF NH-65) TO KHAMMAM (DESIGN KM 31.800/EXISTING KM 29,NHAI,N24001522,TELANGANA,1/2021,1/2024,-,"1,307.95",-,360.04,0/0
2023-05,CONSTRUCTION OF 8 LANE DWARKA EXPRESSWAY (NH-248BB PACKAGE IV FROM RAIL OVER BRIDGE (ROB) TILL END P,NHAI,N24000835,HARYANA,3/2018,12/2020,5/2023,"1,484.30",-,"1,192.02",0/0
2023-05,AURAD - BIDAR KM 0.00 TO KM 45.878,NHAI,N24001683,KARNATAKA,9/2021,4/2023,-,912.37,-,181.33,0/0
2023-05,UP-GRADATION TO 4-LANE WITH PAVED SHOULDER OF BHIMASAR JUNCTION OF NH-41 TO ANJAR BHUJ UPTO AIRPORT,NHAI,N24001785,GUJARAT,3/2022,6/2025,-,"1,373.06","1,085.00",54.28,0/0
2023-05,MOHOL TO WAKHARI PACKAGE1 SANT DNYANESHWAR MAHARAJ PALKHI MARG SECTION OF NH965,NHAI,N24001377,MAHARASHTRA,2/2019,1/2022,3/2023,731.89,736.02,613.93,3/3
2023-05,DEVELOPMENT OF 4L UER II,(SPUR TO BAHADURGARH BYPASS) (NH-10) FROM KM. 0.00 TO KM.7.30 - [N24001778],PACKAGE - V,NHAI,7/2020,10/2023,-,801.46,-,382.03,0/0
2023-05,BALANCE WORKS OF 4L AMRAVATI CHIKHLI (PKG IV),- [N24001802],NANDURA TO CHIKHLI FROM KM. 315.00 TO KM. 360.00,NHAI,11/2019,5/2023,-,583.61,-,231.00,0/0
2023-05,CONSTRUCTION OF EIGHT LANE ACCESS CONTROLLED EXPRESSWAY CARRIAGEWAY FROM BARDAWADI VILLAGE TO MANDSA,NHAI,N24001199,MADHYA,10/2019,12/2021,11/2022,743.88,-,832.00,2/3
2023-05,FOUR LANING OF FORBESGANJ - JOGBANI,NHAI,N24000501,BIHAR,8/2015,4/2018,5/2023,322.09,-,278.16,0/0
2023-05,CONSTRUCTION OF NEW 4-LANE BRIDGE ACROSS VARSOVA CREEK AND ITS APPROACHES WITH INTERCHANGE IN THE ST,NHAI,N24000655,MAHARASHTRA,3/2017,3/2020,-,247.02,-,60.58,0/0
2023-05,REHABILITATION AND UPGRADING FROM 2 L TO 4 L FROM BHANGBAR(NEAR RANITAL) TO KANGRA BYPASS SECTION OF,NHAI,N24001808,HIMACHAL PRADESH,3/2021,12/2024,12/2024,"1,322.95","1,442.47",447.43,0/0
2023-05,DELHI-AMRITSAR-KATRA EXPRESSWAY FROM JUNCTION WITH LUDHIANA-MALERKOTLA ROAD (SH-11) NEAR BHOGIWAL VI,NHAI,N24001416,PUNJAB,12/2020,1/2024,3/2025,989.66,-,12.48,0/0
2023-05,DELHI-VADODARA GREENFIELD ALIGNMENT (NH-148N) (PKG-16) (CH. 427.300 TO CH.452.420),NHAI,MAJOR BRIDGE OVE - [N24001572,RAJASTHAN,11/2019,1/2023,-,952.57,-,762.20,0/0
2023-05,VADODARA MUMBAI EXPRESSWAY (PHASE II - PKG XVII),(BHOJ - MORBE) - [N24001608],KM. 69.800 TO KM. 79.783 OF SPUR,NHAI,9/2021,7/2025,-,"2,208.68",-,0.00,0/0
2023-05,4L OF RATNAGIRI - KOLHAPUR SECTION OF NH-166 FROM KM 0.000 TO KM 19.769 AND KM 31.000 TO KM 67.140 (,NHAI,N24001495,MAHARASHTRA,11/2022,11/2024,-,930.00,-,78.60,0/0
2023-05,4L GREENFIELD ALIGNMENT FROM KALYANAPUR TO TAL DASHRAHA OF NH-119D (PKG-III),NHAI,N24001697,BIHAR,2/2023,2/2025,-,"1,358.00",-,549.36,0/0
2023-05,2-LANING OF KRISHNAGIRI- TINDIVANAM (APPROVED LENHTH 170 KM),NHAI,N24000213,TAMIL NADU,4/2012,4/2014,5/2023,624.00,619.96,402.65,0/0
2023-05,6L AMRITSAR BATHINDA GREENFIELD SECTION FROM VILLAGE TIBA ON NE 5A TO JN. WITH MOGA JALANDHAR ROAD N,NHAI,N24001640,PUNJAB,3/2021,11/2024,-,"1,229.38",-,485.53,0/0
2023-05,DELHI VADODARA GREENFIELD ALIGNMENT SECTION OF NH 148N PACKAGE 26,NHAI,N24001515,GUJARAT,9/2020,2/2024,-,"1,542.02",-,290.88,0/0
2023-05,CONSTRUCTION OF EIGHT LANE VADODARA KIM EXPRESSWAY FROM KM 254.430 TO KM 279.000 (KIM TO ANKLESHWAR,NHAI,N24000834,GUJARAT,3/2018,10/2021,3/2024,"1,161.39",-,386.54,0/0
2023-05,4/6L GREENFIELD LUDHIANA RUPNAGAR HIGHWAY FROM JUNCTION WITH NE 05 VILLAGR NEAR TO MANEWAL (LUDHIANA,NHAI,N24001630,PUNJAB,7/2021,2/2025,-,"1,501.02",-,0.00,0/0
2023-05,CONSTRUCTION OF 4 LANE BANGALORE -CHENNAI EXPRESSWAY FROM KM 53.500 TO KM 71.000 SECTION OF NE-7 (BA,NHAI,N24001685,KARNATAKA,1/2021,1/2024,-,"1,069.00",-,414.98,0/0
2023-05,TUMKUR - NELAMANGALA(6L),NHAI,N24001681,KARNATAKA,8/2022,8/2025,-,"2,032.15","1,351.00",22.89,0/0
2023-05,CORRIDOR EFFICIENCY IMPROVEMENT INCLUDING REMOVAL OF BLACK SPOTS IN LAKHANPUR - SAMBA SECTION OF NH-,NHAI,N24001619,JAMMU AND KASHMIR,8/2022,6/2024,-,200.05,200.05,4.98,0/0
2023-05,BALANCE WORK OF PANIKOILI RIMULI SECTION OF NEW NH-20 FROM KM 0.00 TO KM. 163.000,NHAI,N24001647,ODISHA,8/2020,3/2022,-,200.00,154.73,0.00,0/0
2023-05,RASISAR (NEAR BIKANER)- DEOGARH (NEAR DHANDHANIYA) (PHASE-I) (AJ/RD-PACKAGE-1),NHAI,N24001576,RAJASTHAN,2/2019,10/2022,6/2023,621.82,-,475.98,0/0
2023-05,FOUR LANING OF ALIGARH - KANPUR SECTION PKG-I FROM ALIGARH - BHADWAS,NHAI,N24000792,UTTAR PRADESH,3/2018,6/2022,-,809.07,"1,438.69","1,192.13",0/0
2023-05,BALANCE WORK OF 4- LANING OF PATNA-GAYA-DOBHI SECTION (KM. 39.00 TO KM. 83.00) OF NH-83 IN THE STATE,NHAI,N24001304,BIHAR,10/2013,11/2020,-,446.97,-,329.04,0/0
2023-05,DELHI-VADODARA GREENFIELD ALIGNMENT (NH-148N) (PKG-15) (CH. 419.000 TO CH.427.300),NHAI,JUNCTION WITH NH - [N24001612,RAJASTHAN,7/2020,1/2024,-,"1,788.69",-,366.96,0/0
2023-05,FOUR LANING OF MUNGER TO MIRZACHAUKI (NH-80) SECTION FROM NEAR RASULPUR TO MIRZACHAUKI (DESIGN CH,NHAI,N24001698,BIHAR,8/2022,8/2024,-,"1,198.02",-,0.00,0/0
2023-05,KHAMMAM-DEVARAPALLE PKG III,NHAI,4L ACCESS CONTROLLED (GREENFIELD) FROM CHINTAGUDEM VILLAGE TO RECHERLA - [N24001484,TELANGANA,9/2022,2/2024,-,804.69,-,180.63,0/0
2023-05,REHABILITATION and UPGRADATION FROM 2 LANE TO 4 LANE OF NH STRETCH UNDER BHARATMALA PARIYOJANA FOR U,NHAI,N24001739,UTTAR PRADESH,10/2019,11/2023,-,"1,779.83",-,666.00,0/0
2023-05,SIX LANING OF CHANDIKHOL- JAGATPUR-BHUBANESWAR,NHAI,N24000205,ODISHA,12/2011,6/2014,12/2023,"1,047.00",-,"1,855.00",0/0
2023-05,MEDSHI (KM 47.700) TO WASHIM (KM 92.200) OF NH-161 IN MAHARASHTRA,NHAI,N24001807,MAHARASHTRA,2/2018,10/2021,5/2023,"1,061.29","1,061.29",685.97,0/0
2023-05,FOUR LANING OF BAKHTIYARPUR - MOKAMA SECTION OF NH-31,,,,12/2015,12/2019,-,"1,167.45",-,544.62,0/0
2023-05,6-LANING OF VIJAYAWADA BYPASS FROM CHINNA AVUTUPALLI (DESIGN CH.0+000) TO GOLLAPUDI (DESIGN CH. 30+0,NHAI,N24001300,ANDHRA PRADESH,11/2019,2/2021,8/2023,"1,226.88","1,569.68","1,017.35",0/0
2023-05,PACKAGE-25 CONSTRUCTION OF EIGHTLANE ACCESS- CONTROLLED EXPRESSWAY CARRIAGEWAY FROM MIYATI VILLAGE T,NHAI,N24001234,MADHYA PRADESH,2/2019,3/2022,11/2022,996.27,-,"1,079.00",3/3
2023-05,DWARKA EXPRESSWAY FROM KM - 0.600 TO KM 5.300 - PKG-I (SHIVMURTI CHOWK-RUB NEAR DWARKA SECTOR 21),NHAI,N24001779,DELHI,3/2018,9/2022,-,"2,507.00",-,"1,155.70",0/0
2023-05,DEOGARH (NEAR DHANDHANIYA)- RAJASTHAN/GUJARAT BORDER (PHASE-I) (AJ/DRGB-PACKAGE-5),NHAI,N24001613,RAJASTHAN,10/2019,3/2023,6/2023,584.37,-,429.04,0/0
2023-05,SANGARIYA (NEAR CHAUTALA)- RASISAR (NEAR BIKANER) (AJ/SR- PACKAGE-9),NHAI,N24001586,RAJASTHAN,2/2019,6/2022,-,656.57,-,559.10,0/0
2023-05,6L OF VARADHARAJULA TO KUMARAJAPET FROM KM 0.000 TO KM 43.800 OF NH-716B (PKG-I),NHAI,N24001820,ANDHRA PRADESH,2/2021,12/2024,-,"1,484.83",-,308.73,0/0
2023-05,CONSTRUCTION OF FOUR LANE EXPRESSWAY FROM START OF SINDHREJ VILLAGE (CH. 22.00 TO CH. 48.52) SECTION,NHAI,N24001444,GUJARAT,5/2020,1/2024,-,882.00,-,107.18,1/4
2023-05,DHARAMPURI-LONAND FROM KM. 117.00 TO 166.40 (PKG-IV) ON MOHOL-ALANDI SECTION,NHAI,N24001488,MAHARASHTRA,9/2021,9/2023,-,618.45,-,316.15,0/0
2023-05,FOUR LANING OF DANGIAWAS (KM 96.595 TO NH-112) TO JAJIWAL (KM 283.500 OF NH 65 NAGAUR ROAD) SECTIO,NHAI,N24000711,RAJASTHAN,12/2017,12/2020,-,"1,308.73",-,273.64,0/0
2023-05,DEOGARH (NEAR DHANDHANIYA)- RAJASTHAN/GUJARAT BORDER (PHASE-I) (AJ/DRGB-PACKAGE-3),NHAI,N24001574,RAJASTHAN,2/2019,12/2022,6/2023,820.19,-,4.20,0/0
2023-05,INTEGRATED STRUCTURE WITH DEVELOPMENT OF OTHER ALLIED STRUCTURES ON BOTH SIDES OF CHANDNI CHOWK JUNC,NHAI,N24001485,MAHARASHTRA,2/2019,2/2022,-,397.60,-,326.64,0/0
2023-05,FOUR LANING OF BANAVARA TO BETTADAHALLI SECTION FROM KM. 119+790 (DESIGN KM. 121+900) TO KM. 166+100,NHAI,N24001686,KARNATAKA,3/2021,3/2023,1/2024,"1,065.06","1,577.92",22.54,0/0
2023-05,DELHI-VADODARA GREENFIELD ALIGNMENT (NH-148N) (PKG-12) (CH. 331.030 TO CH. 359.170) [MAJOR BRIDGE ON -,,,,11/2019,3/2023,11/2023,"1,425.02",-,974.29,0/0
2023-05,4L OF MIRZA CHAUKI TO FARKKA SECTION OF NH80 FROM KM 215.00 TO KM 260.00 ON HAM MODE IN THE STATE OF,NHAI,N24001596,JHARKHAND,11/2021,7/2023,-,"1,302.72",-,501.43,0/0
2023-05,TWO/FOUR LANNING OF BRT TIGER RESERVE BOUNDARY TO BANGALORE SECTION OF NH- 209(EXISTING CHAINAGE FROM,NHAI,N24000622,KARNATAKA,9/2016,8/2019,5/2024,950.69,-,"1,607.98",0/0
2023-05,SANCHORE - SANTALPUR FROM KM 99.000- KM 130.073 OF NH-754K (AJ- RGBS-PACKAGE-4),NHAI,N24001794,GUJARAT,2/2020,3/2023,-,778.15,-,408.84,0/0
2023-05,SANGARIYA (NEAR CHAUTALA)- RASISAR (NEAR BIKANER) (PHASE-I) (AJ/SR-PACKAGE-6),NHAI,N24001579,RAJASTHAN,2/2019,10/2022,6/2023,635.84,-,445.48,0/0
2023-05,FOUR LANNING OF VIKRAVANDI- SETHIYAHOPU FROM KM 0.000 TO KM 60.250(DESIGN CHAINAGE KM 0.000 TO KM 65.,NHAI,N24000652,TAMIL NADU,3/2017,3/2020,5/2024,848.45,-,292.98,0/0
2023-05,DELHI VADODARA GREENFIELD ALIGNMENT SECTION OF NH 148N PACKAGE 29,NHAI,N24001517,GUJARAT,9/2020,4/2023,-,"1,523.77",-,894.43,0/0
2023-05,6L OF KARKI – KALIAGURA SECTION FROM KM 226.500 TO KM 249.000 OF NH-130-CD (PACKAGE – OD-4),NHAI,N24001670,ODISHA,2/2021,3/2024,-,593.00,-,0.00,0/0
2023-05,CONSTRUCTION/ UP-GRATION OF FOUR/TWO LANE WITH PAVED SHOULDER OF NH68 FROM TANOT- RAMGARH BHADASAR-JA,NHAI,N24000795,RAJASTHAN,2/2018,4/2021,8/2023,741.86,649.00,629.39,0/0
2023-05,SIX / FOUR LANING OF NH 5 (NEW NH 16) FROM PUINTOLA TO TANGI (KM. 284.000 TO KM. 355.000),NHAI,N24000845,ODISHA,3/2018,12/2020,-,538.41,478.32,415.11,0/0
2023-05,"IMPROVEMENT AND UP-GRADATION OF EXISTING ROAD TO 2/4L PS FROM KM 40.000 TO 88.750, START OF KHUTAR B",NHAI,N24001727,UTTAR PRADESH,3/2022,2/2025,-,762.62,-,113.97,0/0
2023-05,4L FROM GAJU VILLAGE AT KM 32.982 TO DEVINAGAR BYPASS (END) AT KM 208.000 OF NH 530B (PKG 1C),NHAI,N24001730,UTTAR PRADESH,12/2021,1/2025,-,"1,384.79",-,311.09,0/0
2023-05,4 LANE OF BILASPUR TO URGA PROJECT (KM 0.00 TO KM 70.2) OF NH-130A,NHAI,N24001611,CHHATTISGARH,4/2020,3/2024,-,"1,855.59","1,869.85",154.08,0/0
2023-05,"4L BYPASSES FOR JAGATPUR, B4ABUGANJ, UNCHAHAR, ALAPUR BYPASS, AND SAI RIVER BRIDGE OF RAEBARELI- PRA",NHAI,N24001815,UTTAR PRADESH,12/2022,11/2024,-,"1,699.00",-,0.00,0/0
2023-05,CONSTRUCTION OF 8 LANING OF,,,,3/2018,7/2021,-,"1,162.92",-,146.15,0/0
2023-05,FOUR LANING OF MADURAI- CHETTIKULAM SECTION OF NH-785 FROM MADURAI (KM 0/000) TO CHETTICULAM (7/300),NHAI,N24000827,TAMIL NADU,3/2018,11/2020,6/2023,628.71,-,567.42,0/0
2023-05,FOUR LANNING OF JAGDISHPUR- FAIZABAD SECTION FROM KM 47.930 TO KM 107.680 OF NH-330A,NHAI,N24001816,UTTAR PRADESH,3/2021,3/2023,-,"1,980.00",-,"1,019.06",0/0
2023-05,4 LANING OF NAJIBABAD BYPASS OF NH-119 FROM KM. 105.423 TO KM. 118.373 (EXCLUDING 2.45 KM. OF NH-74,NHAI,N24001753,UTTAR PRADESH,2/2022,6/2024,-,570.98,-,186.06,0/0
2023-05,TWO-LANNING WITH PAVED SHOULDER OF MAHSHKUNT- SAHARSA-PURNEA SECTION FROM EXISTING KM.89.020 (DESIGN,NHAI,N24000665,BIHAR,3/2017,3/2020,12/2023,672.89,736.01,31.82,0/0
2023-05,DELHI-AMRITSAR-KATRA EXPRESSWAY (PHASE-I PKG-XI) FROM JUNCTION WITH JALANDHAR - KAPURTHALA ROAD (NH-,NHAI,N24001419,PUNJAB,2/2021,4/2024,11/2024,"1,269.96",-,154.50,0/1
2023-05,CONSTRUCTION OF 4-LANE GREEN FIELD DELHI-AMRITSAR-KATRA EXPRESSWAY (NE-05) FROM JUSSUR KHERI ON KMP,NHAI,N24001533,HARYANA,11/2020,12/2023,-,"1,690.23",-,917.09,0/0
2023-05,KATNI BYPASS FROM KM. 359.50 TO KM. 378.50,NHAI,N24001618,MADHYA PRADESH,9/2019,9/2022,-,194.40,-,128.42,0/0
2023-05,DELHI VADODARA GREENFIELD ALIGNMENT SECTION OF NH 148N PACKAGE 30,NHAI,N24001518,GUJARAT,11/2019,9/2023,-,"1,669.56",-,506.54,0/0
2023-05,4L BANGALORE-CHENNAI EXPRESSWAY FROM KM. 230.000 TO KM. 261.705 OF KANCHEPURAM TO SRIPERUMBUDUR SECT,NHAI,N24001719,TAMIL NADU,2/2021,7/2024,-,"2,948.31",-,0.00,0/0
2023-05,DHANGAON - BORGAON SECTION (KM 81.000 TO KM 139.000),- [N24001769],INDORE - EDLABAD PKG IV,NHAI,11/2018,8/2023,-,831.00,-,492.38,0/0
2023-05,4L OF END OF PINJORE BYPASS - BADDI - NALAGARH SECTION (KM. 4.200 TO KM. 35.370) OF NH21A,NHAI,N24001813,HIMACHAL PRADESH,7/2021,9/2024,-,"1,692.05",-,581.80,0/0
2023-05,DEVELOPMENT OF 6L UER-II (PACKAGE-I) (NH-1 NEAR BAKOLI TILL KARALA KANJHAWALA ROAD) FROM KM. (-)0.70,NHAI,N24001777,DELHI,7/2020,10/2023,-,"2,171.80",-,958.13,0/0
2023-05,4-LANNING OF STHIYATHOPU-,,,,9/2017,8/2020,-,"1,227.87",-,"1,063.61",0/0
2023-05,LUCKNOW RING ROAD PKG-1 (SULTANPUR ROAD TO BEHTA ROAD),NHAI,BYPASS CONNECTING NH-56 AT KM. 17.40 AND TER - [N24001743,UTTAR PRADESH,1/2018,2/2023,8/2023,"1,916.38",-,"1,104.32",0/0
2023-05,4-LANNING OF VARANASI GORAKHPUR SECTION OF NH-29 FROM 88.00 148.00 KM 4-LANNING OF VARANASI GORAKHPU,NHAI,N24000549,UTTAR PRADESH,3/2016,10/2019,5/2023,"1,396.74","4,041.80","3,726.15",0/0
2023-05,6L GREENFIELD KANPUR - LUCKNOW (EXPRESSWAY) PKG II FROM KM. 28.500 TO KM. 73.744,NHAI,N24001731,UTTAR PRADESH,12/2021,5/2025,5/2025,"2,470.64",-,64.15,0/0
2023-05,4L SUNDER NAGAR BYPASS FROM KM173.900 TO KM 179.600 OF NH-21 IN THE STATE OF HP,NHAI,N24001810,HIMACHAL PRADESH,2/2022,6/2024,-,190.60,-,51.52,0/0
2023-05,4L OF AHMEDNAGAR - MIRAJGAON - KARMALA - TEMBHURNI (PKG-II),NHAI,GHOGARGAON TO AHMEDNAGAR- SOLPAUR DISTR - [N24001499,MAHARASHTRA,1/2022,1/2024,-,629.00,629.00,409.88,0/0
2023-05,DELHI AMRITSAR KATRA EXPRESSWAY PHASE I SPUR III FROM JUNCTION WITH AMRITSAR JALANDHAR ROAD NH3 NEAR,NHAI,N24001641,PUNJAB,3/2021,10/2024,-,"1,641.75",-,0.00,0/0
2023-05,BALANCE WORK OF RANCHI- MAHULIA SECTION OF NH-33 FROM KM 113.730 (VIKAS) TO KM 140.000 (RAMPUR) (PKG-,NHAI,N24001597,JHARKHAND,1/2019,12/2020,-,466.55,518.00,0.00,0/0
2023-05,DELHI-AMRITSAR-KATRA EXPRESSWAY (PHASE-II PKG-XV),NHAI,JUNCTION WITH HIRANAGAR ROAD NEAR VILLAGE GURHA B - [N24001552,JAMMU AND KASHMIR,10/2021,9/2024,-,"2,714.95","2,714.95",214.33,0/0
2023-05,BAL. WORKS OF FAGNE (KM. 510.000) TO MAHARASHTRA/GUJARAT BORDER (KM. 650.794),NHAI,N24001804,MAHARASHTRA,12/2019,9/2022,-,"1,654.07",-,769.84,0/0
2023-05,CONSTRUCTION OF 6 LANE ELEVATED CORRIDOR ALONG WITH DEVELOPMENT OF EXISTING 4 LANE ROAD AT GROUND LE,NHAI,N24001648,KERALA,8/2022,1/2026,-,"2,429.52",-,0.00,0/0
2023-05,8L OF DWARKA EXPRESSWAY PKG-II (RUB NEAR DWARKA SECTOR 21- DL/HR BORDER) FROM 5.300 KM.TO 9.500 KM. O,NHAI,N24001781,DELHI,1/2018,10/2021,-,"2,067.67",-,"1,496.49",0/0
2023-05,DELHI-VADODARA GREENFIELD ALIGNMENT (NH-148N) (PKG-11) (CH. 319.400 TO CH. 331.030),NHAI,HARDEOGANJ VILL - [N24001566,RAJASTHAN,11/2019,5/2023,-,"1,640.10",-,"1,062.97",0/0
2023-05,4L OF OBEDULLGANJ - BUDNI SECTION FROM KM. 8.400 TO KM. 20.700 IN RATANPANI WILDLIFE AREA OF NH - 69,NHAI,N24001770,MADHYA PRADESH,2/2022,3/2024,-,417.51,-,35.21,0/0
2023-05,DEVELOPMENT OF 6 LANE JALANDHAR BYPASS FROM KAHLWAN NATIONAL HIGHWAY 03 DESIGN KM 0.00 ENDING AT K,NHAI,N24001637,PUNJAB,3/2021,1/2025,-,"1,754.84",-,712.10,0/0
2023-05,4L OF HARDA - BETUL (PKG-I) FROM KM.0 TO KM.30,- [N24001763],HARDA - TEMAGAON,NHAI,9/2021,9/2023,-,774.16,-,304.15,0/0
2023-05,4-LANNING OF END OF PANDOH BYPASS TAKOLI IN H.P,NHAI,N24000692,HIMACHAL PRADESH,6/2017,6/2020,-,"2,485.93",-,"1,421.76",0/0
2023-05,PACKAGE-21 CONSTRUCTION OF EIGHTLANE ACCESS- CONTROLLED EXPRESSWAY CARRIAGEWAY FROM KAMLIYA VILLAGE,NHAI,N24001231,MADHYA PRADESH,2/2019,12/2021,9/2022,990.97,-,"1,092.00",3/3
2023-05,SIX LANING OF RAMANATTUKARA JUNCTION TO START OF VALANCHERY BYPASS SECTION OF NH-66 (OLD NH-17) FROM,NHAI,N24001658,KERALA,1/2021,7/2024,-,"4,265.42",-,"2,696.57",0/0
2023-05,CHALLAKERE TO HARIYUR SECTION FROM KM 358.500 TO KM 414.205 OF NH150 A,NHAI,N24001690,KARNATAKA,1/2021,1/2023,-,"1,167.52","1,658.42",626.56,0/0
2023-05,"4L OF SHAMLI BYAPSS- SAHARANPUR FROM KM 92.2 TO KM 155.025 SECTION OF NH-709B, PKG-II",NHAI,N24001744,UTTAR PRADESH,5/2019,11/2022,-,779.17,-,0.00,0/0
2023-05,BANGALORE CHENNAI EXPRESSWAY PHASE-III – PACKAGE I (GUDIPALA TO WALAJAJHPET) FROM KM 156.000 TO KM 1,NHAI,N24001720,TAMIL NADU,10/2020,5/2024,-,"1,023.91",-,0.00,0/0
2023-05,SIX LANING OF BIHAR - JHARKHAND BORDER (CHORDAHA) TO GORHAR SECTION,NHAI,N24000726,JHARKHAND,1/2018,11/2021,-,"1,155.16",-,548.20,0/0
2023-05,KHUDUS TO DHARAMPURI PACKAGE 3 SANT DNYANESHWAR MAHARAJ PALKHI MARG SECTION OF NH965,NHAI,N24001379,MAHARASHTRA,2/2019,1/2022,3/2023,594.75,594.75,520.81,2/4
2023-05,CONSTRUCTION OF EIGHT LANE ACCESS CONTROLLED EXPRESSWAY FROM KM 103.400 TO KM 128.000 OF VADODARA MU,NHAI,N24001786,GUJARAT,3/2021,3/2024,-,"1,259.00",-,58.80,0/0
2023-05,BALANCE WORK OF 4- LANING OF,,,,10/2013,12/2020,-,649.90,-,341.55,0/0
2023-05,"FOUR LANING OF SOLAN- KAITHLIGHAT SECTION OF NH-22 (NOW NH-5) FROM KM 106.139 TO KM 129.050, ON EPC M",NHAI,N24000852,HIMACHAL PRADESH,3/2018,5/2021,11/2022,478.74,-,"1,002.88",0/0
2023-05,4-LANING OF DEWAS-UJJAIN OF SECTION NH-148 NG FROM KM 0+000 TO KM 41.42 IN MP ON HAM MODE,NHAI,N24001340,MADHYA PRADESH,11/2019,7/2021,-,716.00,-,312.25,0/0
2023-05,4L OF PALMA TO GUMLA SECTION OF NH23 FROM KM. 26.00 TO KM. 89.170 ON HAM MODE IN THE STATE OF JHARKH,NHAI,N24001595,JHARKHAND,8/2020,3/2024,-,"1,034.00",-,41.50,0/0
2023-05,SIX-LANNING OF GREENFIELD PROPOSED UDAIPUR BYPASS PKG- IV,NHAI,N24000691,RAJASTHAN,4/2017,4/2020,9/2023,894.00,-,880.00,0/0
2023-05,CONSTRUCTION OF FOUR LANE GREENFIELD PROJECT OF DELHI- AMRITSAR-KATRA EXPRESSWAY (PHASE-I PKG-IV) FRO,NHAI,N24001634,HARYANA,1/2021,12/2023,-,"1,306.95",-,688.42,0/0
2023-05,DELHI-AMRITSAR-KATRA EXPRESSWAY FROM JUNCTION WITH LUDHIANA-MOGA ROAD (NH-5) NEAR MULLANPUR DAKHA TO,NHAI,N24001417,PUNJAB,12/2020,4/2024,7/2024,"1,234.40",-,201.76,0/1
2023-05,BALANCE WORKS OF FOUR LANING FROM RAMBAN KM 151.00 TO BANIHAL KM 187.00 OF NH-1A (NOW NH-44) WITH VA,NHAI,N24001472,JAMMU AND KASHMIR,9/2021,12/2023,1/2024,811.19,-,593.45,0/0
2023-05,"6L STANDALONE FLYOVERS AT BONGAIGAON, CHAPAGURI, PATHSALA, SIMLAGURI CHOWK AND BAIHATA BYPASS JUNCTI",NHAI,N24001548,ASSAM,3/2022,6/2024,-,457.72,-,5.50,0/0
2023-05,SIX LANNING OF NH-5 (NEW NH-16) FROM TANGI TO BHUBANESHWAR (KM 355.000 TO KM 414.000),NHAI,N24000844,ODISHA,3/2018,4/2021,6/2023,806.11,767.45,737.93,0/0
2023-05,6-LANING OF KOZHIKODE BYPASS (CALICUT BYPASS) (I.E. VENGALAM JN. TO RAMANATTUKARA JN.) SECTION OF NH,NHAI,N24000784,KERALA,2/2018,2/2023,-,"1,424.77","1,862.77",444.14,0/0
2023-05,6L ACCESS CONTROL GREENFIELD HIGHWAY OF VILL-KHYAWARI TO VILL-LATIFPUR AT SAHARANPUR BYPASS FROM KM,NHAI,N24001735,UTTAR PRADESH,3/2022,8/2024,-,"1,428.19",-,189.25,0/0
2023-05,SIX LANING OF AURANGABAD TO BIHAR - JHARKHAND BORDER (CHORDAHA) SECTION,NHAI,N24000724,BIHAR,1/2018,4/2024,-,895.39,-,"1,632.71",0/0
2023-05,AHMEDNAGAR BYPASS,NHAI,N24001497,MAHARASHTRA,7/2021,7/2023,-,715.00,715.00,373.75,0/0
2023-05,FOUR LANING OF NERALURU TO THORAPALLI AGRAHARAM SECTION OF NH-844 (PKG-I) FROM KM.0+000 TO KM.23+350,NHAI,N24001693,TAMIL NADU,9/2021,10/2024,-,"1,751.18",-,308.26,0/0
2023-05,CONSTRUCTION OF EIGHT LANE EXPRESSWAY STARTING AT CH. 47+000 NEAR KHANPUR GHATI AND ENDS AT HARYANA,NHAI,N24001784,HARYANA,11/2018,9/2021,-,"1,935.61",-,856.41,0/0
2023-05,INDORE - HARDA (PKG-I),- [N24001766],INDORE TO RAGHAV GARH FROM KM. 0.25 TO KM. 26.903,NHAI,1/2022,10/2024,-,"1,011.29",-,0.00,0/0
2023-05,REHABILITATION AND UP- GRADATION OF EXISTING 2-LANE TO FOUR LANE FROM TALCHAR TO END OF KAMAKHYANAG,NHAI,N24000734,ODISHA,1/2018,8/2021,-,614.48,503.30,641.00,0/0
2023-05,6L GREENFIELD KANDILI - ALURU SECTION OF NH-130-CD ROAD FROM KM 342+500 TO KM 365+033 (PACKAGE-OD-8,NHAI,N24001665,ODISHA,12/2021,10/2024,-,"1,592.00","1,592.00",0.00,0/0
2023-05,2 LANING WITH PAVED SHOULDER FROM KM 30.800 TO KM 70.800 AND 2 LANING WITHOUT PAVED SHOULDER FROM KM,NHAI,N24000783,KARNATAKA,2/2018,1/2022,5/2024,486.78,486.78,181.99,3/3
2023-05,CONSTRUCTION OF FOUR LANE GREENFIELD PROJECT OF DELHI- AMRITSAR-KATRA EXPRESSWAY (PHASE-I PKG-V) FROM,NHAI,N24001632,PUNJAB,1/2021,5/2024,-,"1,741.86",-,794.72,0/0
2023-05,FOUR LANING OF THORAPALLI AGRAHARAM TO JITTANDAHALLI SECTION OF NH-844 (PKG-II) FROM KM.23+350 TO KM,NHAI,N24001694,TAMIL NADU,2/2019,12/2023,-,"1,243.57",-,171.63,0/0
2023-05,DELHI-AMRITSAR-KATRA EXPRESSWAY (PHASE-II PKG-XVI) EXISTING JAKH (VIJAYPUR)- KUNJWANI SECTION OF NH-4,NHAI,N24001550,JAMMU AND KASHMIR,9/2021,9/2024,-,"1,821.72","1,917.32",176.75,0/0
2023-05,4 LANING OF NH-31D FROM GHOSHPUKUR - SALSALABARI ( KM 0.00 TO KM . 83.785),NHAI,N24000463,WEST BENGAL,12/2015,6/2018,8/2023,"1,083.00","1,414.01","1,047.57",0/0
2023-05,4-LANNING OF THALSERRY -MAHE BYPASS,NHAI,N24000704,KERALA,9/2017,5/2020,12/2023,"1,124.11","1,360.68","1,241.74",0/0
2023-05,BALANCE WORKS OF 4L PANVEL-,,,,10/2022,5/2024,-,332.00,-,0.00,0/0
2023-05,FOUR LANING OF SULTANPUR TO VARANASI (PKG-I),NHAI,N24000493,UTTAR PRADESH,1/2016,6/2018,4/2023,"1,027.53","2,950.04","2,614.67",0/1
2023-05,DEOGARH (NEAR DHANDHANIYA)- RAJASTHAN/GUJARAT BORDER (PHASE-I) (AJ/DRGB-PACKAGE-8),NHAI,N24001561,RAJASTHAN,10/2019,10/2023,-,839.63,-,35.62,0/0
2023-05,BAKHTIYARPUR RAJAULI PKG-II FROM KM 54.405 TO KM 101.630 NH20,NHAI,N24001709,BIHAR,9/2020,4/2023,-,897.45,-,"1,026.77",0/0
2023-05,REHABILITATION AND UP- GRADATION TO 4-LANING OF RAJAMUNDA-BARKOTE SECTION OF NH-23 (NEW NH NO. 143) (,NHAI,N24000739,ODISHA,1/2018,6/2021,6/2022,503.88,609.03,221.76,0/0
2023-05,SIX LANING OF KOTTUKULANGARA (DESIGN KM. 454+500) TO START OF KOLLAM BYPASS (DESIGN KM. 486+000) SEC,NHAI,N24001657,KERALA,6/2021,10/2024,10/2024,"2,842.14",-,111.20,0/0
2023-05,WAKHARI TO KHUDUS PACKAGE2 SANT DNYANESHWAR MAHARAJ PALKHI MARG SECTION OF NH965,NHAI,N24001378,MAHARASHTRA,2/2019,1/2022,3/2023,362.46,372.46,346.15,2/4
2023-05,BANGALORE CHENNAI EXPRESSWAY PHASE-III PACKAGE II (WALAJAHPET TO ARAKKONAM) FROM KM 180.000 TO KM 2,NHAI,N24001718,TAMIL NADU,12/2020,7/2024,-,843.48,-,0.00,0/0
2023-05,4L OF NAGPUR-KATOL SECTION FROM KM. 13.00 TO KM. 62.900 OF NH-353J,NHAI,N24001799,MAHARASHTRA,2/2021,10/2023,-,"1,166.96",-,0.00,0/0
2023-05,CONSTRUCTION OF 4 LANE BANGALORE-CHENNAI EXPRESSWAY FROM KM 0.000 TO KM 26.400 NE-7(ALONG WITH 0.700,NHAI,N24001688,KARNATAKA,10/2020,9/2023,-,"3,184.00",-,686.53,0/0
2023-05,4L OF DHROL-BHADRA-PATIYA SECTION FROM 0.000 TO KM 13.600 AND BHADRA PATIYA - PIPALIYA SECTION FROM,NHAI,N24001787,GUJARAT,5/2020,10/2023,10/2023,971.03,-,359.31,0/0
2023-05,2-LANE EXISTING RAMPUR BYPASS OF RAMPUR TO BE DEVELOPED TO 4-LANE ON EPC MODE IN THE STATE OF UTTAR,NHAI,N24001746,UTTAR PRADESH,3/2021,4/2024,-,364.47,-,17.77,0/0
2023-05,4L OF BARAMATI TO INDAPUR (PKG- II) FROM KM. 41.400 TO KM. 84.550 OF NH-965G (SAINT TUKARAM MARG),NHAI,N24001502,MAHARASHTRA,9/2021,9/2023,9/2023,624.45,625.39,285.12,0/0
2023-05,CONSTRUCTION OF PARTIALLY ACESS CONTROLLED FOUR LANE ELEVATED HIGHWAY BETWEEN SAMRALA CHOWK (DESIGN -,,,,3/2017,3/2020,6/2023,754.54,668.74,657.75,3/4
2023-05,4L OF RAJURA-KORPANA-ADILABAD ROAD UPTO M.S. BORDER FROM KM 32.910 TO KM 89.090 OF NH-353B,NHAI,N24001796,MAHARASHTRA,3/2022,10/2024,-,"1,013.33",-,8.35,0/0
2023-05,4 LANING FROM KM. 34.600 TO KM. 79.970 and 2LPS FROM KM. 79.970 TO KM. 82.000 OF NARENPUR - PURNEA S,NHAI,N24001710,BIHAR,9/2020,3/2023,-,"2,334.68","2,335.00",0.00,0/0
2023-05,BALANCE WORKS OF 4L AMRAVATI - CHIKHLI (PKG I),- [N24001800],AMRAVATI TO KURANKHED FROM KM. 166.00 TO KM. 220.00,NHAI,11/2019,7/2023,-,713.07,-,269.00,0/0
2023-05,4L OF KM 0.00 TO KM 42.00 OF OFDOBBASPET TO DODDABALLAPURA BYPASS SECTION NH 648 OLD NH 207 BANGALO,NHAI,N24001509,KARNATAKA,1/2020,4/2021,12/2023,"1,307.00",-,701.00,0/0
2023-05,4L OF INDORE - BOREGAON (PKG-III),FROM KM. 42.260 TO KM. 82.660 OF NH347BG AND - [N24001767],BALWARA TO DHANGAON,NHAI,1/2021,4/2024,-,"1,001.69",-,0.00,0/0
2023-05,BANGALORE CHENNAI EXPRESSWAY (PHASE-II PKG-III) FROM KM.127.000 TO KM 156.000 (BANGARUPALEM TO GUDIP,NHAI,N24001821,ANDHRA PRADESH,11/2020,10/2024,-,"1,137.74",-,245.92,0/0
2023-05,BALANCE WORK OF 4- L ANING OF PATNA-GAYA-DOBHI SECTION (KM.83.00 TO KM. 127.217) OF NH-83 IN THE STA,NHAI,N24001305,BIHAR,10/2013,11/2020,-,464.09,-,330.50,0/0
2023-05,FOUR LANING OF POONDIYANKUPPAM (KM.67/000) TO SATTANATHAPOURAM (KM.123/800) SECTION OF NH-45A ON HAM,NHAI,N24001430,TAMIL NADU,3/2018,1/2022,-,"2,120.40","2,319.35",990.19,0/0
2023-05,SIX LANING FROM KODUNGALLUR TO EDAPALLY SECTION OF NH –66 (OLD NH-17) FROM DESIGN CHAINAGE 397+750 (,NHAI,N24001653,KERALA,11/2021,4/2025,-,"3,565.82",-,"1,527.91",0/0
2023-05,"CONSTRUCTION OF FLYOVER AT KM.544.650 INCLUDING ROB ,SERVICE ROADS ,FOOTPATH FOR RCC DRAINS ON URBAN",NHAI,N24000442,MAHARASHTRA,12/2015,3/2019,8/2023,649.50,-,298.68,2/4
2023-05,4L OF AKOLA - MEDSHI FROM KM. 0.00 TO KM. 47.70 OF NH-161 INCLUDING BYPASSES AT PATUR AND MEDSHI,NHAI,N24001803,MAHARASHTRA,12/2019,11/2022,9/2023,"1,393.95","1,393.95",527.13,0/0
2023-05,4 LANING OF GALGALIA - BAHADURGANJ SECTION FROM KM 0.000 TO KM 49.000 (PACKAGE-I) OF NH-327E.,NHAI,N24001706,BIHAR,3/2021,1/2024,-,"1,097.18","1,097.00",0.00,0/0
2023-05,4-LANING OF GOHANA-SONIPAT,,,,7/2020,7/2022,-,899.00,-,862.46,0/0
2023-05,2L PS OF UJJAIN - JHALAWAR (UPTO RJ BORDER) FROM KM. (-)0.650 TO KM. 132.955 OF NH-552G,NHAI,N24001760,MADHYA PRADESH,10/2020,6/2023,-,506.56,-,343.32,0/0
2023-05,RASISAR (NEAR BIKANER)- DEOGARH (NEAR DHANDHANIYA) (PHASE-I) (AJ/RD-PACKAGE-2),NHAI,N24001584,RAJASTHAN,2/2019,1/2022,5/2023,676.19,-,527.64,0/0
2023-05,4L OF BAL WORKS OF MAHUVA TO KAGVADAR FROM 100.450 KM. TO 140.470 KM. OF NH-8E (PKG- III),NHAI,N24001793,GUJARAT,3/2021,9/2022,-,485.75,-,207.82,0/0
2023-05,SIX LANING OF CHAKERI TO ALLAHABAD SECTION OF NH-2 FROM KM 483.687 TO KM 628.753 (DESIGN LENGTH – 14,NHAI,N24001185,UTTAR PRADESH,11/2017,7/2021,4/2023,"2,159.00","2,262.00","2,197.19",0/0
2023-05,BALANCE WORK OF 2L PS FROM KM 30.800 TO 70.800 AND 2L WITH RIGID CARRIAGEWAY FROM 70.800 TO KM 84.12,NHAI,N24001677,KARNATAKA,11/2022,5/2024,-,226.76,-,0.00,0/4
2023-05,DWARKA EXPRESSWAY PKG-III (DELHI/HR BORDER TO START OF ROB GURUGRAM),NHAI,N24001780,HARYANA,1/2018,11/2020,-,"2,228.00",-,"1,411.27",0/0
2023-05,6L OF KAGAL-SATARA SECTION FROM KM 658.000 TO KM 725.000 OF NH-48 (PKG-II),NHAI,N24001493,MAHARASHTRA,12/2022,12/2024,-,"1,749.86",-,94.01,0/0
2023-05,2ND FLYOVER (LCW) PARALLEL TO EXISTING FLYOVER IN KISHANGANJ TOWN.,NHAI,N24001713,BIHAR,3/2018,6/2020,6/2023,150.21,150.00,148.40,0/0
2023-05,KARAIPETTAI TO WALAJAPET FROM KM 71.015 TO 107.091,NHAI,N24001723,TAMIL NADU,10/2018,2/2021,-,707.90,-,0.00,0/0
2023-05,4-LANING OF VADIPPATTI - THAMARAIPATTI SECTION OF NH- 744A (MADURAI RING ROAD),NHAI,N24001606,TAMIL NADU,12/2018,3/2022,-,854.94,-,144.82,0/0
2023-05,FOUR LANING OF SATTANATHAPURAM (KM.123/800) TO NAGAPATTINAM (KM.179/555) SECTION OF NH-45A ON HAM UN,NHAI,N24001431,TAMIL NADU,3/2018,10/2020,-,"1,872.68","2,661.51",728.15,0/0
2023-05,DEVELOPMENT OF 6L UER II,(KARALA KANJHAWALA ROAD TILL NANGLOI - NAJAFGARH ROAD) FROM - [N24001825],PACKAGE - II,NHAI,7/2020,10/2023,-,"1,894.96",-,741.88,0/0
2023-05,SIX LANE ACCESS CONTROLLED OF DELHI SAHARANPUR HIGHWAY FROM AKSHARDHAM NH 9 JUNCTION TO DELHI UP BOR,NHAI,N24001771,DELHI,6/2020,12/2024,-,"1,479.22",-,505.60,0/0
2023-05,DELHI-VADODARA GREENFIELD ALIGNMENT (NH-148N) (PKG-09) (CH. 247.310 TO CH. 292.950),NHAI,JUNCTION WITH M - [N24001573,RAJASTHAN,11/2019,12/2022,6/2023,"1,658.06",-,60.49,0/0
2023-05,"4L OF KM.165.092 TO KM.171.855 (NORTH BOUND) AND FROM KM.166.895 TO KM.173.638 (SOUTH BOUND), EXCL.",NHAI,N24001621,JAMMU AND KASHMIR,7/2021,8/2024,8/2024,614.48,-,49.35,0/0
2023-05,SIX LANING OF KADAMBATTUKONAM TO KAZHAKKOOTTAM SECTION OF NH- 66(OLD NH-47) FROM KM. 517+250 TO KM.54,NHAI,N24001650,KERALA,12/2021,1/2025,1/2025,"3,635.64",-,47.51,0/0
2023-05,6L OF IT CITY CHOWK TO KURALI CHANDIGARH ROAD,NHAI,N24001631,PUNJAB,3/2021,10/2024,-,"1,525.31",-,0.00,0/0
2023-05,6L ACCESS CONTROLLED GREENFIELD HIGHWAY OF JUNCTION OF EPE (VILL.- MAVIKALAN) TO VILL.-LOHADDA FROM K,NHAI,N24001733,UTTAR PRADESH,3/2022,8/2024,-,"1,602.48",-,136.84,0/0
2023-05,6L ACCESS CONTROLLED GREENFIELD HIGHWAY OF NANDINNE VILLAGE TO JULEKAL VILLAGE FROM KM 202.900 TO KM,NHAI,N24001626,TELANGANA,2/2022,1/2025,-,972.06,-,8.38,0/0
2023-05,6L OF ACCESS-CONTROLLED HIGHWAY FROM MOHAND TO DAAT KALI TUNNEL OF GANESHPUR – DEHRADUN SECTION FROM,NHAI,N24001524,UTTAR PRADESH,3/2021,10/2023,10/2023,990.28,-,568.24,0/0
2023-05,4 LANING OF CHAMPA-KORBA- CHHURI-KATGHORA SECTION OF NH 149B FROM KM.0.000 TO KM.38.200,NHAI,N24001591,CHHATTISGARH,2/2021,1/2024,-,999.97,-,278.26,0/0
2023-05,TWO / FOUR LANING OF RAEBARELI - JAGDISHPUR SECTION OF NH-330A FROM KM. 0.000 TO KM. 47.800 (DESIGN,NHAI,N24001306,UTTAR PRADESH,10/2020,3/2023,-,724.60,-,444.50,0/1
2023-05,4-LANING OF ODDANCHATRAM - MADATHUKULAM SECTION OF NH- 209 (NEW NH-83),NHAI,N24001603,TAMIL NADU,1/2019,10/2022,-,"1,518.53",-,825.70,0/0
2023-05,6L OF PONDAVAKKAM TO KANNIGAIPAIR FROM KM 96.040 TO KM 116.100 OF NH 716B (PKG-IV),NHAI,N24001818,ANDHRA PRADESH,2/2021,1/2025,-,818.73,-,65.00,0/0
2023-05,FOUR LANING OF KARADI TO BANAVARA SECTION FROM KM. 66+540 (DESIGN KM. 65+195) TO KM. 119+790 (DESIGN -,,,,10/2019,10/2021,1/2024,"1,225.24","1,676.11",14.76,0/0
2023-05,CONSTRUCTION OF TUNNELS/VIADUCTS AT IDENTIFIED SLIDING/SLIP ZONES AT KM 130.550 TO KM.130.750; KM.,NHAI,N24001620,JAMMU AND KASHMIR,9/2021,10/2023,10/2023,442.14,-,61.26,0/0
2023-05,FOUR LANING OF JIND GOHANA GREENFIELD ALIGNMENT PACKAGE 1 IN THE STATE OF HARYANA UNDER HYBRID ANNUI,NHAI,N24001536,HARYANA,7/2020,7/2022,-,817.00,-,785.54,0/0
2023-05,BANIHAL BYPASS (DELINKED FROM SRINAGAR - BANIHAL) FROM KM. 187.00 TO KM. 189.350,NHAI,N24001623,JAMMU AND KASHMIR,1/2020,1/2024,1/2024,336.01,-,79.46,0/0
2023-05,4L OF CHANDESARA TO KHEDAKHAJURIYA FROM KM. 0.000 TO (-) 750 AND KM 0.000 TO KM 41.400 OF NH-752D,NHAI,N24001759,MADHYA PRADESH,1/2020,6/2024,-,909.84,-,80.69,0/0
2023-05,4 LANNING OF MUKKOLA JUNCTION TO KERALA/ TAMIL NADU BORDER FROM KM 26.500 TO KM 43.000 OF NH-47 IN T,NHAI,N24000566,KERALA,4/2016,6/2018,6/2023,804.97,571.45,648.26,0/0
2023-05,CONSTRUCTION OF FOUR/SIX LANE GREENFIELD LUDHIANA – RUPNAGAR NATIONAL HIGHWAY NO. NH-205K UNDER BHAR,NHAI,N24001636,PUNJAB,5/2021,12/2024,-,"1,368.91",-,20.00,0/0
2023-05,6L OF SRIPERUMBUDUR TO KARAIPETTAI FROM KM 37.000 TO KM 71.015 OF NH 48,NHAI,N24001725,TAMIL NADU,1/2019,5/2021,-,654.26,-,0.00,0/0
2023-05,DEOGARH (NEAR DHANDHANIYA)- RAJASTHAN/GUJARAT BORDER (PHASE-I) (AJ/DRGB-PACKAGE-7),NHAI,N24001564,RAJASTHAN,10/2019,7/2023,-,662.08,-,12.04,0/0
2023-05,4L OF EXISTING 2/4L STRETCH FROM LONAND TO DIVE GHAT (KM 166.400 TO KM 220.900 ) OF MOHOL – ALANDI S,NHAI,N24001489,MAHARASHTRA,5/2022,5/2024,-,519.93,-,81.55,0/0
2023-05,CONSTRUCTION OF GURGAON - PATAUDI - REWARI SECTION OF NH- 352W (DESIGN LENGTH 46.11 KM) AS FEEDER ROU,NHAI,N24001774,HARYANA,12/2020,11/2023,-,"1,524.03",-,842.02,0/0
2023-05,4L OF TWIN TUBE TUNNEL CONFIGURATION INCLUDING APPROACHES FROM MAROG TO DIGDOL (FROM KM.154.210 TO K,NHAI,N24001627,JAMMU AND KASHMIR,7/2021,2/2025,2/2025,"1,912.17",-,0.26,0/0
2023-05,"IMPROVEMENT AND UP-GRADATION OF EXISTING ROAD TO 4L PS FROM KM 229.070 TO 260.800, END OF HARDOI DIS",NHAI,N24001732,UTTAR PRADESH,12/2021,10/2024,-,540.97,-,0.00,0/0
2023-05,DEVELOPMENT OF FOUR LANNING OF ANGUL-SAMBALPUR SECTION OF NATIONAL HIGHWAY NH-42 (NEW NH-55 IN THE S,NHAI,N24000619,ODISHA,9/2016,8/2019,-,"2,510.04",-,783.15,0/0
2023-05,FOUR LANING OF UNA TO KODINAR OF NH-8E FROM KM. 180.478 TO KM 221.610 (PACKAGE-V) IN THE STATE OF GU,NHAI,N24000570,GUJARAT,5/2016,8/2019,-,763.08,-,408.37,2/2
2023-05,BALANCE WORK FOR FOUR LANING OF ITARSI TO BETUL SECTION OF NH69 FROM KM 63.000 TO KM 137.00 (DESIGN,NHAI,N24000709,MADHYA PRADESH,12/2017,2/2020,-,950.27,-,521.56,4/4
2023-05,6L OF CHILKARARUPET BYPASS FROM KM. 357.400 TO KM. 371.920 OF NH-16,NHAI,N24001817,ANDHRA PRADESH,2/2019,3/2023,-,757.45,-,243.65,0/0
2023-05,4L OF MO - SIHUNI FROM KM. 42.00 TO KM. 51.00 OF OLD NH-20 (NEW NH-154) (PACKAGE-IB),NHAI,N24001811,HIMACHAL PRADESH,4/2021,6/2024,-,583.93,-,0.22,0/0
2023-05,FOUR LANNING OF CHOLOPURAM- THANJAVUR,NHAI,N24000697,TAMIL NADU,8/2017,9/2020,6/2024,"1,176.37",-,902.90,0/0
2023-05,6L GREENFIELD KALIAGURA – BAUNSAGUAR SECTION OF NH-130- CD ROAD FROM KM 249+000 TO KM 293+000 (PACKAG,NHAI,N24001667,ODISHA,9/2021,5/2024,-,"1,734.00","1,734.00",0.00,0/0
2023-05,JUNAGADH BYPASS,NHAI,N24000701,GUJARAT,10/2017,4/2021,6/2023,232.49,375.78,250.40,0/0
2023-05,6L OF KANHAULI RAMNAGAR PATNA RING ROAD PKG I FROM KM 0.000 TO KM 39.160 OF SH78 NEW NH131G,NHAI,N24001711,BIHAR,9/2020,3/2023,-,939.43,-,0.00,0/0
2023-05,"4L OF SHAMLI TO MUZAFFARNAGAR SECTION OF NH-709AD, PKG-II",NHAI,N24001742,UTTAR PRADESH,6/2020,10/2022,-,"1,621.07",-,0.00,0/0
2023-05,FOUR LANING OF KAGAVADAR - UNA SECTION OF NH-8E FROM KM 139.915 TO KM 180.478 (PACKAGE-IV) IN THE ST,NHAI,N24000569,GUJARAT,5/2016,9/2019,-,723.64,-,551.69,2/2
2023-05,FOUR LANING OF MUNGER TO MIRZACHAUKI (NH-80) SECTION FROM START OF EXISTING BHAGALPUR BYPASS TO RASU,NHAI,N24001701,BIHAR,4/2022,4/2024,-,"1,769.50",-,0.00,0/0
2023-05,CONSTRUCTION OF 4 LANE ACCESS CONTROLLED NEW GREENFIELD HIGHWAY SECTION OF NH-365BG (KHAMMAM-DEVARAP,NHAI,N24001477,ANDHRA PRADESH,9/2021,9/2022,9/2024,622.00,-,116.01,0/0
2023-05,SANGARIYA (NEAR CHAUTALA)- RASISAR (NEAR BIKANER) (PHASE-I) (AJ/SR-PACKAGE-2),NHAI,N24001560,RAJASTHAN,2/2019,10/2023,-,755.16,-,672.19,0/0
2023-05,4-LANNING OF VARANASI GORAKHPUR SECTION OF NH-29 FROM 148.00 208.300 KM,- [N24000551],PACKAGE- IV,NHAI,3/2016,4/2019,12/2022,"1,587.49","3,150.00","2,928.57",0/0
2023-05,6L ACCESS-CONTROLLED HIGHWAY OF DAAT KALI TUNNEL - DEHRADUN OF GANESHPUR – DEHRADUN SECTION FROM KM.,NHAI,N24001525,UTTARAKHAND,3/2021,3/2024,3/2024,169.08,-,52.11,0/0
2023-05,4-LANNING OF CHAPRA-HAJIPUR,NHAI,N24000187,BIHAR,1/2011,7/2013,6/2023,575.00,-,519.82,2/3
2023-05,CONSTRUCTION OF NH-24 EXTENSION 4-LANE BYPASS STARTING FROM BEHTA ROAD AND TERMINATING AT SITAPUR RO,NHAI,N24000796,UTTAR PRADESH,3/2018,12/2021,12/2023,"1,117.84",-,533.23,0/0
2023-05,CONSTRUCTION OF NEW LINK (NH- 133B) FROM KM 0/00 (KM 200/87 OF SAHIBANJ BYPASS) IN JHARKHAND TO KM 15,NHAI,N24000714,BIHAR,12/2017,10/2024,10/2024,"2,598.00",-,912.48,0/0
2023-05,FOUR OF SIMARIA - KHAGARIA SECTION OF NH-31,NHAI,N24000480,BIHAR,12/2015,4/2019,7/2022,"1,041.10",567.00,530.28,0/0
2023-05,DEVELOPMENT OF NEWLY DECLARED NH-527C FROM MAJHAULI TO CHAROUT SECTION TO 2 LANE WITH PAVED SHOULDER,NHAI,N24000813,BIHAR,3/2018,11/2021,-,496.20,-,272.18,0/0
2023-05,6L OF WAINGANGA BRIDGE - BHANDARA (INCLUDING BHANDARA BYPASS) SECTION FROM KM 485.000 TO KM 499.800,NHAI,N24001797,MAHARASHTRA,10/2021,1/2024,-,815.77,-,203.30,0/0
2023-05,4 LANING OF PATHRAPALI TO KATGHORA FROM KM.53.300 TO KM.92.600,NHAI,N24001592,CHHATTISGARH,11/2019,12/2022,-,865.10,-,358.89,0/0
2023-05,CONSTRUCTION OF FOUR-LANE GREENFIELD DELHI-AMRITSAR- KATRA EXPRESSWAY FROM JUNCTION WITH ROHTAK-PANIP,NHAI,N24001534,HARYANA,12/2020,1/2024,1/2024,"1,334.04",-,624.03,0/0
2023-05,SIX LANING FROM THALIKULAM TO KODUNGALLUR SECTION OF NH – 66 (OLD NH-17) FROM DESIGN CH.369+015 (EX.,NHAI,N24001656,KERALA,6/2021,3/2025,-,"2,595.00",-,0.00,0/0
2023-05,SANGARIYA (NEAR CHAUTALA)- RASISAR (NEAR BIKANER) (PHASE-I) (AJ/SR-PACKAGE-1),NHAI,N24001562,RAJASTHAN,2/2019,10/2023,-,738.90,-,735.45,0/0
2023-05,CONSTRUCTION OF 4 LANE ELEVATED SECTION AND AT- GRADE IMPROVEMENTS AT BEGUSARAI TOWN SECTION OF NH- 3,NHAI,N24001699,BIHAR,3/2022,12/2024,-,312.58,-,31.35,0/0
2023-05,"6L FLYOVER AT BORAGAON, GORCHUK, LOKHRA AND BASISTHA JUNCTION ON GUWAHATI BYPASS SECTION FROM KM 146",NHAI,N24001432,ASSAM,12/2021,8/2024,-,300.00,-,199.98,0/0
2023-05,DELHI-AMRITSAR-KATRA EXPRESSWAY FROM CH.KM 303+900 TO KM 319+400 OF MAIN EXPRESSWAY) AND AMRITSAR CO,NHAI,N24001418,PUNJAB,12/2020,4/2024,7/2024,"1,094.46",-,285.78,0/1
2023-05,REHABILITATION AND UPGRADATION OF TWO LANING OF MAHESHKHUNT - SAHARSA - PURNEA SECTION PKG - I,NHAI,N24000723,BIHAR,1/2018,12/2021,12/2019,573.70,644.50,331.83,0/0
2023-05,FOUR LANING OF PARARIA TO MOHANIA SECTION OF NH 319 (OLD NH 30) FROM KM. 54+530 (DESIGN CHAINAGE) TO,NHAI,N24001712,BIHAR,8/2020,7/2023,-,690.00,-,594.41,0/0
2023-05,PATNA-MUZZAFFARPUR,NHAI,N24000165,BIHAR,8/2010,2/2013,6/2023,671.30,-,"1,591.71",3/4
2023-05,CONSTRUCTION OF 8LANE EXPRESSWAY NE4 STARTING BEFORE KMP EXPRESSWAY AND ENDS AT CH. 47+000 NEAR KHAN,NHAI,N24001783,HARYANA,11/2018,9/2021,-,"2,252.75",-,"1,223.07",0/0
2023-05,4L OF KHEDAKHAJURIYA TO SUHAGADI FROM KM. 41.400 TO KM. 89.200 OF NH-148NG (PKG-II),NHAI,N24001757,MADHYA PRADESH,1/2020,10/2024,-,876.37,-,126.38,0/0
2023-05,4L MITIGATION MEASURE STRUCTURES ON CH/MH BORDER TO WAINGANGA BRIDGE SECTION OF NH-53,NHAI,N24001798,MAHARASHTRA,2/2021,11/2023,-,540.21,-,152.08,0/0
2023-05,FOUR LANING OF MUNGER TO MIRZACHAUKI (NH-80) SECTION FROM KHARIA VILLAGE JUNCTION TO START OF EXISTI,NHAI,N24001704,BIHAR,3/2021,3/2024,-,"1,020.84",-,84.78,0/0
2023-05,4L SPUR OF SHAMLI- MUZZAFARNAGAR CONNECTING NH-709AD (PANIPAT-SHAMLI- MUZAFFARNAGAR) AND NH-58 (MEERUT,NHAI,N24001726,UTTAR PRADESH,1/2023,8/2024,-,391.26,-,0.00,0/0
2023-05,INDORE - HARDA (PKG-III),-,NANASA TO PIDGAON SECTION FROM KM 95.000 TO KM 142.445,,10/2021,1/2024,-,"1,146.22",-,393.53,0/0
2023-05,4-LANING OF GOA/KARNATAKA BORDER-KUNDAPUR SECTION,NHAI,N24000462,KARNATAKA,5/2014,8/2016,6/2023,"1,655.01","2,639.00","1,766.97",4/4
2023-05,DELHI-VADODARA GREENFIELD ALIGNMENT (NH-148N) (PKG-13) (CH. 359.170 TO CH. 388.420),NHAI,JUNCTION WITH S - [N24001571,RAJASTHAN,11/2019,12/2023,-,"1,341.36",-,719.52,0/0
2023-05,BANGALORE/TN BORDER TO HOSKOTE,NHAI,N24001674,KARNATAKA,2/2023,2/2025,-,"1,240.60",-,403.45,0/0
2023-05,KHAMMAM-DEVARAPALLE PKG I,NHAI,4L ACCESS CONTROLLED (GREENFIELD) FROM THALLAMPADU VILLAGE TO SOMAVARAM - [N24001482,TELANGANA,8/2022,10/2024,-,772.11,-,164.19,0/0
2023-05,REHABILITATION AND UPGRADATION OF CUTTACK-ANGUL SECTION TO 4 LANE (KM 60.20) TO (KM 112.0) PKG II ON,NHAI,N24000736,ODISHA,1/2018,9/2020,-,686.65,504.09,355.84,0/0
2023-05,VADODARA MUMBAI EXPRESSWAY (PHASE II - PKG XIII),(SHIRSAD - MASVAN) - [N24001506],KM. 26.582 TO KM. 50.700,NHAI,2/2022,2/2024,-,"2,747.00",-,471.57,0/0
2023-05,6L FROM SANKESHWAR BYPASS TO MH KNT BORDER FROM KM. 555.017 TO KM. 592.853 OF NH-48 (PKG II),NHAI,N24001598,KARNATAKA,1/2022,4/2025,-,"1,388.70",-,0.00,0/4
2023-05,4L OF AHMEDNAGAR - MIRAJGAON - KARMALA - TEMBHURNI (PKG-I),FROM KM. 0.00 - [N24001498],AHMEDNAGAR TO GHOGARGAON,NHAI,12/2021,12/2023,-,605.00,605.00,379.54,0/0
2023-05,4L KODINAR - VERAVAL (PACKAGE VI) FROM KM. 222.400 TO KM. 230.00 (KODINAR BYPASS) OF NH-8E (NH 51 NE,NHAI,N24001827,GUJARAT,3/2022,3/2023,-,162.73,-,54.00,0/0
2023-05,4-LANNING OF BODHRE-DHULE SECTION(KM 390.000 TO 452.800),NHAI,N24000656,MAHARASHTRA,3/2017,3/2020,7/2022,744.64,-,143.88,0/0
2023-05,SIX LANING OF THALIPARAMBHA- MUZHAPILANGAD SECTION FROM KM 137.900 TO KM. 170.600 OF NH- 17 (NEW NH,NHAI,N24001660,KERALA,8/2020,2/2024,11/2021,"2,714.60","3,319.41","1,381.13",0/0
2023-05,DELHI VADODARA GREENFIELD ALIGNMENT SECTION OF NH 148N PACKAGE 31,NHAI,N24001520,GUJARAT,11/2019,5/2024,-,"1,604.06",-,"1,001.40",0/0
2023-05,REHABILITATION AND UPGRADATION OF SIX LANING OF BHADRAK BALESHWAR SECTION (KM 136.50) TO (KM 199.141,NHAI,N24000738,ODISHA,1/2018,9/2021,-,999.00,"1,152.70",339.23,0/0
2023-05,VADODARA MUMBAI EXPRESSWAY (PHASE II - PKG XVI),(AMNE - BHOJ) - [N24001508],KM. 43.000 TO KM. 69.800 OF SPUR,NHAI,11/2022,10/2024,-,"1,450.00",-,153.30,0/0
2023-05,SIX LANING OF START OF KOLLAM BYPASS (KM.486+000) KADAMBATTUKONAM (KM.517+250) SECTION OF NEW NH-66,NHAI,N24001654,KERALA,6/2021,3/2025,3/2025,"2,641.37",-,99.09,0/0
2023-05,4L OF SAGAR - MOHARI FROM KM.8 TO KM.50 (PKG-I),NHAI,N24001615,MADHYA PRADESH,3/2021,4/2024,-,790.78,-,56.88,0/0
2023-05,REHABILITATION AND UP GRADATION OF EXISTING ROAD TO 2-LANE WITH PAVED SHOULDER CONFIGURATION IN PURU,NHAI,N24000788,WEST BENGAL,3/2018,9/2022,12/2022,841.57,"1,486.57","1,319.20",0/0
2023-05,6L OF EXISTING 4L FROM GUNDLAPOCHAMPALLY TO BOWENPALLY FROM KM 471.300 TO KM 481.331 OF NH-44,NHAI,N24001556,TELANGANA,12/2021,7/2024,-,521.53,-,115.61,0/0
2023-05,SIX LANING OF THURAVOOR (DESIGN KM. 378+612) TO PARAVOOR (DESIGN KM.417+000) SECTION OF NEW NH-66 (O,NHAI,N24001651,KERALA,9/2021,9/2024,9/2024,"2,878.97",-,63.75,0/0
2023-05,SIX LANNING OF AURANGABAD TO BIHAR/JHARKHAND BORDER SECTION OF NH-19 (OLD NH-2) FROM KM. 209.827 TO,NHAI,N24001700,BIHAR,12/2021,3/2024,-,552.55,553.00,184.12,0/0
2023-05,BALANCE 4 LANING WORK OF RAIGANJ DALKHOLA SECTION OF NH34 FROM KM 398.000 TO KM 452.750 (PACKAGE V),NHAI,N24001751,WEST BENGAL,12/2018,9/2021,-,"1,548.07",-,"1,084.06",0/0
2023-05,4-LANNING OF HARIDWAR-NAGINA SECTION OF NH 74 FROM (KM 204.300 OF NH 58) TO KM 73.00,NHAI,N24000564,UTTAR PRADESH,3/2016,7/2020,12/2022,"1,408.00","1,504.64","1,115.46",1/4
2023-05,"REMAINING WORK OF 2L+PS OF TRICHY - KARAIKUDI SECTION OF NH-210, INCLUDING TRICHY BYPASS",NHAI,N24001604,TAMIL NADU,2/2019,3/2021,-,166.90,-,118.82,0/0
2023-05,SIX LANING OF NEELESHWARAM TO THALIPARAMBHA SECTION FROM CH. 94+540 (EXISTING KM 96+450) TO CH. 134+,NHAI,N24001663,KERALA,6/2020,4/2024,10/2021,"3,041.65","3,799.76","1,786.03",0/0
2023-05,HARIHARGANJ TO PARWA MODE SECTION FROM KM 23.284 TO KM 57.049 OF NH-98,NHAI,N24001589,JHARKHAND,9/2020,3/2024,-,755.26,-,344.27,0/0
2023-05,RASISAR (NEAR BIKANER)- DEOGARH (NEAR DHANDHANIYA) (PHASE-I) (AJ/RD-PACKAGE-3),NHAI,N24001582,RAJASTHAN,2/2019,1/2022,7/2023,732.84,-,496.15,0/0
2023-05,4-LANNING OF TARSOD- FAGNE(FROM KM 422.700-510.00),,,,11/2016,7/2021,6/2023,"1,064.88",-,771.26,3/4
2023-05,DEVELOPMENT OF 6L UER II,(NANGLOI - NAJAFGARH ROAD TILL SECTOR 24 DWARKA) FROM KM. 2 - [N24001776],PACKAGE - III,NHAI,7/2020,10/2023,-,"1,069.27",-,748.48,0/0
2023-05,4-LANING OF MADATHUKULAM - POLLACHI SECTION OF NH-209 (NEW NH-83),NHAI,N24001602,TAMIL NADU,1/2019,12/2022,-,"1,409.38",-,487.69,0/0
2023-05,VADODARA MUMBAI EXPRESSWAY (PHASE II - PKG XII),(MASVAN - GANJAD) - [N24001505],KM. 50.700 TO KM. 77.000,NHAI,3/2022,3/2024,-,"1,549.02",-,263.40,0/0
2023-05,FOUR LANING OF BETTADAHALLI TO SRIRAMPURA SECTION FROM KM. 166+100 (DESIGN KM. 170+415) TO KM. 217+0,NHAI,N24001687,KARNATAKA,10/2021,10/2023,-,"1,331.77","2,508.79",52.67,0/0
2023-05,AMRITSAR AIRPORT JUNCTION RAMDAS FROM KM. 100.835 TO KM. 139.813 PKG IV,NHAI,N24001644,PUNJAB,12/2020,9/2023,-,524.88,-,109.36,0/0
2023-05,BANGALORE CHENNAI EXPRESSWAY (PHASE-II PKG-I) FROM KM.71.000 TO KM 96.000 (BETHAMANGALA IN THE STATE,NHAI,N24001822,ANDHRA PRADESH,12/2020,10/2024,-,"1,075.27",-,269.43,0/0
2023-05,4L OF HARDA - BETUL (PKG-III) FROM KM. 81.00 TO KM.121.248,- [N24001764],CHICHOLI - BETUL,NHAI,9/2021,9/2023,-,814.04,-,371.17,0/0
2023-05,BALANCE WORK OF 2L PS OF TINDIVANAM KRISHNAGIRI FROM KM 37.600 TO 219.782,NHAI,N24001724,TAMIL NADU,5/2019,7/2021,5/2023,602.57,621.38,293.30,0/0
2023-05,CONSTRUCTION OF PROPOSED REWARI BYPASS (DESIGN LENGTH 14.4 KM) NH-11 AS A FEEDER ROUTE IN THE STATE,NHAI,N24001775,HARYANA,2/2020,1/2023,-,808.31,-,730.55,0/0
2023-05,FOUR LANINIG OF CHETTIKULAM TO NATHAM SECTION OF NH-785 FROM CHETTIKULUM (KM 7.300) TO NATHAM (KM. 3,NHAI,N24000826,TAMIL NADU,3/2018,10/2022,7/2023,505.35,-,354.35,0/0
2023-05,4-LANING OF KAMALAPURAM - ODDANCHATRAM SECTION OF NH- 209,NHAI,N24001601,TAMIL NADU,1/2019,1/2023,2/2024,"1,051.69",-,327.73,0/0
2023-05,6L OF MH/KN BORDER (NIMBAL VILLAGE) TO KN/TS BORDER (SINGNODI VILLAGE) FROM KM. 162.5 TO KM. 203.100,NHAI,N24001675,KARNATAKA,11/2022,5/2025,-,"1,732.73",-,0.00,0/0
2023-05,4L OF CHANNARAYAPATNA BYPASS AND HASSAN BYPASS WITH STRUCTURES IN DEVIHALLI - HASSAN SECTION,NHAI,N24001684,KARNATAKA,9/2020,1/2023,-,688.00,-,399.55,3/4
2023-05,4-LANING OF BRAHAMPORE-FARAKA,NHAI,N24000203,WEST BENGAL,2/2011,8/2013,-,998.79,-,"2,170.28",3/4
2023-05,BELAKERI PORT TO KUMTA - SIRSI ROAD FROM KM 0.00 - KM 4.265 OF BELEKERI PORT ROAD LINK RD. AND KM 4.,NHAI,N24001599,KARNATAKA,3/2018,12/2022,-,440.16,-,0.00,1/4
2023-05,PACKAGE-24 CONSTRUCTION OF EIGHTLANE ACCESS- CONTROLLED EXPRESSWAY CARRIAGEWAY FROM RANNI VILLAGE TO,NHAI,N24001232,MADHYA PRADESH,2/2019,3/2022,11/2022,847.00,-,920.50,3/3
2023-05,SANGARIYA (NEAR CHAUTALA)- RASISAR (NEAR BIKANER) (PHASE-I) (AJ/SR-PACKAGE-3),NHAI,N24001580,RAJASTHAN,2/2019,10/2022,6/2023,672.72,-,578.60,0/0
2023-05,4- LANING OF ROHTAK-JIND SECTION FROM KM. 307+000 TO KM. 347+800 OF NH-71 AND CONNECTING LINK FROM K,NHAI,N24001673,HARYANA,3/2020,3/2023,-,510.97,-,0.00,0/0
2023-05,SIX LANING OF NATIONAL CORRIDOR NH19 FROM PANAGARH TO PALSIT IN THE STATE OF WEST BENGAL UNDER BHARA,NHAI,N24001748,WEST BENGAL,3/2021,9/2024,-,"2,200.93",-,"1,092.35",0/0
2023-05,"ADDITIONAL WORKS (2VUPS, MR-10 JUNCTION FLYOVER AND UNDERPASS) IN SIX LANE INDORE- DEWAS SECTION OF N",NHAI,N24001765,MADHYA PRADESH,8/2022,7/2024,-,207.77,-,0.00,0/0
2023-05,6L WITH ACCESS CONTROL PROVISION SAHARANPUR BYPASS TO GANESHPUR SECTION FROM 13.89 KM TO 41.820 KM O,NHAI,N24001629,MULTI STATE,4/2022,11/2024,-,796.65,-,18.45,0/0
2023-05,BALANCE WORK OF 4L OF NARIMBANGLO–JATINGA JUNCTION- HARANGAJO ROAD SECTION FROM KM 0.000 TO KM 49.23,NHAI,N24001547,ASSAM,3/2022,1/2026,-,"1,909.98",-,14.69,0/0
2023-05,CONSTRUCTION OF 8LANE DIVIDED CARRIAGEWAY STARTING AT SOHNA GURUGRAM ROAD NE 4 NEAR ALIPUR VILLAGE A,NHAI,N24001782,HARYANA,11/2018,9/2021,-,"2,312.26",-,"1,361.51",0/0
2023-05,SIX LANNING OF MANDI DABWALI (PUNJAB/HARYANA BORDER)- CHAUTALA ROAD SECTION FROM PROPOSED MANDI DABW,NHAI,N24001672,HARYANA,1/2021,1/2024,1/2024,864.27,864.00,285.95,0/0
2023-05,FOUR LANNING OF NERCHOWK- PANDOH BYPASS SECTION OF NH- 21(PACKAGE-I KM 190.000 TO KM,,,,9/2016,7/2020,-,"1,273.71",-,"1,238.62",0/0
2023-05,FOUR LANING OF BHAVNAGAR- TALAJA SECTION OF NH-8E FROM KM. 7.090 TO KM. 53.585 (DESIGN CH FROM KM. 6.,NHAI,N24000567,GUJARAT,5/2016,8/2019,-,998.18,-,802.04,2/2
2023-05,CONSTRUCTION OF SIX LANING OF DEDICATED PORT ROAD TO KRISHNAPATNAM PORT (PACKAGE- I) KM 0+000 TO KM 1,NHAI,N24000811,ANDHRA PRADESH,3/2018,12/2020,12/2022,314.43,-,85.61,0/0
2023-05,DEVELOPMENT OF SIX LANE SARGI- BASANWAHI OF NH 130 CD FROM KM.42+800 TO 99+500 UNDER RAIPUR VISAKHAPA,NHAI,N24001588,CHHATTISGARH,12/2021,1/2025,-,"1,470.73",-,117.41,0/0
2023-05,"2LPS OF BIJNOR TO KOTAWALI SECTION OF NH-709AD, PKG-IV",NHAI,N24001738,UTTAR PRADESH,9/2021,10/2023,-,300.79,-,0.00,0/0
2023-05,"4-LANING OF MELUR - PILLAYARPATTI - KARAIKUDI SECTION OF NH-338, NH-36, NH-383",NHAI,N24001605,TAMIL NADU,6/2018,3/2022,-,"1,103.86",-,254.33,0/0
2023-05,SIX LANING FROM KAPPIRIKKAD TO THALIKULAM SECTION OF NH – 66 (OLD NH-17) FROM DESIGN CH. 335+850 (EX,NHAI,N24001655,KERALA,6/2021,2/2025,-,"3,606.00",-,"2,766.24",0/0
2023-05,REHABILITATION AND UP- GRADATION OF EXISTING 2-LANE TO 4 LANE OF KOIDA (KM206.20) TO RAJAMUNDA (KM 25,NHAI,N24000731,ODISHA,1/2018,5/2020,-,953.09,"1,014.08",731.39,0/0
2023-05,SIX-LANING OF BARWA ADDA- PANAGARH,NHAI,N24000515,WEST BENGAL,4/2014,9/2016,-,"1,665.00",-,"4,635.18",0/0
2023-05,SIX LANNING OF AUNTA- SIMARIA(GANGA BRIDGE WITH APPROACH ROADS) SECTION OF NH-31,NHAI,N24000696,BIHAR,8/2017,2/2022,8/2023,950.64,"1,161.00",684.66,0/0
2023-05,FOUR LANING OF UDHAMBUR - RAMBAN SECTION OF NH-1A,NHAI,N24000488,JAMMU AND KASHMIR,12/2015,12/2018,4/2023,"2,136.97","2,288.97","2,362.99",3/4
2023-05,4L TWIN TUBE TUNNEL INCLUDING APPROACHES FROM DIGDOL TO KHUNI NALLAH (NORTH BOUND CONNECTING WITH EX,NHAI,N24001622,JAMMU AND KASHMIR,7/2021,6/2024,6/2024,"1,401.87",-,100.73,0/0
2023-05,DEOGARH (NEAR DHANDHANIYA)- RAJASTHAN/GUJARAT BORDER (PHASE-I) (AJ/DRGB-PACKAGE-6),NHAI,N24001563,RAJASTHAN,10/2019,8/2023,-,846.59,-,18.70,0/0
2023-05,"6L STANDALONE FLYOVERS AT RAHA, DEMOW, BORGHAT, KATHIATALI JUNCTIONS AND ROB AT JAGIROAD ON STRETCHE",NHAI,N24001545,ASSAM,8/2022,12/2022,-,175.00,-,54.37,0/0
2023-05,BALANCE WORK OF TWO LANING WITH PAVED SHOULDER OF PIPRAKOTHI–MOTIHARI- RAXAUL SECTION OF NH-28A FRO,NHAI,N24001715,BIHAR,12/2018,10/2020,-,333.60,-,0.00,0/0
2023-05,SIX LANING OF KT/KL BORDER (THALAPPDY) TO CHENGALA SECTION OF NH17 (NEW NH-66) FROM CH. 17.200 TO CH,NHAI,N24001662,KERALA,5/2020,5/2024,11/2021,"1,981.07","2,430.53","1,053.95",0/0
2023-05,CHAKUR LOHA SECTION OF NH-361 FROM KM 114.600 TO KM 187.80,NHAI,N24001806,MAHARASHTRA,3/2018,3/2023,-,"1,241.38",-,"1,577.64",0/0
2023-05,SANCHORE - SANTALPUR FROM KM 67.000- KM 99.000 OF NH-754K (AJ- RGBS-PACKAGE-3),NHAI,N24001790,GUJARAT,2/2020,8/2023,-,752.30,-,343.01,0/0
2023-05,CONVERSION OF PARTIALLY EXCAVATED ESCAPE TUNNEL TO UNIDIRECTIONAL TWO LANE TUNNEL (INCLUDING CONSTRU,NHAI,N24001809,HIMACHAL PRADESH,5/2022,3/2024,-,469.95,-,159.35,0/0
2023-05,DELHI-AMRITSAR-KATRA EXPRESSWAY (PHASE-I PKG-VI) FROM JUNCTION WITH PATIALA- SAMANA-PATRAN ROAD (SH-1,NHAI,N24001414,PUNJAB,12/2020,1/2024,5/2024,733.00,-,427.98,1/1
2023-05,FOUR LANING OF BHOJPUR TO BUXAR,NHAI,N24000506,BIHAR,1/1991,10/2020,5/2023,642.41,-,786.78,3/4
2023-05,DELHI VADODARA GREENFIELD ALIGNMENT SECTION OF NH 148N PACKAGE 27,NHAI,N24001516,GUJARAT,9/2020,2/2024,-,"1,185.69",-,378.53,0/0
2023-05,4-LANNING OF KODINAR TO VERAVAL SECTION OF NH-8E FROM KM 221.610 TO KM 263.000,NHAI,N24000592,GUJARAT,7/2016,7/2020,-,829.97,-,329.71,1/1
2023-05,4L OF UJJAIN TO BADNAWAR FROM KM 26.900 TO KM 96.00 OF NH-752D,NHAI,N24001756,MADHYA PRADESH,10/2020,10/2024,-,"1,352.56",-,134.93,0/0
2023-05,4-LANING OF LOHA - WARANGA SECTION OF NH-361 FROM KM. 187.800 TO KM. 244.369 (DESIGN LENGTH 56.569 K,NHAI,N24000854,JHARKHAND,3/2018,3/2021,6/2023,"1,005.08","1,073.10",699.05,0/0
2023-05,FOUR LANING OF VILUPPURAM TO PUDHUCHERRY (DESIGN CH. KM. 00/000 TO KM. 29/000) SECTION OF NH-45A ON,NHAI,N24001428,TAMIL NADU,3/2018,11/2021,-,998.70,"1,162.44",700.26,0/0
2023-05,4L OF SUHAGADI TO BARDIYA AMRA FROM KM. 89.200 TO KM. 135.351 OF NH-752D (PKG-III),NHAI,N24001758,MADHYA,1/2020,10/2024,-,823.05,-,90.32,0/0
2023-05,6L OF DHANARA - HATIBENA SECTION FROM KM 124.611 TO KM 146.50 OF NH-130-CD (PACKAGE – OD-1),NHAI,N24001669,ODISHA,2/2021,3/2024,-,586.00,-,0.00,0/0
2023-05,CONSTRUCTION OF EIGHT LANE ACCESS CONTROLLED EXPRESSWAY FROM KM 217.500 TO KM 254.430 OF VADODARA MU,NHAI,N24001788,GUJARAT,7/2020,12/2023,-,"2,271.86",-,394.00,0/0
2023-05,NAGPUR RING ROAD PACKAGE-2,NHAI,N24000560,MAHARASHTRA,3/2016,7/2019,10/2023,591.66,-,406.46,0/0
2023-05,6L OF VEERA KAVERI RAJA PURAM TO PONDAVAKKAM FROM KM 61.380 TO KM 96.040 OF NH 716B (PKG-III),NHAI,N24001819,ANDHRA PRADESH,3/2021,1/2025,-,"1,102.63",-,133.37,0/0
2023-05,SHRIRAMPUR (KM. 0.000) TO KOCHUGAON (KM. 30.000) OF BIJNI TO ASSAM./WEST BENGAL BORDER SECTION OF NH,NHAI,N24001549,ASSAM,7/2017,4/2020,-,442.23,-,175.57,0/0
2023-05,6L OF MADURAVOYAL TO SRIPERUMBUDUR SECTION FROM KM. 13.800 TO KM. 37.000 OF NH-4 THROUGH STATE HIGH,NHAI,N24001722,TAMIL NADU,11/2021,2/2023,-,463.44,-,0.00,0/0
2023-05,CONSTRUCTION OF 4 LANE BANGALORE - CHENNAI EXPRESSWAY FROM KM 26.400 TO KM 53.500 SECTION OF NE-7 (M,NHAI,N24001689,KARNATAKA,12/2020,9/2023,-,"1,745.00",-,711.43,0/0
2023-05,4L FROM KM 42.000 TO KM 80.00 OF DODABALLAPUR BYPASS TO HOSKOTE SECTION OF NH-648 (OLD NH- 207) ON H,NHAI,N24001510,KARNATAKA,1/2020,2/2021,7/2023,"1,278.00",-,905.43,0/0
2023-05,BALANCE WORK UNDER PHASE-I FOR 4L OF KHED SINNER SECTION COMPRISING OF THE STRETCHES (I) KHED BYPASS,NHAI,N24001487,MAHARASHTRA,10/2020,10/2022,3/2023,169.83,-,198.92,0/0
2023-05,2L PS OF SATNA - MAIHAR SECTION OF NH-135BG FROM KM 80.800 TO KM 120.125,NHAI,N24001616,MADHYA PRADESH,1/2021,10/2023,-,428.04,-,218.22,0/0
2023-05,TUNNEL AT KHAMBATAKI GHAT SECTION AND ITS APPROACHES FROM EXISTING KM. 771.730 TO EXISTING KM. 782.0,NHAI,N24001486,MAHARASHTRA,2/2019,2/2022,3/2023,493.00,-,374.15,0/0
2023-05,BALANCE WORK 2-LANE WITH PAVED SHOULDERS OF NAGAPATTINAM - THANJAVUR SECTION OF NH-67 (NEW NH-83),NHAI,N24001600,TAMIL NADU,10/2020,5/2023,10/2023,434.12,-,0.00,0/0
2023-05,6 LANING OF EXISTING 4-LANE STRETCH FROM KALKALLU AT KM.454+000 TO GUNDLA,,,,3/2022,1/2025,-,955.49,-,84.06,0/0
2023-05,TWO LANING WITH PAVED SHOULDER OF MEENSURUTTI (KM. 98.433) TO CHIDAMBARM (KM. 129.965.) SECTION OF N,NHAI,N24000828,TAMIL NADU,3/2018,9/2023,8/2023,633.55,664.10,168.87,0/0
2023-05,6L OF BADAKUMARI - KARKI SECTION FROM KM 179.000 TO KM 226.500 OF NH-130-CD (PACKAGE – OD-3),NHAI,N24001668,ODISHA,3/2021,4/2024,-,"1,249.00",-,0.00,0/0
2023-05,FOUR LANING OF JITTANDAHALLI TO DHARMAPURI SECTION OF NH-844 (PKG-III) FROM KM.60+100 TO KM.94+460,NHAI,N24001696,TAMIL NADU,2/2019,8/2023,-,"1,291.37",-,215.02,0/0
2023-05,BANGALORE CHENNAI EXPRESSWAY PHASE-III PACKAGE III (ARAKKONAM TO KANCHEEPURAM) FROM KM 204.500 TO K,NHAI,N24001717,TAMIL NADU,11/2020,8/2024,-,"1,155.49",-,0.00,0/0
2023-05,FOUR LANNING OF RAMPUR- KATHGODAM SECTION OF NH-87 FROM KM 0.000 (KM. 190.000 OF NH- 24) TO KM 42.791,NHAI,N24000556,UTTAR PRADESH,3/2016,4/2019,2/2024,899.00,"1,381.45",920.39,3/4
2023-05,"IMPROVEMENT AND UP-GRADATION OF EXISTING ROAD TO 4L PS FROM KM 175.080 TO 229.070, FROM END OF HARDO",NHAI,N24001728,UTTAR PRADESH,12/2021,7/2025,-,"1,138.81",-,0.00,0/0
2023-05,CONSTRUCTION OF FOUR LANE EXPRESSWAY FROM START OF DSIR ZONE OF AHMEDABAD DISTRICT TO ADHELAI VILLAG,NHAI,N24001446,GUJARAT,5/2020,12/2023,-,894.00,-,302.40,2/4
2023-05,SPUR OF MEERUT-GARH- MUKTESHWAR SECTION(NH-709A) CONNECTING NH-119 AND NH-58 BYPASSING MEERUT TOWN,NHAI,N24001754,UTTAR PRADESH,1/2022,10/2024,-,953.79,-,0.00,0/0
2023-05,CONSTRUCTION OF STAND ALONE RING ROAD/ BYPASS AROUND JAMMU CITY IN THE STATE OF J AND K ON EPC MODE,NHAI,N24000717,JAMMU AND KASHMIR,12/2017,7/2021,7/2023,"1,471.75","1,471.75","1,412.37",3/3
2023-05,4 LANING OF BAHADURGANJ ARARIA SECTION FROM KM 49.000 TO KM 94.000 (PACKAGE-II) OF NH- 327E,NHAI,N24001707,BIHAR,3/2021,1/2024,-,"1,143.46","1,143.00",0.00,0/0
2023-05,4L SPUR OF PANIPAT - SHAMLI CONNECTING NH-709AD (PANIPAT – SHAMLI – MUZAFFARNAGAR) AND NH-709A (KARN,NHAI,N24001729,UTTAR PRADESH,8/2022,4/2024,-,326.79,-,0.00,0/0
2023-05,SIX LANING OF CHENGALA TO NEELESHWARAM SECTION OF NH- 17 (NEW NH-66) FROM CH. 56+200 (EXISTING KM 57+,NHAI,N24001664,KERALA,6/2020,4/2024,10/2021,"1,746.45","2,377.88",856.12,0/0
2023-05,BALANCE WORKS OF FOUR LANE FROM KM 43+950 (THIRUVALLUR BYPASS) TO KM 61+470 (VEPPAMPATTU BYPASS) PAS,NHAI,N24001692,TAMIL NADU,1/2022,9/2024,-,467.99,468.00,11.07,0/0
2023-05,6L OF KAGAL-SATARA SECTION FROM KM 592.240 TO KM 658.000 OF NH-48 (PKG-I),NHAI,N24001546,MAHARASHTRA,1/2023,1/2025,-,"1,025.20",-,37.77,0/0
2023-05,SIX LANING OF EXISTING 4-LANE ROAD FROM GUNDUGOLANU (DESIGN KM 1023.280) TO KALAPARRU (DESIGN KM 105,NHAI,N24001298,ANDHRA PRADESH,9/2018,1/2020,5/2023,597.67,641.90,605.41,0/0
2023-05,VADODARA MUMBAI EXPRESSWAY (PHASE II - PKG XIV),(SHIRSAD - AKLOLI) - [N24001507],KM. 3.000 TO KM. 20.200 OF SPUR,NHAI,11/2022,5/2024,-,"1,124.00",-,52.41,0/0
2023-05,FOUR LANING OF KOILWAR TO BHOJPUR,NHAI,N24000482,BIHAR,8/2015,1/2020,4/2023,814.04,-,"1,089.89",3/4
2023-05,"4L PS OF MEERUT TO AFTER BRIDGE OVER RIVER YAMUNA, HARYANA VIA SHAMLI-FROM KM. 0.00 TO KM. 88.476 OF",NHAI,N24001741,UTTAR PRADESH,9/2020,1/2023,-,798.96,-,0.00,0/0
2023-05,4L MEDINIPUR TO BALLUPUR FROM KM. 458.65 TO KM. 487.65 OF NH- 07(PKG-2),NHAI,N24001553,UTTARAKHAND,3/2022,2/2025,-,"1,092.90","1,092.90",0.03,0/0
2023-05,4L OF AUSA-CHAKUR SECTION FROM KM 55.835 TO KM 114.345 OF NH-361,NHAI,N24001805,MAHARASHTRA,3/2018,3/2021,-,"1,169.04",-,"1,010.33",0/0
2023-05,CONSTRUCTION OF EIGHT LANE EXPRESSWAY FROM KM 190.000 TO KM 217.500 GANDEVA TO ENA SECTION OF VADODA,NHAI,N24001789,GUJARAT,7/2020,8/2023,-,"1,710.30",-,216.93,0/0
2023-05,CONSTRUCTION OF FOUR LANE GREENFIELD PROJECT OF DELHI- AMRITSAR-KATRA EXPRESSWAY (PHASE-I PKG-III) F,NHAI,N24001633,HARYANA,12/2020,12/2023,-,"1,430.88",-,821.19,0/0
2023-05,BAKHTIYARPUR RAJAULI PKG-III FROM KM 101.630 TO KM 152.520 NH20,NHAI,N24001708,BIHAR,9/2020,6/2024,-,"2,156.22",-,"1,540.54",0/0
2023-05,4L OF ADDAHOLE TO BANTWAL CROSS SECTION INCLUDING FLYOVER AT KALLADKA TOWN,NHAI,N24001425,KARNATAKA,3/2021,11/2021,11/2023,"1,100.88","1,100.88",487.71,2/4
2023-05,DEOGARH (NEAR DHANDHANIYA)- RAJASTHAN/GUJARAT BORDER (PHASE-I) (AJ/DRGB-PACKAGE-4),NHAI,N24001575,RAJASTHAN,10/2019,11/2022,6/2023,598.01,-,404.15,0/0
2023-05,CONSTRUCTION OF 4 LANE ACCESS CONTROLLED NEW GREENFIELD HIGHWAY SECTION OF NH 365BG FROM RECHARLA VI,NHAI,N24001476,ANDHRA PRADESH,9/2021,9/2022,9/2024,517.05,-,160.23,0/0
2023-05,6L ACCESS CONTROLLED GREENFIELD HIGHWAY OF JULEKAL VILLAGE TO DINNEDEVARAPADU VILLAGE FROM KM 242.20,NHAI,N24001625,TELANGANA,1/2022,1/2025,-,"1,227.57",-,4.98,0/0
2023-05,4L OF HARDA - BETUL (PKG-II) FROM KM. 30.00 TO KM.81.00,- [N24001761],TEMAGAON TO CHICHOLI,NHAI,2/2023,2/2025,-,520.28,-,34.19,0/0
2023-05,SANGARIYA (NEAR CHAUTALA)- RASISAR (NEAR BIKANER) (PHASE-I) (AJ/SR-PACKAGE-5),NHAI,N24001581,RAJASTHAN,2/2019,10/2022,-,515.45,-,0.12,0/0
2023-05,REHABILITATION AND UP- GRADATION OF EXISTING 2-LANE TO 4 LANE OF DUBURI (KM 388.376) TO CHANDIKHOLE (,NHAI,N24000733,ODISHA,1/2018,8/2022,-,633.68,492.83,560.38,0/1
2023-05,DELHI-AMRITSAR-KATRA EXPRESSWAY (PHASE-I PKG-XII) FROM JUNCTION WITH AMRITSAR- MEHTA-SRIHARGOBINDPUR-,NHAI,N24001420,PUNJAB,2/2021,4/2024,-,853.66,-,0.00,0/0
2023-05,CONSTRUCTION OF EIGHT LANE ACCESS CONTROLLED EXPRESSWAY CARRIAGEWAY FROM RAJASTHAN/MP BORDER TO JODM,NHAI,N24001214,MADHYA PRADESH,12/2017,12/2022,-,217.96,-,"2,298.00",3/4
2023-05,VARANASI-AURANGABAD KM.786 TO KM.978.40,NHAI,N24000182,MULTI STATE,9/2011,3/2014,-,"2,848.00",-,"3,568.56",0/0
2023-05,FOUR LANING OF BARHI - KODERMA SECTION OF NH - 31,NHAI,N24000725,JHARKHAND,1/2018,11/2021,-,273.46,-,206.31,0/0
2023-05,4L OF MADANAPALLE TO PILERU SECTION FROM KM 0.000 TO KM 55.900 OF NH-71(PACKAGE-I) - N/05060/01002/A,NHAI,N24001823,ANDHRA PRADESH,1/2022,1/2025,1/2023,"1,852.12",-,178.51,0/0
2023-05,4L OF BAL WORKS OF TALAJA - MAHUVA FROM 54.990 KM. TO 100.450 KM. OF OLD NH-8E (PACKAGE-II),NHAI,N24001792,GUJARAT,3/2021,9/2022,-,536.03,-,350.00,0/0
2023-05,BALANCE WORKS OF 4L AMRAVATI - CHIKHLI (PKG II),- [N24001801],KURANKHED TO SHELAD FROM KM. 220.00 TO KM. 270.00,NHAI,11/2019,2/2023,-,633.70,-,232.70,0/0
2023-05,4L OF HARIDWAR NAGINA SECTION,,,,6/2020,2/2024,-,183.92,-,5.76,0/0
2023-05,DELHI VADODARA GREENFIELD ALIGNMENT SECTION OF NH 148N PACKAGE 28,NHAI,N24001519,GUJARAT,9/2020,11/2023,-,"1,198.55",-,392.19,0/0
2023-05,6L GREENFIELD BARAJA - KANDILI SECTION OF NH- 130-CD ROAD FROM KM 338+500 TO KM 342+500 (PACKAGE-OD,NHAI,N24001666,ODISHA,12/2021,9/2024,-,714.00,714.00,0.00,0/0
2023-05,FOUR LANING OF MUNGER TO MIRZACHAUKI (NH-80) SECTION FROM MUNGER TO KHARIA VILLAGE JUNCTION DESIGN C,NHAI,N24001705,BIHAR,3/2022,3/2024,-,"1,485.66",-,0.00,0/0
2023-05,CONSTRUCTION OF 2 LANE BRIDGE ACROSS RIVER KOSI WITH APPROACH ROAD FROM BHEJA TO BAKAUR SECTION OF N,NHAI,N24001371,BIHAR,10/2019,8/2023,-,"1,101.99",-,542.11,2/4
2023-05,"CONSTRUCTION OF 4-LANE NH- 344P-PACKAGE-4 (FROM KM 0+000 TO KM 29+600, 29.6KM), STARTING FROM BAWANA",NHAI,N24001532,HARYANA,11/2021,11/2023,11/2023,694.00,-,998.08,0/0
2023-05,4L OF AMRITSAR GHOMAN TANDA UNA SECTION FROM KM 8.270 TO KM 54.000 OF NH 503A PACKAGE I,NHAI,N24001643,PUNJAB,12/2020,6/2024,-,857.91,-,0.00,0/0
2023-05,SANGARIYA (NEAR CHAUTALA)- RASISAR (NEAR BIKANER) SECTION OF NH-754K (PHASE-I) (AJ/SR- PACKAGE-7),NHAI,N24001565,RAJASTHAN,2/2019,5/2023,6/2023,520.63,-,418.92,0/0
2023-05,6L ACCESS CONTROL GREENFIELD HIGHWAY OF VILL-KARAUNDA MAHAJAN TO VILL-KHYAWARI FROM KM. 56.500 TO K,NHAI,N24001736,UTTAR PRADESH,1/2022,8/2024,-,"1,159.96",-,0.00,0/0
2023-05,FOUR LANING OF BAL. WORKS OF BARASAT-KRISHNAGAR FROM KM.48.553 TO KM.115.272,NHAI,N24001752,WEST BENGAL,12/2018,2/2023,8/2023,"2,375.87","2,566.80","2,240.45",0/0
2023-05,CONSTRUCTION OF NEW 4 LANE BRIDGE OVER RIVER GANGA AT DOWNSTREAM OF FARAKKA BARRAGE INCLUDING APPROA,NHAI,N24001750,WEST BENGAL,8/2018,12/2021,-,622.04,-,292.98,0/0
2023-05,6L OF AZHIYUR-VENGALAM FROM KM. 189.200 TO KM. 230.400 OF NH- 66,NHAI,N24001661,KERALA,10/2020,4/2024,-,"3,219.47","3,713.14","1,809.45",0/0
2023-05,HUNGUND-SURATHKAL AND MANGALORE-KNT/KERALA BORDER,NHAI,N24000138,KARNATAKA,9/2010,6/2018,6/2023,946.00,"1,046.56",827.99,4/4
2023-05,CONSTRUCTION OF FOUR LANE EXPRESSWAY FROM START OF VEJALLKA VILLAGE TO START OF DSIR ZONE OF AHMEDAB -,,,,5/2020,7/2023,-,691.52,-,190.24,2/4
2023-05,"FOUR LANING OF EXISTING 2 LANE SECTION FROM MALOUT (DESIGN KM 44.500, EXISTING KM 80.200 OF NH-07) V",NHAI,N24001514,PUNJAB,1/2021,1/2024,6/2023,"1,060.29",-,745.17,0/0
2023-05,CONSTRUCTION OF NH-24 4-LANE BYPASS STARTING FROM KM 479.500 OF NH-24 AND TERMINATING AT KM 17.600 O,NHAI,N24000722,UTTAR PRADESH,12/2017,7/2019,3/2023,305.00,-,236.44,0/0
2023-05,BALANCE WORK OF 4 LANING OF PANVEL TO INDAPUR SECTION OF NH-66(OLD NH- 17) FROM KM 0.000 (PANVEL) TO,NHAI,N24001609,MAHARASHTRA,1/2023,12/2023,-,151.26,-,54.20,0/0
2023-05,FOUR LANING OF NH-363 FROM REPALLEWADA (DESIGN KM 40.000/EXISTING KM 288.510) TO TELANGANA/MAHARASHT,NHAI,N24000825,TELANGANA,3/2018,2/2023,6/2023,828.29,"1,140.50",367.94,0/0
2023-05,KHAMMAM DEVARAPALLE PKG II 4L ACCESS CONTROLLED (GREENFIELD) FROM SOMAVARAM VILLAGE TO CHINTAGUDEM V,NHAI,N24001483,TELANGANA,2/2022,9/2024,-,637.11,-,104.63,0/0
2023-05,4-LANNING EXISTING KM 189.700 TO 237.00] HASSAN TO MARANAHALLY,NHAI,N24000552,KARNATAKA,3/2016,3/2019,12/2023,701.40,-,241.91,3/4
2023-05,JAL MARG VIKAS PROJECT,IWAI,N25000072,MULTI STATE,1/2018,3/2023,-,"5,369.18","4,633.10","2,436.97",3/7
2023-05,CENTRE FOR DISABILITY SPORTS,CPWD,N38000001,MADHYA PRADESH,2/2019,3/2024,-,170.99,-,73.80,1/5
2023-05,SCREENING PLANT-III AT KIRANDUL,NMDC,N12000127,CHHATTISGARH,3/2021,8/2024,-,"2,092.97","2,221.86",661.96,2/5
2023-05,NMDC SLURRY PIPE LINE PROJECT - PHASE-1,NMDC,N12000124,CHHATTISGARH,11/2015,6/2023,7/2024,"2,907.00",-,"1,251.03",3/8
2023-05,NMDC INTEGRATED STEEL PLANT,NMDC,N12000086,CHHATTISGARH,1/2010,5/2015,6/2023,"15,525.00","23,840.00","23,028.76",81/86
2023-05,REBUILDING OF COKE OVEN BATTERY NO. 7 and 8 AT BSP,SAIL,N12000123,CHHATTISGARH,11/2020,12/2023,-,542.24,-,157.19,0/0
2023-05,UP GRADATION OF AUTOMATION SYSTEM OF HOT STRIP MILL AT BOKARO STEEL PLANT,SAIL,N12000126,JHARKHAND,2/2022,6/2024,-,207.74,-,78.71,0/0
2023-05,NEW SINTER PLANT AT BOKARO STEEL PLANT,SAIL,N12000095,JHARKHAND,3/2015,10/2017,12/2021,"1,034.01",-,808.63,0/2
2023-05,INSTALLATION OF 4TH SLAB CASTER ALONG WITH ITS AUXILIARIES AND A NEW LADLE FURNACE IN SMS-II AT RSP,SAIL,N12000125,ODISHA,1/2022,5/2025,-,970.18,-,143.78,0/1
2023-05,PHASE-I OF CONSOLIDATION OF EXISTING CDR DATA CENTERS AND NIB-P3 DATA CENTERS WITH STATE OF THE ART,BSNL,N26000114,MULTI STATE,3/2020,6/2021,11/2021,461.42,461.42,127.50,0/0
2023-05,SUPER EDGE ROUTERS FOR BSNL INTERNET PROTOCOL - MULTI PROTOCOL LEBEL SWITCHING (IPMPLS) NETWORK and,BSNL,N26000115,MULTI STATE,3/2023,3/2024,-,185.27,-,0.00,0/0
2023-05,SETTING UP PHYSICAL INFRASTRUCTURE FOR THE NATIONAL INSTITUTE OF COMMUNICATION FINANCE(NICF) AT GHIT,CPWD FOR TELECO,N28000115,DELHI,10/2014,3/2018,-,248.20,-,187.83,3/5
2023-05,NETWORK FOR SPECTRUM,DOT,N26000101,MULTI STATE,3/2012,7/2015,12/2022,"13,334.00",-,"21,913.00",0/0
2023-05,SURAT METRO RAIL PROJECT,MEGA,N28000138,GUJARAT,3/2019,3/2024,-,"12,020.32",-,"2,120.76",0/1
2023-05,AHMEDABAD METRO RAIL PROJECT PHASE II,MEGA,N28000137,GUJARAT,3/2019,3/2024,-,"5,384.17",-,"1,291.10",0/1
2023-05,AHMEDABAD METRO RAIL PROJECT PHASE 1,MEGA,N28000122,GUJARAT,11/2014,12/2018,-,"10,773.00",-,"11,742.30",0/1
2023-05,BANGALORE METRO RAIL PROJECT LIMITED. PHASE. 2A AND 2B,BMRCL,N28000151,KARNATAKA,6/2021,6/2026,-,"14,788.10",-,"2,424.04",0/76
2023-05,BANGALORE METRO RAIL PROJECT PHASE-2,BMRCL,N28000058,KARNATAKA,2/2014,2/2021,-,"26,405.14",-,"20,936.29",164/249
2023-05,CONSTRUCTION729 QUARTERS (TYPE II-180 TYPE III-364 TYPE IV-112 TYPE V-68 TYPE-VI-5 SHOPS COMMUNI,CPWD,N28000149,CHHATTISGARH,5/2019,9/2020,2/2024,299.97,299.97,136.51,3/6
2023-05,REDEVELOPMENT OF GENERAL POOL RESIDENTIAL COLONY AT SRINIWASPURI NEW DELHI PHASE-I,CPWD,N28000128,DELHI,10/2016,7/2021,-,"1,180.00",-,36.69,0/6
2023-05,"CONSTRUCTION OF 184 MULTI STORIED FLATS FOR HON'BLE MPS AT BKS MARG, NEW DELHI",CPWD,N28000153,DELHI,1/2022,11/2024,5/2025,646.52,-,21.28,1/6
2023-05,CONSTRUCTION OF PERMANENT CAMPUS OF CENTRAL UNIVERSITY OF HIMACHAL PRADESH AT DEHRA AND JADRANGAL (D,CPWD,N28000154,HIMACHAL PRADESH,4/2022,11/2024,-,512.34,-,0.00,0/0
2023-05,REDEVELOPMENT OF GPRA AT,,,,10/2016,3/2022,-,"1,128.00",-,160.24,0/0
2023-05,CHENNAI METRO RAIL LTD (PHASE 1 EXT),CMRL,N28000097,TAMIL NADU,6/2016,3/2018,2/2021,"3,770.00",-,"2,527.73",21/21
2023-05,CHENNAI METRO RAIL LTD (PHASE 1),CMRL,N28000084,TAMIL NADU,2/2009,12/2015,-,"14,600.00",-,"17,619.68",24/24
2023-05,DELHI METRO PHASE IV THREE PRIORITY CORRIDORS,DMRC,N28000135,DELHI,7/2019,3/2025,-,"24,948.65",-,"7,210.65",0/1
2023-05,DELHI METRO RAIL EXTENSION FROM NAJAFGARH TO DHANSA BUS STAND,DMRC,N28000136,DELHI,5/2017,12/2020,9/2021,565.00,-,520.98,1/1
2023-05,DELHI MRTS PHASE-III,DMRC,N28000056,DELHI,9/2011,3/2016,8/2021,"38,585.00",-,"40,152.10",1/1
2023-05,KOCHI METRO RAIL PROJECT,KMRCL,N28000081,KERALA,7/2012,7/2017,9/2020,"5,181.79",-,"6,059.17",0/0
2023-05,AGRA METRO RAIL PROJECT,LMRCL,N28000145,UTTAR PRADESH,5/2019,3/2024,-,"8,379.62",-,"2,310.92",0/0
2023-05,KANPUR METRO RAIL PROJECT,LMRCL,N28000144,UTTAR PRADESH,5/2019,3/2024,-,"11,076.48",-,"5,002.78",0/0
2023-05,PUNE METRO RAIL PROJECT (PHASE 1),MMRC,N28000121,MAHARASHTRA,12/2016,11/2021,12/2023,"11,420.00","13,656.22","10,615.07",0/0
2023-05,MUMBAI METRO LINE 3 (COLABA- BANDRA-SEEPZ),MMRCL,N28000086,MAHARASHTRA,7/2013,3/2020,-,"23,136.00",-,"23,882.64",0/0
2023-05,INDORE METRO RAIL,MPMRCL,N28000125,MADHYA PRADESH,11/2018,2/2023,12/2026,"7,500.80",-,"1,354.59",0/0
2023-05,BHOPAL METRO RAIL,MPMRCL,N28000124,MADHYA PRADESH,11/2018,2/2023,12/2026,"6,941.40",-,"1,123.00",0/0
2023-05,NAGPUR METRO RAIL PROJECT PHASE II,NMRCL,N28000155,MAHARASHTRA,12/2022,12/2027,-,"6,708.00",-,0.00,0/0
2023-05,REDEVELOPMENT OF GPRA COLONY AT NAUROJI NAGAR,NBCC,N28000105,DELHI,7/2016,/,-,"2,694.00",-,"1,734.35",1/9
2023-05,DELHI GHAZIABAD MEERUT RRTS CORRIDOR,NCRTC,N28000134,MULTI STATE,3/2019,6/2025,-,"30,274.00",-,"15,578.72",0/8
2023-05,PATNA METRO RAIL CORPORATION LIMITED,PATNA METRO RAI,N28000148,BIHAR,2/2019,6/2024,9/2024,"13,365.77",-,"1,202.59",0/0
2023-05,PROTECTION OF MAJULI ISLAND FROM FLOOD AND EROSION OF RIVER BRAHMAPUTRA,BPB,N30000001,MAHARASHTRA,3/2017,12/2019,5/2023,233.57,-,209.79,0/0
2023-05,"SEWER NETWORKS, SPS AND STP, MUNGER",,,,3/2018,10/2021,-,294.02,-,147.50,0/0
2023-05,SAIDPUR SEWER NETWORK PATNA,BUIDCO,N30000039,BIHAR,4/2015,1/2021,-,268.63,-,472.13,0/0
2023-05,"SEWERAGE SYSTEM AND STP FOR DIGHA ZONE, PATNA",BUIDCO,N30000051,BIHAR,8/2017,6/2022,-,824.00,-,164.26,0/0
2023-05,SEWERAGE SYSTEM AND STP FOR KANKARBAG ZONE PATNA,BUIDCO,N30000050,BIHAR,8/2017,6/2022,-,578.89,-,30.88,0/0
2023-05,SEWERAGE TREATMENT PLANT AT PAHARI PATNA,BUIDCO,N30000043,BIHAR,5/2017,11/2020,-,191.62,-,105.95,0/0
2023-05,SEWER NETWORK SPS AND STP BEGUSARAI,BUIDCO,N30000026,BIHAR,3/2018,7/2021,-,230.06,-,180.57,0/0
2023-05,SEWER NETWORKS SPS AND STP HAJIPUR,BUIDCO,N30000035,BIHAR,3/2018,8/2021,-,305.19,-,250.54,0/0
2023-05,I AND D AND STP WORKS FOR BHAGALPUR,BUIDCO,N30000027,BIHAR,10/2017,9/2020,11/2020,254.13,413.29,27.47,0/0
2023-05,SEWERAGE SYSTEM WITH SEWER NETWORK PATNA BEUR,BUIDCO,N30000037,BIHAR,12/2014,3/2020,-,225.77,-,344.48,0/0
2023-05,I AND D AND STP AT CHAPPRA,BUIDCO,N30000028,BIHAR,11/2018,12/2020,-,236.15,-,95.77,0/0
2023-05,SEWERAGE SYSTEM WITH SEWER NETWORK PATNA KARMALICHAK,BUIDCO,N30000044,BIHAR,3/2017,5/2021,-,277.42,-,328.54,0/0
2023-05,SEWERAGE SCHEME AT PAHARI ZONE V PATNA,BUIDCO,N30000040,BIHAR,5/2017,4/2021,-,356.37,-,279.85,0/0
2023-05,7 NOS PRIORITIZED STPS 1 NO. SPS AND PERIPHERAL SEWERS IN COMMAND AREA OF NAJAFHARH DRAIN DHANSA TO,DJB,N30000018,DELHI,5/2017,5/2020,-,344.81,-,0.00,0/0
2023-05,REHABILITATION AND UP- GRADATION OF PHASE I STP 182 MLD R2,DJB,N30000015,DELHI,5/2016,12/2021,-,211.79,-,152.00,0/0
2023-05,CONSTRUCTION OF 318 MLD WWTP WITH 10 YEARS O AND M AT CORONATION PILLAR DELHI,DJB,N30000017,DELHI,12/2018,1/2021,-,515.07,-,388.08,0/0
2023-05,CONSTRUCTION OF 564 MLD 124 MGD WASTE WATER TREATMENT PLANT WITH EFFLUENT STANDARDS OF BOD – 10MG/L,DJB,N30000014,DELHI,3/2017,12/2022,-,665.78,-,516.15,0/0
2023-05,REHABILITATION AND UPGRADATION OF KONDLI PHASE I STP 45 MLD PHASE II STP 114 MLD AND PHASE III S,DJB,N30000016,DELHI,5/2016,2/2022,-,239.11,-,220.27,0/0
2023-05,"INTERCEPTION, DIVERSION AND TREATMENT WORKS AT BARANAGAR AND KAMARAHATI",KMDA,N30000048,WEST BENGAL,1/2018,12/2021,-,172.10,-,42.25,0/0
2023-05,"INTERCEPTION, DIVERSION AND TREATMENT WORKS AT HOWRAH",KMDA,N30000045,WEST BENGAL,8/2017,12/2021,-,185.22,-,44.85,0/0
2023-05,INTERCEPTION AND DIVERSION WITH STP AT HUGHLY-CHINSURAH,KMDA,N30000042,WEST BENGAL,5/2018,2/2022,9/2020,160.00,154.73,40.97,0/0
2023-05,INTERCEPTION AND DIVERSION WORKS WITH STP FOR DRAINS FALLING IN RIVER DAMODAR AT DURGAPURL,KMDA,N30000030,WEST BENGAL,3/2019,4/2022,-,287.53,-,0.00,0/0
2023-05,SEWERAGE SYSTEM WITH SEWER NETWORK AT BARRACKPORE,KMDA,N30000047,WEST BENGAL,12/2014,4/2020,-,272.32,-,294.01,0/0
2023-05,I AND D AND STP WORKS AT BURDWAN WEST BENGAL,KMDA,N30000031,WEST BENGAL,12/2018,4/2022,-,234.31,-,0.00,0/0
2023-05,INTEGRATION OF STPS WITH REHABILITATION AND O AND M OF EXISTING ASSETS,KMDA,N30000033,WEST BENGAL,3/2018,6/2022,-,165.16,-,0.00,0/0
2023-05,INTERCEPTION AND DIVERSION WITH STP AT BALLY,KMDA,N30000049,WEST BENGAL,10/2017,12/2021,-,164.93,-,39.98,0/0
2023-05,SEWERAGE SYSTEM AND STP WORKS AT HALISHAHR,KMDA,N30000046,WEST BENGAL,2/2014,12/2019,1/2023,274.76,332.56,263.86,0/0
2023-05,INTERCEPTION DIVERSION TREATMENT WORKS AT TOLLYS NULLAH ADI GANGA,KMDA,N30000034,WEST BENGAL,8/2017,9/2022,-,307.12,-,0.00,0/0
2023-05,INTERCEPTION AND DIVERSION WITH STP AT MAHESHTALA,KMDA,N30000032,WEST BENGAL,5/2018,2/2022,-,198.43,224.69,19.03,0/0
2023-05,POLAVARAM IRRIGATION PROJECT,PPA,N30000002,ANDHRA PRADESH,2/2009,3/2020,-,"10,151.04",-,"21,681.59",8/19
2023-05,INTERCEPTION AND DIVERSION WORKS AND STP AT MUZAFFARNAGAR UTTAR PRADESH,UPJalNigam,N30000021,UTTAR PRADESH,1/2019,12/2021,1/2020,231.79,234.03,94.19,0/0
2023-05,"INTERCEPTION, DIVERSION AND TREATMENT WORKS FOR NAINI DISTRICT G PHAPHAMAU DISTRICT F AND JHUSI AREA",UPJalNigam,N30000006,UTTAR PRADESH,5/2017,9/2021,-,767.59,-,276.97,0/0
2023-05,INTERCEPTION AND DIVERSION WORKS AND SEWAGE TREATMENT PLANT AT JAUNPUR UTTAR PRADESH,UPJalNigam,N30000022,UTTAR PRADESH,1/2019,10/2021,-,206.05,-,131.89,0/0
2023-05,FARRUKHABAD I AND D AND STP WORKS HAM,,,,10/2017,3/2022,2/2021,213.62,261.12,21.49,0/0
2023-05,"INTERCEPTION AND DIVERSION WORKS WITH STP AT BAREILLY, UTTAR PRADESH",UPJalNigam,N30000013,UTTAR PRADESH,3/2019,8/2021,-,271.39,-,59.32,0/0
2023-05,STP AT PANKHA KANPUR AND INTEGRATION WITH EXISTING STPS,UPJalNigam,N30000010,UTTAR PRADESH,3/2018,9/2021,-,967.23,-,220.73,0/0
2023-05,MATHURA SEWERAGE SCHEME,UPJalNigam,N30000019,UTTAR PRADESH,12/2017,12/2020,-,460.45,-,295.23,0/0
2023-05,INTERCEPTION AND DIVERSION WORKS WITH STP AT LUCKNOW UTTAR PRADESH,UPJalNigam,N30000025,UTTAR PRADESH,3/2019,7/2021,-,298.12,-,25.06,0/0
2023-05,SEWERAGE SCHEME INTERCEPTION AND DIVERSION WITH STP WORKS AT MEERUT UTTAR PRADESH,UPJalNigam,N30000024,UTTAR PRADESH,2/2019,6/2022,-,681.78,-,0.00,0/0
2023-05,INTERCEPTION AND DIVERSION WITH STP AT RISHIKESH,UKJalNigam,N30000004,UTTARAKHA ND,3/2017,11/2019,-,158.00,-,95.54,0/0
