edition,project name,agency,project code,state,doa,original/target doc,revised doc,original cost,revised cost,cumulative expenditure,physical progress
2023-10,"PROTOTYPE FAST BREEDER REACTOR (BHAVINI, 500 MWE)",BHAVNI,020100044,TAMIL NADU,9/2003,9/2010,10/2022,"3,492.00","6,840.00","6,612.17",85/87
2023-10,KUDANKULAM NUCLEAR POWER PROJECT 5 AND 6,NPCIL,N02000029,TAMIL NADU,6/2017,9/2027,-,"49,621.00",-,"12,146.00",16/80
2023-10,KUDANKULAM NUCLEAR POWER PROJECT UNIT-3 and 4,NPCIL,N02000028,TAMIL NADU,3/2013,11/2020,-,"39,849.00",-,"39,869.00",36/76
2023-10,KAKRAPAR ATOMIC POWER PROJECT - 3 AND 4,NPCIL,N02000010,GUJARAT,10/2009,12/2015,-,"11,459.00","22,517.00","20,689.00",67/70
2023-10,RAJASTHAN ATOMIC POWER PROJECT -7 AND 8 (2X700 MW),NPCIL,N02000027,RAJASTHAN,10/2009,12/2016,-,"12,320.00","17,079.00","17,054.00",55/68
2023-10,RAJAHMUNDRY AIRPORT: CONSTRUCTION OF NEW DOMESTIC TERMINAL BUILDING AND MISCELLANEOUS WORKS INCLUD,AAI,N04000103,ANDHRA PRADESH,12/2022,8/2025,-,347.15,-,0.00,0/0
2023-10,"CONSTRUCTION OF COMBINED OPERATIONAL OFFICES FOR DGCA, BCAS, AAIB, AERA AND AAI AT SAFDARJUNG AIRPOR",AAI,N04000076,DELHI,11/2016,4/2020,-,303.80,351.21,314.25,0/0
2023-10,"PRAYAGRAJ AIRPORT - CONSTRUCTION OF NEW TERMINAL BUILDING, SECOND LINK TAXI TRACK, APRON EXPANSION,",AAI,N04000102,UTTAR PRADESH,5/2023,11/2024,-,185.75,-,0.00,0/8
2023-10,"CONSTRUCTION OF DOMESTIC PASSENGER TERMINAL BUILDING AT DEHRADUN AIRPORT, DEHRADUN",AAI,N04000085,UTTARAKHAND,7/2018,9/2020,-,456.86,-,458.75,1/7
2023-10,"CONSTRUCTION OF NEW INTEGRATED TERMINAL BUILDING, CONTROL TOWER CUM TECHNICAL BLOCK, APRON, LINK TAX",AAI,N04000100,MANIPUR,11/2021,7/2024,12/2024,499.00,-,83.88,0/2
2023-10,"MODERNIZATION OF CHENNAI AIRPORT PHASE II, CHENNAI",AAI,N04000074,TAMIL NADU,6/2018,2/2022,-,"2,467.00",-,"1,371.83",12/13
2023-10,CONSTRUCTION OF TERMINAL BUILDING AND ASSOCIATED WORKS AT LEH AIRPORT,AAI,N04000078,LADAKH,7/2018,9/2021,12/2023,480.33,-,278.19,2/9
2023-10,CONSTRUCTION OF ATC TOWER AND TECHNICAL BLOCK AT NSCBI AIRPORT KOLKATA,AAI,N04000080,WEST BENGAL,1/2016,3/2020,6/2022,458.00,-,225.64,2/2
2023-10,"CO CIVIL AVIATION REASEARCH ORG. (PH-II) AT BEGUMPET AIRPORT, HYDRABAD",AAI,N04000086,TELANGANA,5/2020,5/2022,6/2023,353.61,-,296.46,4/4
2023-10,DEVELOPMENT OF AYODHYA AIRPORT PHASE-01,AAI,N04000094,UTTAR PRADESH,3/2021,12/2022,11/2023,242.14,328.00,279.79,1/14
2023-10,DEVELOPMENT OF TUTICORIN AIRPORT,AAI,N04000090,TAMIL NADU,6/2019,3/2022,2/2024,380.87,-,195.53,13/45
2023-10,"CONSTRUCTION OF NEW DORNESTIC TERMINAL BUILDING AND OTHER STRUCTURES, PHASE I AND II",AAI,N04000082,BIHAR,5/2018,10/2022,-,"1,216.90",-,510.76,1/3
2023-10,"EXTENSION OF RUNWAY WITH BLAST PAD, RESA, TAXIWAY, APRON, GSE AREA, ISOLATION BAY, NEW DOMESTIC TERM",AAI,N04000096,MAHARASHTRA,6/2017,12/2020,-,255.68,-,239.70,0/1
2023-10,C/O OF NITB AND ASSOCIATED WORK AT VIJAYAWADA AIRPORT,AAI,N04000091,ANDHRA PRADESH,4/2020,3/2023,-,611.80,-,224.46,6/14
2023-10,"EXTENSION OF TERMINAL BUILDING, PTT, APRON AND CAR PARK AT SURAT AIRPORT.",AAI,N04000093,GUJARAT,8/2018,2/2021,-,353.25,-,284.28,1/2
2023-10,CONSTRUCTION OF NEW TERMINAL BUILDING AT JODHPUR AIRPORT,AAI,N04000101,RAJASTHAN,5/2022,11/2024,-,480.00,-,15.43,0/1
2023-10,"C/O NEW GREENFIELD AIRPORT AT HISSAR, RAJKOT, GUJARAT",AAI,N04000088,GUJARAT,1/2018,8/2022,12/2023,"1,405.00",-,"1,094.82",15/17
2023-10,EXTENSION OF EXISTING INTEGRATED TERMINAL BUILDING AND ALLIED WORKS AT GOA AIRPORT.,AAI,N04000095,GOA,11/2017,9/2021,-,255.69,-,49.21,0/1
2023-10,EXT AND STR. OF EXISTING RUNWAY 08/26 AT TIRUPATI AIRPORT,AAI,N04000089,ANDHRA PRADESH,8/2017,2/2020,12/2021,177.10,-,143.24,3/4
2023-10,CONSTRUCTION OF NEW INTEGRATED TERMINAL BUILDING AT LGBI AIRPORT GUWAHATI,AAI,N04000083,ASSAM,12/2016,3/2021,-,"1,142.00",-,365.49,0/1
2023-10,UPGRADATION OF JABALPUR,,,,6/2016,6/2021,-,412.24,-,375.02,0/1
2023-10,CONSTRUCTION OF NEW GREEN FIELD AIRPORT AT HOLLONGI ITANAGAR ARUNACHAL PRADESH,AAI,N04000092,ARUNACHAL PRADESH,2/2019,8/2022,2/2024,645.63,-,645.84,2/3
2023-10,UPGRADATION OF PASSENGER TERMINAL BUILDING AND AIRSIDE FACILITIES AT TIRUCHIRAPALLI INTERNATIONAL AI,AAI,N04000075,TAMIL NADU,8/2018,10/2021,-,951.28,-,959.34,9/14
2023-10,"CCS INTERNATIONAL AIRPORT , LUCKNOW",AAI,N04000077,UTTAR PRADESH,6/2018,9/2021,-,"1,383.00",-,"1,857.67",0/2
2023-10,"CONSTRUCTION OF NEW INTEGRATED TERMINAL BUILDING, RECONSTRUCTION OF OLD TERMINAL BUILDING, MODIFICAT",AAI,N04000079,MAHARASHTRA,3/2017,4/2021,-,475.39,-,451.77,9/10
2023-10,"CONSTRUCTION OF NEW INTEGRATED TERMINAL BUILDING AT VSI AIRPORT, PORTBLAIR",AAI,N04000073,ANDAMAN AND NICOBAR ISLANDS,10/2013,9/2018,5/2023,417.23,707.73,679.78,6/6
2023-10,"DEVELOPMENT OF NEW GREENFIELD AIRPORT AT DHOLERA, AHMEDABAD (GUJARAT). PHASE-1.",AAI,N04000099,GUJARAT,6/2022,12/2025,-,"1,305.00",-,31.31,1/9
2023-10,DEVELOPMENT OF GWALIOR AIRPORT PHASE 01,AAI,N04000098,MADHYA PRADESH,10/2021,8/2023,11/2023,446.12,-,348.83,2/9
2023-10,MURAIDIH UG TURN-KEY PROJECT,BCCL,N06000096,JHARKHAND,2/2011,4/2014,-,339.88,-,151.04,6/7
2023-10,MADHUBAND NLW WASHERY,BCCL,N06000126,JHARKHAND,8/2010,5/2014,-,289.45,-,297.61,4/8
2023-10,2.0 MTPA BHOJUDIH NLW WASHERY,BCCL,N06000195,WEST BENGAL,12/2015,3/2017,-,304.13,341.22,224.12,0/0
2023-10,PATHERDIH 2.5 NLW COAL WASHERY,BCCL,N06000194,JHARKHAND,10/2015,4/2018,-,243.00,-,94.11,0/0
2023-10,NORTH TISRA AND SOUTH TISRA EXPANSION OCP (6MTY),BCCL,N06000106,JHARKHAND,2/2014,3/2021,-,555.52,-,379.46,1/2
2023-10,MOONIDIH XV SEAM UG,BCCL,N06000098,JHARKHAND,8/2011,3/2019,-,"1,230.27",-,583.84,3/6
2023-10,EPR PUNDI OCP,CCL,N06000242,JHARKHAND,11/2020,3/2024,-,713.35,-,236.44,0/0
2023-10,EXPANSION PROJECT AMRAPALI OCP,CCL,N06000217,JHARKHAND,8/2020,3/2028,-,"5,136.15",-,579.97,0/0
2023-10,CHANDRAGUPT OCP,,,,8/2020,3/2032,-,973.50,-,7.80,0/0
2023-10,EXPANSION OF KONAR OCP,CCL,N06000245,JHARKHAND,1/2022,3/2032,-,799.34,-,284.69,0/0
2023-10,EXPANSION OF ASHOK OCP,CCL,N06000247,JHARKHAND,5/2021,3/2026,-,"2,898.28",-,173.90,0/0
2023-10,EXPANSION OF KARO OCP,CCL,N06000246,JHARKHAND,1/2022,3/2026,-,908.47,-,135.26,0/0
2023-10,TETARIAKHAR EXPANSION OCP,CCL,N06000186,JHARKHAND,11/2019,3/2023,-,243.52,-,41.66,1/1
2023-10,SIRKA OCP,CCL,N06000239,JHARKHAND,5/2020,3/2025,-,222.82,-,139.31,0/0
2023-10,CHURI BENTI UG (0.81 MTY),CCL,N06000083,JHARKHAND,8/2007,3/2011,-,163.51,-,133.28,7/7
2023-10,JHARKHAND LAIYO OCP,CCL,N06000240,JHARKHAND,8/2020,3/2031,-,764.57,-,145.67,0/0
2023-10,EPR TAPIN SOUTH OCP,CCL,N06000241,JHARKHAND,11/2020,3/2025,-,230.41,-,18.14,0/0
2023-10,KOTRE BASANTPUR PACHMO OCP,CCL,N06000237,JHARKHAND,8/2020,3/2032,-,861.06,625.40,314.27,0/0
2023-10,UCE OF EPR OF NORTH URIMARI OCP,CCL,N06000218,JHARKHAND,7/2021,3/2026,-,778.80,-,590.91,0/0
2023-10,EPR ROHINI KARKATA OCP,CCL,N06000243,JHARKHAND,1/2021,3/2025,-,"1,020.42",-,82.76,0/0
2023-10,RAJRAPPA RCE OCP ( 3.0 MTY),CCL,N06000087,JHARKHAND,12/2009,3/2016,-,510.85,-,487.68,7/7
2023-10,REVISED PROJECT REPORT MAGADH EXPANSION OCP,CCL,N06000216,JHARKHAND,8/2020,3/2028,-,"7,254.37",-,907.24,0/0
2023-10,KARMA OCP (1.0MTY),CCL,N06000088,JHARKHAND,6/2009,3/2014,-,162.46,-,94.69,7/7
2023-10,PARASEA- BELBAID REORGANISATION UG MINE,ECL,N06000185,WEST BENGAL,7/2019,3/2027,-,826.42,389.10,4.47,1/22
2023-10,NAKRAKONDA KUMARDIH B OCP,ECL,N06000170,WEST BENGAL,8/2018,3/2029,-,502.68,-,49.51,4/22
2023-10,RANIGANJ MASTER PLAN,ECL,N06000163,WEST BENGAL,8/2009,8/2019,-,"2,661.73",-,721.97,2/19
2023-10,TILABONI UG MINE,ECL,N06000172,WEST BENGAL,2/2019,3/2027,-,916.62,749.08,11.05,3/27
2023-10,SONEPUR BAZARI EXPANSION OC,ECL,N06000220,WEST BENGAL,7/2021,3/2029,-,"5,365.88","5,366.00",339.81,0/0
2023-10,MOHANPUR EXPANSION OC PHASE,,,,11/2020,3/2025,-,888.99,-,84.88,0/0
2023-10,EXPANSION PR OF JHANJRA UG (5.00 MTY),ECL,N06000223,WEST BENGAL,4/2020,3/2029,-,"1,210.12",-,322.55,0/0
2023-10,SIDULI MINE (OC AND UG),ECL,N06000165,WEST BENGAL,5/2018,3/2026,-,535.18,-,3.54,4/22
2023-10,HURA - C OC (3 MTY),ECL,N06000143,JHARKHAND,10/2015,3/2022,3/2029,359.69,-,312.03,4/22
2023-10,CHITRA EAST (RCE) OCP,ECL,N06000169,JHARKHAND,8/2018,3/2024,-,513.98,-,178.19,0/17
2023-10,SHYAMSUNDARPUR UG INCLUDING SAPI UNIT,ECL,N06000191,WEST BENGAL,4/2020,3/2025,-,483.65,-,23.86,0/0
2023-10,BONJEMEHARI EXPANSION OCP,ECL,N06000244,WEST BENGAL,8/2021,3/2025,-,570.12,-,32.30,0/0
2023-10,BHUBANESWARI EXPANSION OCP,MCL,N06000227,ODISHA,8/2020,3/2031,-,"3,145.45",-,984.26,0/0
2023-10,BALARAM EXPANSION OCP,MCL,N06000230,ODISHA,8/2020,3/2029,-,"3,504.21",-,668.49,0/0
2023-10,RPR OF HINGULA -II EXPANSION PH- III,MCL,N06000261,ODISHA,12/2022,3/2029,-,"2,264.68",-,961.42,0/0
2023-10,KULDA EXPANSION OCP- 15 MTY,MCL,N06000248,ODISHA,6/2014,3/2018,-,348.16,-,189.10,0/0
2023-10,ANANTA OCP EXPANSION PH III,MCL,N06000225,ODISHA,8/2008,3/2012,3/2022,228.08,-,398.14,0/0
2023-10,SIARMAL OCP (40.00MTY),MCL,N06000113,ODISHA,5/2014,3/2026,-,"3,756.36",-,"3,363.98",13/15
2023-10,GOPALJI-KANIHA OCP,MCL,N06000229,ODISHA,8/2020,3/2028,-,"8,416.19",-,"1,424.50",0/0
2023-10,GARJANBAHAL OCP,MCL,N06000117,ODISHA,11/2014,3/2021,-,"1,375.38",-,793.73,9/10
2023-10,SUBHADRA OCP,MCL,N06000249,ODISHA,5/2021,3/2027,3/2029,"1,693.81",-,905.03,0/0
2023-10,BASUNDHARA (WEST) OC EXTN(7.00 MTY),MCL,N06000112,ODISHA,5/2014,3/2019,-,479.15,-,260.68,4/9
2023-10,REORGANISATION OF BHARATPUR OCP EXPANSION,MCL,N06000171,ODISHA,11/2018,3/2029,-,"2,838.87",-,"1,441.47",3/9
2023-10,INTEGRATED LAKHANPUR- BELPAHAR-LILARI OCP,MCL,N06000167,ODISHA,5/2018,3/2027,-,"2,434.75",-,"1,477.48",5/12
2023-10,NEYVELI NEW THERMAL POWER PROJECT(2X500 MW),NLC,N06000095,TAMIL NADU,6/2011,12/2015,2/2021,"5,907.11","8,990.00","7,781.89",35/35
2023-10,PACHWARA SOUTH COAL BLOCK,NLC,N06000193,JHARKHAND,7/2013,9/2028,-,"1,795.01",-,46.60,6/11
2023-10,BITHNOK LIGNITE THERMAL POWER STATION,NLC,N06000188,RAJASTHAN,3/2015,9/2020,-,"2,196.30",-,106.24,0/0
2023-10,EXPANSION OF MINE-I (LEASE AREA) AND MINE-I A (3.0 TO 7.0 MTPA),NLC,N06000138,TAMIL NADU,4/2013,6/2015,-,"1,458.17",709.06,542.45,5/7
2023-10,BITHNOK LIGNITE MINE PROJECT (2.25 MTPA),NLC,N06000145,RAJASTHAN,3/2015,12/2019,-,513.63,-,175.30,0/0
2023-10,BARSINGSAR THERMAL POWER STATION EXTENSION,NLC,N06000187,RAJASTHAN,3/2015,9/2020,-,"2,112.60",-,85.90,0/0
2023-10,NEYVELI UTTAR PRADESH POWER PROJECT LIMITED 1980 MW,NLC,N06000152,UTTAR PRADESH,7/2016,11/2021,3/2024,"17,237.00","19,406.12","16,222.22",24/48
2023-10,HADLA LIGNITE MINE PROJECT(1.90 MTPA),NLC,N06000144,RAJASTHAN,3/2015,9/2019,-,522.45,-,9.88,0/0
2023-10,JAYANT EXPANSION OCP 10 TO 20 MTPA,NCL,N06000159,MADHYA PRADESH,5/2017,3/2021,-,"1,783.09",-,"1,516.40",8/9
2023-10,BLOCK-B EXPANSION OPENCAST,NCL,N06000184,MADHYA PRADESH,7/2019,3/2023,-,998.71,-,184.39,4/7
2023-10,DUDHICHUA EXPANSION OCP (10 TO 20 MTPA),NCL,N06000162,MADHYA PRADESH,11/2017,3/2022,-,"1,255.17",-,"1,037.73",9/9
2023-10,NIGAHI EXPANSION OCP (15 TO 25 MTPA),NCL,N06000196,MADHYA PRADESH,11/2020,3/2025,-,"1,729.68",-,406.44,5/8
2023-10,BINA KAKRI AMALGAMATION OCP 14 MTPA,NCL,N06000192,MULTI STATE,8/2020,3/2024,-,836.42,-,438.16,4/6
2023-10,KHADIA EXPANSION OCP,NCL,N06000208,UTTAR PRADESH,6/2021,3/2025,-,491.67,-,8.68,3/5
2023-10,KAKATIYAKHANI OPENCAST III PROJECT PHASE-1,SCCL,N06000161,TELANGANA,3/2017,3/2022,-,413.84,-,408.86,8/11
2023-10,NAINI COAL MINE,SCCL,N06000203,ODISHA,3/2020,3/2024,-,494.30,-,460.09,2/7
2023-10,RCE OF RAMAGUNDAM OPENCAST II EXTENSION PROJECT,SCCL,N06000210,TELANGANA,11/2015,3/2023,-,489.62,-,393.90,1/3
2023-10,SRP OC-II EXPANSION PROJECT,SCCL,N06000173,TELANGANA,11/2016,3/2018,-,272.73,-,189.68,3/6
2023-10,RCE-II OF JALAGAM VENGALRAO OPENCAST PROJECT-II,SCCL,N06000212,TELANGANA,3/2019,3/2021,-,473.22,-,447.50,4/4
2023-10,RCE OF KALYANIKHANI OPENCAST,SCCL,N06000213,TELANGANA,3/2016,3/2020,-,384.32,-,181.28,0/3
2023-10,VENKATESH KHANI COAL MINE,SCCL,N06000204,TELANGANA,10/2020,3/2023,-,484.51,-,65.06,3/8
2023-10,RCE OF INDARAM OPENCAST,SCCL,N06000211,TELANGANA,8/2017,3/2021,-,349.28,-,335.24,5/5
2023-10,GODAVARIKHANI COAL MINE,SCCL,N06000202,TELANGANA,7/2019,3/2023,-,438.98,-,124.25,9/11
2023-10,RCE OF KAKATHIYAKHANI OC - 2,SCCL,N06000214,TELANGANA,8/2017,3/2020,-,442.42,-,193.26,0/1
2023-10,RCE OF KISTARAM OPENCAST,SCCL,N06000215,TELANGANA,3/2017,3/2021,-,164.04,-,144.10,1/1
2023-10,JAWAHAR KHANI OPENCAST (JK OC) MINE,SCCL,N06000259,TAMIL NADU,12/2021,3/2025,-,297.88,-,27.25,1/5
2023-10,JHIRIA WEST OPENCAST PROJECT,SECL,N06000166,CHHATTISGARH,11/2018,3/2026,-,389.97,-,15.69,3/5
2023-10,AMGAON OPENCAST PROJECT RCE,SECL,N06000135,CHHATTISGARH,7/2015,3/2020,-,316.10,-,156.33,3/6
2023-10,PORDA CHIMTAPANI OCP (10 MTY),SECL,N06000199,CHHATTISGARH,12/2020,3/2029,-,"2,310.12",-,39.19,0/3
2023-10,DIPKA OC EXPANSION 40 MTY,SECL,N06000200,CHHATTISGARH,12/2020,3/2029,-,"5,241.40",-,"2,371.31",0/5
2023-10,AMERA OC RCE,SECL,N06000123,CHHATTISGARH,2/2015,3/2018,-,335.97,-,50.37,1/7
2023-10,KUSMUNDA EXPN.OCP(SECL)(15- 50)MTY,SECL,N06000008,CHHATTISGARH,8/2013,3/2023,-,"7,612.33",-,"4,225.87",13/22
2023-10,AMRITDHARA OC PROJECT,SECL,N06000122,MADHYA PRADESH,2/2015,3/2023,-,481.60,-,1.08,3/10
2023-10,PELMA OCP(15.00MTY),SECL,N06000045,CHHATTISGARH,11/2014,3/2023,-,"1,624.59",-,49.60,1/12
2023-10,KARTALI (EAST) OCP (2.50 MTY),SECL,N06000076,CHHATTISGARH,7/2008,3/2014,-,178.44,-,9.22,3/9
2023-10,DURGAPUR OPENCAST PROJECT,SECL,N06000136,CHHATTISGARH,2/2015,3/2023,-,916.24,-,13.73,2/12
2023-10,AMADAND OPENCAST EXPANSION,SECL,N06000148,MADHYA,3/2016,3/2021,3/2025,869.44,-,211.78,4/6
2023-10,JAGANNATHPUR OC RCE (3.0 MTY),SECL,N06000232,CHHATTISGARH,7/2016,3/2020,-,459.49,-,224.68,0/0
2023-10,KANCHAN OC EXPANSION,SECL,N06000125,MADHYA PRADESH,12/2014,3/2021,-,371.04,-,110.52,5/9
2023-10,MAHAMAYA OPENCAST PROJECT,SECL,N06000164,CHHATTISGARH,5/2018,3/2026,-,410.26,-,103.01,2/4
2023-10,RAMPUR BATURA OC (4.0 MTY),SECL,N06000233,MADHYA PRADESH,7/2019,3/2026,-,"1,248.93",-,413.08,0/3
2023-10,MADANNAGAR OPENCAST PROJECT,SECL,N06000140,CHHATTISGARH,10/2015,3/2024,-,"1,875.32",-,0.00,2/6
2023-10,BATURA WEST OC PROJECT (0.80 MTY),SECL,N06000207,MADHYA PRADESH,3/2021,3/2028,-,496.28,-,0.00,0/0
2023-10,VIJAY WEST OPENCAST PROJECT,SECL,N06000158,CHHATTISGARH,5/2017,3/2026,-,976.95,-,88.28,2/2
2023-10,JAMPALI OCP RCE,SECL,N06000198,CHHATTISGARH,5/2020,3/2024,-,278.64,-,199.03,0/0
2023-10,GEVRA EXPANSION OCP (SECL) (35- 70) MTY,SECL,060100093,CHHATTISGARH,6/2010,3/2023,-,"11,816.40",-,"5,980.39",15/21
2023-10,CHHAL OC SEAM -III (6.00 MTY),SECL,N06000104,CHHATTISGARH,12/2013,3/2022,3/2025,610.63,-,496.08,4/11
2023-10,BATURA HIGHWALL PROJECT,SECL,N06000134,MADHYA PRADESH,7/2015,3/2022,-,231.92,-,2.26,1/10
2023-10,BAROUD OC EXPANSION (3-10 MTY),SECL,N06000197,CHHATTISGARH,8/2020,3/2029,-,"2,309.80",-,754.34,0/4
2023-10,RAJNAGAR OCP RPR (1.70 MTY),SECL,N06000124,MADHYA PRADESH,12/2014,3/2021,-,357.80,-,86.99,4/10
2023-10,GOKUL EXPANSION OC,WCL,N06000264,MAHARASHTRA,4/2021,3/2026,-,456.95,-,147.40,0/5
2023-10,ADASA UG TO OC (1.50 MTY),WCL,N06000219,MAHARASHTRA,11/2018,3/2024,-,333.43,-,212.38,0/4
2023-10,BHATADI EXPANSION OC,WCL,N06000254,MAHARASHTRA,2/2020,3/2028,-,729.86,-,158.78,1/5
2023-10,SAONER UG MINE I EXPANSION,WCL,N06000251,MAHARASHTRA,1/2022,3/2028,-,253.51,-,67.00,0/5
2023-10,GANDHIGRAM UG MINE,WCL,N06000183,MADHYA PRADESH,8/2019,3/2026,-,414.16,-,24.41,2/7
2023-10,DHUPTALA OC(SASTI UG TO OC),WCL,N06000209,MAHARASHTRA,2/2019,3/2028,-,720.87,-,173.17,0/6
2023-10,DINESH (MAKARDHOKDA-III) OC (8.0,,,,2/2020,3/2027,-,"1,184.33",-,736.93,2/8
2023-10,MUNGOLI NIRGUDA EXTENSION (DEEP) OC,WCL,N06000231,MAHARASHTRA,11/2020,3/2026,-,826.80,-,348.79,0/4
2023-10,MAKARDHOKDA I EXPANSION OC,WCL,N06000253,MAHARASHTRA,6/2022,3/2026,-,497.06,-,141.20,0/6
2023-10,RPR PAUNI II EXPANSION OC,WCL,N06000263,MAHARASHTRA,3/2023,3/2027,-,464.45,-,178.21,0/4
2023-10,NEW MAJARI UG TO OC (3.0 MTY),WCL,N06000255,MAHARASHTRA,5/2019,3/2027,-,496.38,-,127.09,2/5
2023-10,GHONSA EXPANSION DEEP OC,WCL,N06000205,MAHARASHTRA,3/2021,3/2028,-,241.72,-,58.79,0/7
2023-10,URDHAN OC,WCL,N06000265,MADHYA PRADESH,7/2022,3/2031,-,228.42,-,21.53,0/0
2023-10,BELLORA-NAIGAON DEEP OC,WCL,N06000180,MAHARASHTRA,11/2018,3/2021,3/2024,252.71,-,121.74,1/3
2023-10,DURGAPUR EXTENSION (DEEP) OC (3.0 MTY),WCL,N06000157,MULTI STATE,2/2017,3/2021,3/2025,328.00,-,321.05,5/6
2023-10,AMALGAMATED INDER-KAMPTEE DEEP OC (3.20 MTY),WCL,N06000226,MAHARASHTRA,9/2018,3/2024,-,313.34,-,194.72,1/1
2023-10,AMALGAMATED YEKONA-I YEKONA- II,WCL,N06000132,MAHARASHTRA,8/2015,3/2025,-,727.28,-,507.65,10/13
2023-10,KOLGAON EXPANSION (DEEP) OC,WCL,N06000267,MAHARASHTRA,1/2023,3/2027,-,206.19,-,7.75,0/0
2023-10,AMALGAMATED DHANKASA JAMUNIA UG (1.84 MTY),WCL,N06000257,MADHYA PRADESH,9/2022,3/2027,-,497.01,-,143.39,0/5
2023-10,SINGHORI DEEP OC,WCL,N06000252,MAHARASHTRA,5/2022,3/2029,-,421.84,-,110.70,0/6
2023-10,BHANEGAON OC (1.15MTY),WCL,N06000256,MAHARASHTRA,9/2022,3/2028,-,494.60,-,97.51,1/6
2023-10,SHARDA UG,WCL,N06000266,MADHYA PRADESH,7/2022,3/2028,-,200.16,-,33.91,0/0
2023-10,SASTI EXPANSION OC,WCL,N06000206,MAHARASHTRA,8/2020,3/2026,-,371.59,-,80.86,3/7
2023-10,VISHNUPURI UG TO OC,WCL,N06000260,MADHYA PRADESH,11/2022,3/2029,-,227.65,-,7.02,0/6
2023-10,UKNI DEEP OC,WCL,N06000179,MAHARASHTRA,11/2018,3/2021,3/2025,318.14,-,250.83,1/4
2023-10,NILJAI EXPANSION (DEEP) OC (3.5 MTY),WCL,N06000154,MULTI STATE,8/2016,3/2022,3/2025,319.76,319.76,277.61,0/3
2023-10,TAWA III UG MINE COMMERCE Nbcc For Commerce,,,,12/2021,3/2027,-,324.25,-,12.27,0/5
2023-10,"CONSTRUCTION OF A NEW STATE OF ART EDUCATIONAL CAMPUS FOR IIFT AT MAIDAN GARHI, NEW DELHI",NBCC FOR COMMER,N40000003,DELHI,6/2018,10/2020,-,302.64,-,30.00,0/0
2023-10,"RESIDENTIAL QUATERS FOR HAL,BANGLORE",CPWD FOR DEFENC,N28000103,KARNATAKA,12/2016,2/2020,3/2023,246.31,200.00,187.12,10/10
2023-10,ADDITIONAL INFRASTRUCTURE AT IISC BANGALORE SH RCC MONOLITHIC FOR MEN WOMEN HOSTEL,CPWD,N42000010,KARNATAKA,8/2021,2/2024,-,316.25,-,179.77,1/2
2023-10,CONSTRUCTION OF PERMANENT CAMPUSES OF CENTRAL UNIVERSITY OF HIMACHAL PRADESH AT DEHRA AND DHARAMSHAL,CPWD,N42000011,HIMACHAL PRADESH,3/2021,8/2022,11/2024,512.37,512.37,43.01,0/0
2023-10,CONSTRUCTION OF ACADEMIC AND RESIDENTIAL COMPLEX UNDER PHASE-II FOR THE CAMPUS OF IIT PATNA,CPWD EDUCATION,N28000100,BIHAR,2/2016,6/2017,11/2023,496.18,496.00,408.00,3/6
2023-10,CONSTRUCTION OF MEGA HOSTEL II FOR NIT CALICUT KERALA,CPWD EDUCATION,N28000075,KERALA,1/2010,10/2012,-,165.23,-,135.78,8/8
2023-10,PERMANENT CAMPUS FOR IIM BODH GAYA,CPWD EDUCATION,N42000009,BIHAR,9/2018,9/2020,-,375.00,-,297.92,6/7
2023-10,"CONSTRUCTION OF IITB RESEARCH PARK AT IIT BOMBAY, POWAI, MUMBAI",CPWD EDUCATION,N28000117,MAHARASHTRA,1/2018,7/2020,11/2023,223.37,275.00,187.75,7/14
2023-10,"CONSTRUCTION OF PERMANENT CAMPUS FOR INDIAN INSTITUTE OF TECHNOLOGY, DHARWAD (PHASE 1A)",CPWD EDUCATION,N42000006,KARNATAKA,7/2019,3/2022,10/2022,851.00,851.00,754.57,8/12
2023-10,"CONSTRUCTION OF PERMANENT CAMPUS FOR IISER AT JANGALAPALLI VILLAGE, YERPEDU MANDAL, CHITTOOR DISTRIC",CPWD EDUCATION,N42000007,ANDHRA PRADESH,9/2019,9/2022,-,588.72,-,503.11,8/9
2023-10,CONSTRUCTION OF TWO NOS,,,,3/2020,6/2020,-,193.83,-,151.47,0/14
2023-10,CONSTRUCTION OF PERMANENT CAMPUS OF IIM JAMMU (PHASE 1),CPWD EDUCATION,N28000130,JAMMU AND KASHMIR,3/2019,7/2022,12/2023,424.93,-,412.88,0/14
2023-10,CONSTRUCTION OF PERMANENT CAMPUS IIT JAMMU (PHASE 1C),CPWD EDUCATION,N28000131,JAMMU AND KASHMIR,1/2018,4/2023,12/2023,676.00,"1,085.04",44.75,0/1
2023-10,INDIAN INSTITUTE OF SCIENCE EDUCATION AND RESEARCH BERHAMPUR,CPWD EDUCATION,N28000126,ODISHA,1/2019,3/2022,-,790.79,-,535.81,2/5
2023-10,ESTABLISHMENT OF PERMANENT CAMPUS PHASE 1 OF IIM SIRMAUR,CPWD EDUCATION,N42000008,HIMACHAL PRADESH,9/2018,6/2022,1/2024,392.51,-,226.77,0/2
2023-10,"CONSTRUCTION OF PERMANENT CAMPUS FOR NATIONAL INSTITUTE OF TECHNOLOGY GOA AT CUNCOLIM, GOA.",CPWD EDUCATION,N42000002,GOA,5/2019,8/2021,-,303.90,334.45,313.00,6/8
2023-10,"CONSTRUCTION OF PERMANENT CAMPUS OF INDIAN INSTITUTE OF MANAGEMENT (IIM) AMRITSAR, PUNJAB.",CPWD EDUCATION,N28000142,PUNJAB,10/2019,5/2022,-,348.24,-,198.42,2/8
2023-10,"C/O PERMANENT CAMPUS OF IIT PALAKKAD PHASE IA AT PUDESSERY VILLAGE,KANJIKODE WEST, DISTRICT PALAKKA",CPWD EDUCATION,N28000140,KERALA,7/2019,3/2021,3/2023,753.63,-,375.74,2/11
2023-10,2000 BOYS HOSTEL(1000 DOUBLE BEDDED ROOM) AT ISM DHANBAD,CPWD EDUCATION,N28000067,JHARKHAND,9/2012,3/2016,-,171.86,-,171.35,6/6
2023-10,"C/O PERMANENT CAMPUS OF IIT BHILAI AT KUTHELABHATA, DURG CHHATTISGARH, STAGE I PHASE I.",CPWD EDUCATION,N28000141,CHHATTISGARH,3/2020,7/2022,-,808.62,-,640.70,0/0
2023-10,CONSTRUCTION OF PERMANENT CAMPUS FOR INDIAN INSTITUTE OF TECHNOLOGY TIRUPATI AT MERLAPAKA VILLAGE YE,CPWD EDUCATION,N42000005,ANDHRA PRADESH,2/2019,6/2020,-,655.34,-,689.31,0/110
2023-10,CONSTRUCTION AND DEVELOPMENT OF NATINAL INSTITUTE OF TECHNOLOGY MEGHALAYA PERMANENT CAMPUS AT SOHRA,RITES OF HIGHER,N42000001,MEGHALAYA,9/2013,9/2014,12/2023,484.32,429.70,263.75,0/0
2023-10,"CONSTRUCTION OF INTERNATIONAL CENTRE FOR PERFORMING ARTS AND CULTURE,SHILONG IN MEGALAYA UNDER NLCPR",HSCL FOR DONER,N12000103,MEGHALAYA,4/2014,9/2017,-,151.33,-,148.33,12/15
2023-10,NATIONAL INDUSTRIAL CORRIDOR,DMIC FOR DPIIT,N40000001,MULTI STATE,9/2011,3/2027,3/2027,"20,084.00","20,084.00","9,713.21",0/0
2023-10,INDIA INTERNATIONAL CONVENTION AND EXPO CENTRE,IICC FOR DPIIT,N40000002,DELHI,11/2017,12/2019,-,"4,773.00",-,"4,360.05",0/0
2023-10,CONSTRUCTION OF 726 Nos RESIDENTIAL QUARTERS CHENNAI,CPWD FOR FINANC,N28000109,TAMIL NADU,11/2017,11/2021,-,348.77,-,299.91,8/8
2023-10,"C/O OF 152 NOS TYPE-II,304 NOS,TYPE-III,76 NOS, TYPE-IV QTRS. FOR INCOME TAX DEPARTMENT AT CHENNAI",CPWD FOR FINANC,N28000089,TAMIL NADU,12/2015,10/2019,10/2022,209.00,-,250.32,6/6
2023-10,"C/O RESIDENTIAL COMPLEX BUILDING FOR CENTRAL BOARD OF INDIRECT TAXES AND CUSTOMS AT SECTOR-9, DWARKA",NPCC,N07000001,DELHI,7/2018,4/2022,-,228.50,-,176.28,6/15
2023-10,CONSTRUCTION OF 300 BEDDED HOSPITAL AND TEACHING BLOCK IN DR YS PARMAR GMC AT NAHAN HIMACHAL PRADESH,CPWD FOR HEALTH,N28000127,HIMACHAL PRADESH,12/2018,6/2021,12/2023,260.00,371.78,0.00,0/0
2023-10,C/O NEW HOSPITAL BLOCK FOR SREE CHITRA TIRUNAL INSTITIUTE OF MEDICAL SCIENCE AND TECHNOLOGY (SCTIMST,CPWD FOR HEALTH,N28000112,KERALA,9/2017,3/2020,-,150.29,-,132.70,6/7
2023-10,ESTABLISHMENT OF NATIONAL ANIMAL RESOURCE FACILITY FOR BIOMEDICAL RESEARCH AT HYDERABAD,CPWD FOR HEALTH,N28000098,TELANGANA,10/2016,3/2020,-,209.84,244.97,241.65,1/5
2023-10,CONST OF 152 QTRS 240 BOYS 240 GIRLS 150 NURSES HOSTEL AND OTHER BUILDINGS INCLUDING DEVELOPMENT,CPWD FOR HEALTH,N28000139,PUDUCHERRY,3/2018,9/2020,10/2023,195.00,-,179.67,0/33
2023-10,C/O AIIMS AT AWANTIPORA (KASHMIR) JAMMU AND KASHMIR,CPWD FOR HEALTH,N28000150,JAMMU AND KASHMIR,3/2019,9/2025,-,"1,828.00",-,843.75,0/0
2023-10,"ALL INDIA INSTITUTE OF MEDICAL SCIENCE AT GUWAHATI, ASSAM",HITES,N21000027,ASSAM,5/2017,5/2021,12/2022,875.00,890.14,715.06,0/0
2023-10,"COMPREHENSIVE PLANNING, DESIGNING, EXECUTION OF ALL INDIA INSTITUTE OF MEDICAL SCIENCES AT BIBINAGAR",HITES,N21000031,TELANGANA,12/2018,7/2024,-,"1,110.55",-,323.09,0/0
2023-10,CONSTRUCTION OF HEADQUARTER BUILDING OF CRPF AT LODHI ROAD NEW DELHI,CPWD FOR MHA,N45000002,DELHI,6/2019,7/2022,-,277.35,-,94.53,3/6
2023-10,ESTABLISHMENT OF CENTRAL ARMED POLICE FORCE INSTITUTE OF MEDICAL SCIENCES(CAPFIMS) AT NEW DELHI,CPWD FOR MHA,N28000071,DELHI,10/2013,10/2019,-,"1,219.21","2,091.53","1,658.73",1/7
2023-10,CONSTRUCTION OF 683 VARIOUS TYPE FAMILY QUARTERS AT GROUP CENTRE CRPF CHANDAULI,CPWD FOR MHA,N45000003,UTTAR PRADESH,5/2019,1/2022,3/2023,199.31,-,86.49,3/6
2023-10,"C/o separate family accommodation (Phase-I) on EPC basis for SSB at Faridabad (Haryana)""",CPWD FOR MHA,N28000147,HARYANA,1/2020,10/2023,3/2024,166.98,167.00,52.65,2/13
2023-10,NSG AT KOLKATA,CPWD FOR MHA,N28000104,WEST BENGAL,10/2014,4/2018,-,162.88,210.83,177.81,6/7
2023-10,"CONSTRUCTION OF BASEMENTG FLOOR10 STORIES BUILDING FOR THE STATE OF THE ART, DG, GSI AT SECTOR-V, SA",CPWD,N10000015,WEST BENGAL,4/2019,4/2022,-,255.37,-,40.98,1/1
2023-10,CONVERSION OF FLAT BOTTOM SETTLERS AND WASHERS WITH A SINGLE TRAIN OF HRDS AND DCWS IN STREAMS 1 AND,NALCO,N10000012,ODISHA,12/2015,11/2020,9/2025,355.00,581.00,79.80,3/3
2023-10,5TH STREAM ALUMINA REFINERY EXPANSION PROJECT,NALCO,N10000010,ODISHA,12/2014,4/2021,12/2022,"4,103.00","5,055.00","2,453.86",4/4
2023-10,POTTANGI BAUXITE MINES,NALCO,N10000016,ODISHA,5/2018,12/2024,3/2025,"1,437.00","1,381.00",604.98,0/0
2023-10,SOURCING OF BAUXITE ARRANGEMENT FOR 5TH STREAM ALUMINA REFINERY FROM SOUTH BLOCK MINING LEASE OF PAN,NALCO,N10000013,ODISHA,11/2017,4/2021,5/2024,483.00,483.00,239.01,2/2
2023-10,UTKAL D AND E COAL BLOCK,NALCO,N10000011,ODISHA,5/2016,1/2020,11/2023,534.00,667.23,753.08,3/3
2023-10,CONSTRUCTION OF RED MUD POND - II AT NALCO DAMANJODI ODISHA,NALCO,N10000017,ODISHA,9/2019,3/2023,-,225.79,-,0.00,17/75
2023-10,CITY GAS DISTRIBUTION NETWORK PROJECT AT CHATRA AND PALAMU,BPCL,N16000474,JHARKHAND,12/2019,3/2029,-,230.25,-,47.08,0/0
2023-10,SETTING UP A COMMON USER PETROLEUM TERMINAL AT JAMMU FOR RE-SITEMENT OF EXISTING DEPOTS OF PSU OMCS,BPCL,N16000500,JAMMU AND KASHMIR,4/2021,3/2025,-,676.89,-,159.24,0/0
2023-10,"CITY GAS DISTRIBUTION NETWORK PROJECT AT AMETHI, RAEBARELI AND PRATAPGARH",BPCL,N16000466,UTTAR PRADESH,4/2019,9/2028,-,432.06,-,128.57,0/0
2023-10,CITY GAS DISTRIBUTION NETWORK PROJECT AT SANGLI AND SATARA,BPCL,N16000460,MAHARASHTRA,4/2019,11/2028,-,"2,337.98",-,663.65,0/0
2023-10,MULTI-PRODUCT PIPELINE FROM KRISHNAPATNAM COASTAL INSTALLATION TO THE PROPOSED INSTALLATION AT HYDER,BPCL,N16000499,ANDHRA PRADESH,9/2019,3/2025,-,"1,932.00",-,343.11,0/0
2023-10,CITY GAS DISTRIBUTION NETWORK PROJECT AT SATNA AND SHAHDOL,BPCL,N16000472,MADHYA PRADESH,4/2019,9/2028,-,332.38,-,90.78,0/0
2023-10,CITY GAS DISTRIBUTION NETWORK PROJECT AT AHMEDNAGAR AND AURANGABAD,BPCL,N16000459,MAHARASHTRA,4/2019,9/2028,-,"3,972.18",-,"1,308.87",12/14
2023-10,"CITY GAS DISTRIBUTION NETWORK PROJECT AT BILASPUR, HAMIRPUR AND UNA",BPCL,N16000467,HIMACHAL PRADESH,4/2019,9/2030,-,427.94,-,74.17,0/0
2023-10,KOCHI SALEM LPG PIPELINE,BPCL,N16000314,KERALA,12/2015,6/2019,2/2024,"1,112.00","1,507.24","1,100.38",1/3
2023-10,CITY GAS DISTRIBUTION NETWORK PROJECT AT ROHTAK,BPCL,N16000473,HARYANA,4/2018,6/2025,-,261.48,-,142.92,0/0
2023-10,IRUGUR-DEVANGONTHI POL PIPELINE,BPCL,N16000234,TAMIL NADU,11/2012,2/2017,1/2026,678.00,"1,732.00",32.24,0/0
2023-10,CITY GAS DISTRIBUTION NETWORK PROJECT AT ANGUL AND DHENKANAL,BPCL,N16000463,ODISHA,4/2019,3/2030,-,605.65,-,167.36,0/0
2023-10,CITY GAS DISTRIBUTION NETWORK PROJECT AT JAGATSINGHPUR AND KENDRAPARA,BPCL,N16000465,ODISHA,4/2019,3/2030,-,485.91,-,126.97,0/0
2023-10,"CITY GAS DISTRIBUTION NETWORK PROJECT AT BARGARH, DEBGARH AND SAMBALPUR",BPCL,N16000464,ODISHA,4/2019,3/2030,-,599.19,-,178.40,0/0
2023-10,DEBOTTLENECKING AND AUGMENTATION OF CRYOGENIC FACILITIES AT URAN LPG IMPORT TERMINAL,BPCL,N16000442,MAHARASHTRA,4/2021,6/2024,-,"1,164.69",-,210.16,0/0
2023-10,CITY GAS DISTRIBUTION NETWORK PROJECT AT JAJPUR AND KENDUJHAR,BPCL,N16000462,ODISHA,4/2019,3/2030,-,741.29,-,226.22,0/0
2023-10,CONSTRUCTION OF LUBE OIL BLENDING AND FILLING PLANT AT RASAYANI,BPCL,N16000452,MAHARASHTRA,5/2022,3/2024,-,423.39,-,70.10,0/0
2023-10,CITY GAS DISTRIBUTION NETWORK PROJECT AT BALLARI AND GADAG,BPCL,N16000461,KARNATAKA,4/2019,9/2028,-,897.62,-,187.95,0/0
2023-10,"Setting up of Integated 2G and 1G Bio- Ethanol Refinery at Bargarh, Odisha",BPCL,N16000374,ODISHA,8/2019,8/2022,6/2023,"1,607.00",-,947.37,9/28
2023-10,CBR 9 MMTPA PROJECT,CPCL,N16000434,TAMIL NADU,1/2021,6/2025,-,"31,580.00","31,580.00","1,011.63",11/50
2023-10,KOCHI-KOOTTANAD-BANGALORE- MANGALORE PIPELINE PHASE-II,GAIL,N16000285,MULTI STATE,6/2009,12/2012,11/2024,"2,915.00","5,909.00","3,574.70",41/42
2023-10,CITY GAS DISTRIBUTION (CGD) NETWORK PATNA,GAIL,N16000327,BIHAR,10/2017,10/2022,-,359.25,-,280.07,10/10
2023-10,SRIKAKULAM ANGUL PIPELINE,GAIL,N16000388,MULTI STATE,9/2019,7/2022,9/2024,"2,658.34",-,"1,683.90",15/18
2023-10,"CITY GAS DISTRIBUTION (CGD) NETWORK, RANCHI",GAIL,N16000329,JHARKHAND,10/2017,10/2022,-,226.45,-,227.64,19/19
2023-10,"CITY GAS DISTRIBUTION (CGD) NETWORK, CUTTACK",,,,7/2017,7/2022,-,182.20,-,139.78,9/9
2023-10,DURGAPUR-HALDIA PIPELINE,GAIL,N16000275,WEST BENGAL,3/2017,12/2020,12/2023,"1,740.00","2,433.15","1,651.70",19/24
2023-10,CITY GAS DISTRIBUTION (CGD) NETWORK BHUBANESHWAR,GAIL,N16000289,ODISHA,7/2017,7/2022,-,243.53,-,227.47,10/10
2023-10,DHAMRA HALDIA PIPELINE PROJECT,GAIL,N16000391,MULTI STATE,3/2020,11/2022,12/2023,"1,030.65",-,671.70,10/12
2023-10,MUMBAI NAGPUR JHARSUGUDA PIPELINE PROJECT,GAIL,N16000398,MULTI STATE,6/2020,5/2023,10/2024,"7,844.25",-,"4,847.60",25/29
2023-10,60 KTA POLYPROPYLENE PROJECT,GAIL,N16000429,UTTAR PRADESH,3/2019,4/2024,-,910.56,"1,299.02",556.40,15/17
2023-10,SUSTAINED EVACUATION OF GAS FROM GANDHAR FIELDS BY INSTALLING A GAS COMPRESSOR AND PIPELINE CONNECTI,GAIL,N16000349,GUJARAT,9/2018,2/2021,3/2024,225.54,-,229.69,6/8
2023-10,SETTING UP OF 10 MW ELECTROLYSER FOR PRODUCING GREEN HYDROGEN,GAIL,N16000501,MADHYA PRADESH,9/2021,11/2023,-,231.00,-,30.75,0/7
2023-10,SETTING UP 500KTPA PROPANE DEHYDROGENATION INTEGRATED WITH POLYPROPYLENE UNIT ALONG WITH OFFSITE AND,GAIL,N16000430,MAHARASHTRA,5/2019,4/2025,10/2025,"8,797.00","11,256.00","2,331.91",15/20
2023-10,"CITY GAS DISTRIBUTION, JAMSHEDPUR",GAIL,N16000389,JHARKHAND,10/2017,10/2022,-,221.45,-,152.54,9/9
2023-10,CITY GAS DISTRIBUTION PROJECT IN GEOGRAPHICAL AREA OF SONIPAT (EAAA) AND JIND DISTRICTS,HPCL,N16000385,HARYANA,9/2018,9/2026,2/2027,520.00,-,365.31,45/52
2023-10,AUGMENTATION OF FACILITIES AT THE EXISTING RAIPUR DEPOT,HPCL,N16000413,CHHATTISGARH,3/2021,3/2024,3/2025,456.00,-,203.60,34/62
2023-10,HP CRUDE TO OLEFINS AND AROMATICS TECHNOLOGY DEMO UNIT AT VISAKH REFINERY,HPCL,N16000432,ANDHRA PRADESH,9/2021,6/2024,-,160.00,-,1.13,3/11
2023-10,VISAKH REFINERY MODERNISATION,HPCL,N16000235,ANDHRA PRADESH,7/2016,7/2020,7/2022,"20,928.00","26,264.00","25,264.12",106/111
2023-10,NEW LPG PLANT AT VARANASI,HPCL,N16000447,UTTAR PRADESH,8/2017,5/2024,5/2024,194.62,194.62,168.12,0/19
2023-10,BHATINDA SANGRUR PIPELINE,HPCL,N16000440,PUNJAB,11/2021,4/2024,-,367.00,-,160.43,26/43
2023-10,"CGD PROJECT IN TONK, SAWAI MADHOPUR, DAUSA, KARAULI",,,,3/2022,3/2030,-,"1,751.00",-,80.62,1/45
2023-10,"SETTING UP OF NEW RAIL FED POL FACILITY AT KAMARDANGA, ASSAM",HPCL,N16000494,ASSAM,3/2023,12/2026,-,384.04,-,0.52,3/52
2023-10,RUF PITCH LOADING GANTRY,HPCL,N16000406,ANDHRA PRADESH,10/2020,11/2022,-,332.61,332.61,237.00,7/12
2023-10,CGD PROJECT IN WEST BENGAL 11TH ROUND,HPCL,N16000498,WEST BENGAL,6/2022,6/2030,-,"2,628.00",-,49.81,1/45
2023-10,CITY GAS DISTRIBUTION IN WEST BENGAL,HPCL,N16000392,WEST BENGAL,3/2019,3/2031,8/2031,"5,830.20",-,449.60,33/50
2023-10,"CONSTRUCTION OF LPG FACILITIES AT KAMARDANGA, ASSAM",HPCL,N16000484,ASSAM,3/2023,3/2026,3/2026,156.36,156.36,0.52,0/0
2023-10,CGD PROJECT IN BIHAR JHARKHAND,HPCL,N16000497,JHARKHAND,6/2022,6/2030,-,"1,377.00",-,46.32,1/45
2023-10,CONSTRUCTION OF 80000MT LPG CAVERN AT MANGALORE,HPCL,N16000369,KARNATAKA,12/2018,12/2022,12/2023,854.00,854.00,424.83,15/19
2023-10,SWRO II WITH LLPH FACILITIES,HPCL,N16000378,ANDHRA PRADESH,9/2019,7/2020,7/2023,196.26,196.26,144.47,1/5
2023-10,LEASE OF MBPT RECLAIMED LAND AT JAWAHAR DWEEP,HPCL,N16000493,MAHARASHTRA,12/2022,12/2023,-,410.00,-,40.71,4/6
2023-10,CITY GAS DISTRIBUTION IN UP AND UK,HPCL,N16000387,UTTAR PRADESH,3/2019,3/2029,8/2029,"3,450.20",-,"1,397.86",34/64
2023-10,HALDIA PANAGARH PIPELINE,HPCL,N16000478,WEST BENGAL,11/2022,11/2025,-,"1,010.00",-,11.42,3/21
2023-10,"SECOND GENERATION ETHANOL BIOREFINERY PROJECT, BATHINDA, PUNJAB",HPCL,N16000402,PUNJAB,5/2020,2/2023,12/2023,"1,421.46",-,820.97,17/22
2023-10,"CGD PROJECT AT ARARIA, PURNIA, KATIHAR AND KISHANGANJ DISTRICTS",IOCL,N16000421,BIHAR,6/2019,12/2029,3/2030,988.00,-,87.57,0/0
2023-10,MUZAFFARPUR-MOTIHARI LPG PIPELINE,IOCL,N16000399,BIHAR,6/2020,8/2022,2/2024,403.00,-,273.78,0/2
2023-10,"CGD PROJECT AT SHEIKHPURA, JAMUI AND DEOGHAR DISTRICTS",IOCL,N16000427,MULTI STATE,6/2019,2/2028,-,303.00,-,192.90,0/0
2023-10,INFRASTRUCTURE DEVELOPMENT TO FACILITATE BULK IMPORT OF GRID POWER AT 220 KV AT MATHURA REFINERY,IOCL,N16000323,UTTAR PRADESH,8/2017,8/2020,11/2022,255.40,-,217.92,3/3
2023-10,"REVAMPING, AUGMENTATION OF FACILITIES AT EXISTING PORT TERMINAL AT MANGALORE",IOCL,N16000437,KARNATAKA,1/2022,7/2025,-,463.00,-,104.90,0/0
2023-10,30 INCH CRUDE OIL PIPELINE IN HALDIA-BARAUNI SECTION OF PHBPL AND CONVERSION OF,,,,3/2018,9/2022,6/2023,"3,712.00","3,696.00","2,890.66",3/3
2023-10,CAPACITY EXPANSION OF DIGBOI REFINERY FROM 0.65 TO 1.0 MMTPA,IOCL,N16000457,ASSAM,6/2022,10/2025,-,768.00,-,16.84,0/0
2023-10,"CGD PROJECT AT KANYAKUMARI, TUTICORIN, TIRUNVELI KATTABO AND TENKASI DISTRICTS",IOCL,N16000492,TAMIL NADU,3/2022,3/2030,-,"1,295.00",-,49.08,0/0
2023-10,CGD PROJECT AT PATHANKOT DISTRICT,IOCL,N16000488,PUNJAB,3/2022,3/2030,-,151.00,-,6.74,0/0
2023-10,ANDHERI RESIDENTIAL TOWERS MUMBAI,IOCL,N16000503,MAHARASHTRA,6/2017,5/2025,-,281.35,-,46.09,0/0
2023-10,"CGD PROJECT AT MUZAFFARPUR, VAISHALI, SARAN AND SAMASTIPUR DISTRICTS",IOCL,N16000425,BIHAR,6/2019,2/2028,8/2029,"2,996.00",-,534.64,0/0
2023-10,LAYING OF POL PIPELINES IN COMMON CORRIDOR FOR PROPOSED GRASS ROOT TERMINAL AT VALLUR (CHENNAI),IOCL,N16000455,TAMIL NADU,1/2022,7/2024,-,829.00,-,109.29,0/0
2023-10,KOYALI AHMEDNAGAR SOLAPUR PIPELINE,IOCL,N16000249,MAHARASHTRA,5/2016,2/2022,12/2023,"1,945.00","2,251.00","2,066.22",5/5
2023-10,R and D CAMPUS II AT FARIDABAD,IOCL,N16000375,HARYANA,6/2019,12/2022,7/2023,"2,281.94","3,219.94","1,238.60",5/7
2023-10,DEVLEOPMENT OF GRID INFRASTRUCTURE FOR IMPORTING GRID POWER AT 220 KV AT BARAUNI REFINERY,IOCL,N16000324,BIHAR,12/2017,10/2020,12/2023,199.36,-,163.50,2/2
2023-10,"INFRASTRUCTURE DEVELOPMENT TO FACILITATE IMPORT OF GRID POWER AT 220 KV, PANIPAT",IOCL,N16000363,HARYANA,12/2018,6/2021,7/2023,278.60,-,194.97,5/5
2023-10,PX-PTA REVAMP AT PANIPAT REFINERY,IOCL,N16000376,HARYANA,8/2019,12/2021,12/2023,"1,255.00",-,826.78,6/7
2023-10,"GRASS ROOT POL TERMINAL AT VALLUR, CHENNAI",IOCL,N16000438,TAMIL NADU,1/2022,7/2024,12/2024,827.00,-,302.82,0/0
2023-10,CBR ASANUR PIPELINE AND ITS HOOK UP WITH EXISTING CHENNAI TRICHY MADURAI PRODUCT PIPELINE,IOCL,N16000451,TAMIL NADU,3/2022,11/2024,-,564.00,-,127.18,0/0
2023-10,"CGD PROJECT AT AURANGABAD, KAIMUR AND ROHTAS DISTRICTS",IOCL,N16000415,BIHAR,10/2018,8/2027,2/2029,176.00,-,138.43,0/0
2023-10,ACRYLICS OR OXO-ALCOHOL PROJECT AT GUJARAT REFINERY,IOCL,N16000382,GUJARAT,11/2019,5/2023,11/2023,"5,251.00","5,894.00","3,397.65",10/11
2023-10,LAYING OF NATURAL GAS PIPELINE FROM HAZARIBAGH TO RANCHI,IOCL,N16000480,JHARKHAND,3/2023,2/2026,-,202.07,-,0.24,0/0
2023-10,ATF PIPELINE FROM JAWAHARLAL NEHRU PORT TRUST (JNPT) TO NAVI,,,,9/2022,8/2025,-,165.00,-,0.40,0/0
2023-10,EXTENSION OF ASANUR-SANKARI SECTION OF CHENNAI-TRICHY- MADURAI PIPELINE UPTO COIMBATORE (IRUGUR),IOCL,N16000479,TAMIL NADU,1/2023,1/2025,-,346.70,-,1.51,0/0
2023-10,COMPRESSED BIO GAS PLANT AT GORAKHPUR,IOCL,N16000383,HARYANA,9/2019,7/2021,3/2022,164.69,-,134.90,7/9
2023-10,BARAUNI REFINERY CAPACITY EXPANSION FROM 6.0 TO 9.0 MMTPA,IOCL,N16000386,BIHAR,1/2020,4/2023,12/2024,"14,810.00",-,"6,989.35",6/7
2023-10,ADDITIONAL STORAGE TANKS AT PARADIP,IOCL,N16000361,ODISHA,11/2018,9/2021,4/2024,462.30,543.00,413.56,4/5
2023-10,ENNORE THIRUVALLUR BENGALURU PUDUCHERRY NAGAPATTINAM MADURAITUTICORIN GAS PIPELINE,IOCL,N16000253,TAMIL NADU,5/2016,12/2018,11/2023,"4,497.00","6,025.00","5,371.82",5/5
2023-10,CGD PROJECT AT SALEM DISTRICT,IOCL,N16000419,TAMIL NADU,10/2018,3/2030,-,"1,304.00",-,100.70,0/0
2023-10,EXPANSION OF GUWAHATI REFINERY FROM 1 TO 1.2 MMTPA ALONG WITH INSTALLATION OF CATALYTIC REFORMING UN,IOCL,N16000414,ASSAM,5/2021,10/2023,-,412.00,-,266.80,8/10
2023-10,"CONSTRUCTION OF CAPTIVE POL LPG JETTY AT KAMARAJAR PORT, CHENNAI",IOCL,N16000403,TAMIL NADU,10/2020,9/2023,12/2024,921.00,-,425.88,0/0
2023-10,"CGD PROJECT AT LAKHISARAI, MUNGER AND BHAGALPUR DISTRICTS",IOCL,N16000424,BIHAR,6/2019,2/2028,8/2029,347.00,-,152.43,0/0
2023-10,INSTALLATION OF SECOND CATALYTIC DEWAXING UNIT (CDW- II) AT HALDIA REFINERY,IOCL,N16000393,WEST BENGAL,6/2020,1/2023,11/2023,"1,019.00",-,705.71,5/6
2023-10,INSTALLATION OF NEW BITUMEN UNIT ALONG WITH ALLIED FACILITIES AT GUJARAT,IOCL,N16000454,GUJARAT,1/2022,9/2024,-,328.00,-,13.41,0/0
2023-10,"CGD PROJECT AT KHAGARIA, SAHARSA AND MADHEPURA",IOCL,N16000423,BIHAR,6/2019,12/2029,3/2030,163.00,-,63.26,0/0
2023-10,AUGMENTATION OF FACILITIES AT MATHURA BITUMEN PLANT,IOCL,N16000505,UTTAR PRADESH,4/2022,4/2025,-,260.12,-,0.02,0/0
2023-10,AUGUMENTATION OF SALAYA MATHURA CRUDE OIL PIPELINE SYSTEM,IOCL,N16000411,GUJARAT,10/2020,8/2023,-,"1,614.00",-,652.68,0/0
2023-10,"CGD PROJECT AT EAST MEDNIPORE, WEST MEDNIPORE AND JHARGRAM DISTRICTS",IOCL,N16000491,WEST BENGAL,3/2022,3/2030,-,609.00,-,21.92,0/0
2023-10,GRASS-ROOT TERMINAL AT MIRZAPUR UTTAR PRADESH,,,,9/2022,6/2026,-,980.45,-,28.68,0/0
2023-10,LPG BP PROJECT KHORDHA,IOCL,N16000283,ODISHA,12/2016,12/2019,9/2023,161.59,161.59,146.38,19/26
2023-10,2ND GENERATION ETHANOL PLANT AT PANIPAT REFINERY,IOCL,N16000352,HARYANA,1/2019,1/2021,8/2022,909.00,-,849.41,6/6
2023-10,EXPANSION OF CRYOGENICS GROUP BY SETTING UP NEW MANUFACTURING FACILITY,IOCL,N16000446,MAHARASHTRA,9/2021,10/2023,5/2024,378.00,-,109.57,0/0
2023-10,"SETTING UP LUBE COMPLEX AT VILLAGES AMULLAVOYAL AND VAIKKADU, CHENNAI AS RESITEMENT OF EXISTING FACI",IOCL,N16000405,TAMIL NADU,10/2020,12/2023,-,"1,398.00","1,587.00",829.06,0/0
2023-10,"CGD PROJECT AT BEED, JALGAON AND JALNA DISTRICTS",IOCL,N16000487,MAHARASHTRA,3/2022,3/2030,-,865.00,-,15.60,0/0
2023-10,NEW MUNDRA-PANIPAT CRUDE OIL PIPELINE,IOCL,N16000435,RAJASTHAN,12/2021,10/2024,12/2024,"9,028.00",-,"4,246.96",0/0
2023-10,"GRASS ROOT RAIL FED DEPOT AT SEKERKOTE, AGARTALA AS RESITEMENT OF EXISTING DHARMANAGAR DEPOT",IOCL,N16000495,TRIPURA,6/2022,8/2025,-,656.00,-,196.02,0/0
2023-10,INSTALLATION OF BITUMEN MANUFACTURING UNIT ALONG WITH ALLIED FACILITIES AT BARAUNI,IOCL,N16000453,BIHAR,1/2022,9/2024,-,389.00,-,17.52,0/0
2023-10,CATALYST MANUFACTURING UNIT OF 1500 MTPA CAPACITY AT PANIPAT REFINERY,IOCL,N16000321,HARYANA,4/2018,2/2020,6/2023,206.63,340.76,279.58,6/7
2023-10,NAPHTHA CRACKER EXPANSION PROJECT AT PANIPAT,IOCL,N16000340,HARYANA,8/2018,8/2020,11/2023,"1,636.00",-,"1,344.40",6/7
2023-10,"CGD PROJECT AT KURNOOL, GUNTUR AND PRAKASAM DISTRICTS",IOCL,N16000485,ANDHRA PRADESH,3/2022,3/2030,-,"1,420.00",-,29.74,0/0
2023-10,GRASS ROOT TERMINAL AT MALKAPUR,IOCL,N16000351,TELANGANA,12/2018,4/2022,-,611.00,-,409.04,0/0
2023-10,INFRASTRUCTURE DEVELOPMENT FOR UTILIZATION OF NATURAL GAS AT PARADIP REFINERY,IOCL,N16000395,ODISHA,1/2020,7/2022,-,202.16,-,143.44,3/4
2023-10,INSTALLATION OF STANDBY SRU TRAIN OF 525 TPD ALONGWITH INCINERATOR AT PARADIP REFINERY,IOCL,N16000368,ODISHA,6/2019,9/2022,3/2024,371.00,427.10,230.91,6/8
2023-10,CGD PROJECT AT REWA DISTRICT,IOCL,N16000417,MADHYA PRADESH,10/2018,2/2027,9/2028,177.00,-,108.06,0/0
2023-10,PETROCHEMICAL AND LUBE INTEGRATION PROJECT AT GUJARAT REFINERY,,,,9/2020,9/2024,-,"18,936.00",-,"5,008.62",11/15
2023-10,POLY BUTADIENE RUBBER PLANT AT PANIPAT,IOCL,N16000458,HARYANA,3/2022,3/2025,-,"1,459.00","2,102.79",72.94,0/0
2023-10,REVAMPING OF FACILITIES AT VIZAG TERMINAL,IOCL,N16000343,ANDHRA PRADESH,4/2018,4/2022,-,355.00,-,207.93,0/0
2023-10,"REVAMPING OF FACILITIES AT EXISTING GUWAHATI TERMINAL, ASSAM",IOCL,N16000441,ASSAM,3/2022,7/2026,-,277.00,-,46.75,0/0
2023-10,"CGD PROJECT AT MADURAI, THENI AND VIRUDHNAGAR DISTRICTS",IOCL,N16000490,TAMIL NADU,3/2022,3/2030,-,"1,328.00",-,53.44,0/0
2023-10,REPLACEMENT OF EXISTING TWIN 42” OFFSHORE PIPELINES AT VADINAR ALONG WITH TWO EXISTING PIPELINE END,IOCL,N16000400,GUJARAT,6/2020,12/2022,2/2024,"1,378.00",-,957.11,0/0
2023-10,"CGD PROJECT AT JHUNJHUNU, SIKAR AND NAGAUR DISTRICTS",IOCL,N16000489,RAJASTHAN,3/2022,3/2030,-,575.00,-,30.61,0/0
2023-10,CGD PROJECT AT COIMBATORE DISTRICT,IOCL,N16000418,TAMIL NADU,10/2018,3/2030,-,"2,998.00",-,302.74,0/0
2023-10,"CGD PROJECT AT BOKARO, HAZARIBAGH AND RAMGARH DISTRICTS",IOCL,N16000416,JHARKHAND,10/2018,12/2029,3/2030,613.00,-,228.33,0/0
2023-10,CONSTRUCTION OF ADDITIONAL TANKAGES AND ALLIED FACILITIES AT JNPT TERMINAL,IOCL,N16000504,MAHARASHTRA,4/2022,10/2024,-,341.43,-,0.83,0/0
2023-10,CAPACITY EXPANSION OF PANIPAT REFINERY FROM 15 TO 25 MMTPA,IOCL,N16000412,HARYANA,2/2021,9/2024,-,"34,627.00",-,"6,446.80",17/23
2023-10,INTEGRATED PARA XYLENE (PX) AND PURIFIED TEREPHTHALIC ACID (PTA) PROJECT AT PARADIP REFINERY,IOCL,N16000396,ODISHA,7/2020,1/2024,-,"13,805.00",-,"4,317.04",8/12
2023-10,LPG BP PROJECT CHITTOOR,IOCL,N16000381,ANDHRA PRADESH,7/2019,7/2022,2/2024,167.00,200.82,90.32,0/5
2023-10,CGD PROJECT AT NAWADA AND KODERMA DISTRICTS,IOCL,N16000426,MULTI STATE,6/2019,12/2029,3/2030,169.00,-,65.65,0/0
2023-10,"CGD PROJECT AT SRIKAKULAM, VISAKHAPATNAM AND VIZIANAGARAM DISTRICTS",IOCL,N16000420,ANDHRA PRADESH,6/2019,8/2027,3/2030,"2,880.00",-,227.27,0/0
2023-10,"CGD PROJECT AT ARWAL, JEHANABAD, BHOJPUR AND BUXAR DISTRICTS",IOCL,N16000422,BIHAR,6/2019,2/2028,8/2029,439.00,-,203.69,0/0
2023-10,CGD PROJECT AT DHARMAPURI AND KRISHNAGIRI DISTRICTS,IOCL,N16000486,TAMIL NADU,3/2022,3/2030,-,501.00,-,45.28,0/0
2023-10,Fuel Quality Upgradation Project at Indradhanush Gas Grid Ltd,,,,5/2019,8/2021,-,"3,361.00",-,"2,515.41",9/11
2023-10,NORTH EAST GAS GRID,IGGL,N16000439,MULTI STATE,11/2020,3/2024,3/2025,"9,265.00","9,265.00","4,688.27",13/18
2023-10,DEVANGONTHI MARKETING TERMINAL,MANGALORE REFIN,N16000401,KARNATAKA,6/2020,6/2023,1/2024,200.00,304.00,194.48,5/6
2023-10,NUMALIGARH REFINERY EXPANSION PROJECT 6 MMTPA REFINARY,NRL,N16000379,ASSAM,1/2019,10/2024,-,"12,366.00",-,"7,356.85",8/14
2023-10,NUMALIGARH REFINERY EXPANSION PROJECT COIT AND PIPELINES,NRL,N16000394,ASSAM,1/2019,10/2024,-,"10,228.00",-,"6,004.40",9/20
2023-10,"GAS ASSISTED GRAVITY DRAINAGE SCHEME, KASOMARIGAON",ONGC,N16000433,ASSAM,8/2021,2/2023,-,218.38,-,70.30,5/5
2023-10,Field Development Plan of Madanam NELP-IV Block CY-ONN-2002,ONGC,N16000241,TAMIL NADU,11/2015,3/2019,9/2021,650.82,-,471.33,6/6
2023-10,DEVELOPMENT OF JHARIA CBM BLOCK (PHASE-1),ONGC,N16000445,JHARKHAND,11/2019,1/2024,-,431.00,-,95.05,1/3
2023-10,DEVELOPMENT PLAN OF CBM - BOKARO BLOCK,ONGC,N16000239,JHARKHAND,12/2015,3/2023,3/2024,823.27,"1,137.79",970.34,9/11
2023-10,KALOL REDEVELOPMENT PROJECT,ONGC,N16000481,GUJARAT,8/2022,3/2027,-,"1,487.41",-,498.62,0/1
2023-10,REDEVELOPMENT OF SANTHAL FIELD,ONGC,N16000279,GUJARAT,2/2017,3/2026,-,"1,162.56",-,"1,042.01",10/10
2023-10,REDEVELOPMENT OF SOBHASAN COMPLEX,ONGC,N16000431,GUJARAT,8/2021,2/2026,-,885.63,-,299.84,1/3
2023-10,PIPELINE REPLACEMENT PROJECT - VII,ONGC,N16000436,MAHARASHTRA,1/2022,5/2024,-,"3,183.58",-,"1,534.05",5/5
2023-10,DAMAN UPSIDE DEVELOPMENT PROJECT (DUDP) IN TAPTI DAMAN BLOCK,ONGC,N16000470,MAHARASHTRA,6/2022,10/2025,-,"4,144.41",-,0.00,6/6
2023-10,"RESTORATION OF GAS TERMINAL, PHASE-I (PART-A), HAZIRA PLANT",ONGC,N16000477,GUJARAT,5/2022,2/2025,-,249.43,-,18.16,1/2
2023-10,KG-DWN-98-2 CLUSTER II DEVELOPMENT PROJECT,ONGC,N16000247,ANDHRA PRADESH,3/2016,6/2020,5/2024,"34,012.00",-,"26,644.65",16/20
2023-10,LIFE EXTENSION OF WALL PLATFORMS OF MUMBAI HIGH AND HEERA FIELDS -,,,,12/2015,4/2018,12/2023,"3,190.69","3,375.90","2,897.83",14/15
2023-10,CREATION OF GDU AND DPD FACILITIES AT RAJAHMUNDRY,ONGC,N16000471,ANDHRA PRADESH,3/2022,5/2024,-,211.22,-,6.12,4/4
2023-10,OLD PIPE LINE REPLACEMENT (OPRP) GROUP-A,ONGC,N16000483,GUJARAT,7/2021,7/2025,-,173.03,-,45.99,5/5
2023-10,"UPGRADING IPSHEM TO WORLD CLASS FACILITY OF ONGC, GOA",ONGC,N16000502,GOA,3/2023,6/2024,-,325.53,-,64.87,0/0
2023-10,HEERA REDEVELOPMENT - PHASE III,ONGC,N16000360,MAHARASHTRA,6/2019,3/2022,12/2023,"2,494.68",-,"2,386.95",6/6
2023-10,MUMBAI HIGH NORTH REDEVELOPMENT PHASE-IV,ONGC,N16000358,MAHARASHTRA,4/2019,3/2022,12/2023,"3,228.80","3,976.67","3,805.59",6/6
2023-10,DEVELOPMENT OF NELP BLOCK KG- ONN-2003/1 NAGAYALANKA FIELD- PH II,ONGC,N16000469,ANDHRA PRADESH,3/2022,6/2023,-,284.79,-,234.53,1/3
2023-10,CONSTRUCTION OF TWO PRODUCED WATER TREATMENT PLANTS (PWTP) AT BECHARAJI AND SOBHASAN INSTALLATION OF,ONGC,N16000482,GUJARAT,7/2021,7/2024,-,320.20,-,32.68,0/0
2023-10,CREATION OF GAS DEHYDRATION FACILITIES,ONGC,N16000443,TRIPURA,3/2022,5/2024,-,209.33,-,26.55,1/2
2023-10,REDEVELOPMENT OF LINCH FIELD,ONGC,N16000428,GUJARAT,4/2021,3/2025,-,631.03,-,231.71,1/3
2023-10,COMMERCIAL POLYMER FLOODING PROJECT IN BECHRAJI FIELD,ONGC,N16000444,GUJARAT,1/2022,11/2024,-,621.40,-,81.22,1/2
2023-10,DEVELOPMENT OF SURFACE FACILITIES FOR PRODUCTION AND EVACUATION OF CRUDE OIL AND NATURAL GAS FROM NA,OIL,N16000331,ASSAM,1/2018,2/2020,12/2023,543.91,-,450.11,1/14
2023-10,UPGRADATION OF FACILITIES OF NUMALIGARH-SILIGURI PRODUCT PIPELINE (NSPL) FOR TRANSPORTATION OF ADDIT,OIL,N16000449,ASSAM,6/2021,12/2024,-,860.00,-,125.00,0/0
2023-10,"PROJECT TO CONSTRUCT A FIELD GAS GATHERING STATION AT BAGHJAN AREA FOR COLLECTION,PROCESSING",OIL,N16000450,ASSAM,12/2020,7/2024,3/2024,430.76,-,131.55,0/0
2023-10,KWAR HE PROJECT,CVPPPL,N18000363,JAMMU AND KASHMIR,5/2022,11/2026,-,"4,526.12",-,482.43,0/0
2023-10,KIRU HYDRO ELECTRIC PROJECT,CVPPPL,N18000278,JAMMU AND KASHMIR,3/2019,8/2024,-,"4,287.59",-,"1,316.20",0/0
2023-10,SUBANSIRI LOWER H.E.P (8X250 MW) (NHPC),NHPC,180100221,ARUNACHAL PRADESH,9/2003,9/2010,5/2025,"6,285.33","21,247.54","19,634.27",0/0
2023-10,PARBATI HEP (4X200 MW) (NHPC) II,NHPC,180100210,HIMACHAL PRADESH,9/2002,9/2009,9/2024,"3,919.59","11,134.54","10,761.88",5/5
2023-10,RANGIT IV HE PROJECT,NHPC,N18000326,SIKKIM,3/2021,5/2024,8/2024,938.29,938.29,819.82,0/0
2023-10,TEESTA VI HE PROJECT,NHPC,N18000325,SIKKIM,3/2019,3/2024,8/2026,"5,748.04",-,"3,001.27",0/0
2023-10,RATLE HE PROJECT,NHPC,N18000324,JAMMU AND KASHMIR,2/2021,2/2026,5/2026,"5,281.94","5,281.94",453.70,0/0
2023-10,300 MW SOLAR POWER PROJECT UNDER CPSU SCHEME,NHPC,N18000368,RAJASTHAN,5/2022,11/2023,9/2024,"1,677.12",-,571.36,0/0
2023-10,KALPI SOLAR POWER PROJECT,NHPC,N18000323,UTTAR PRADESH,7/2020,3/2022,3/2024,314.64,350.46,235.69,0/0
2023-10,DIBANG MULTIPURPOSE PROJECT 2880 MW ARUNACHAL PRADESH,NHPC,N18000362,ARUNACHAL PRADESH,2/2023,2/2032,-,"31,876.39",-,"2,274.72",0/0
2023-10,KHAVDA 1200MW (4X300MW) IN KHAVDA RE PARK,NTPC,N18000365,GUJARAT,6/2023,12/2024,-,"6,283.81",-,203.47,0/0
2023-10,NOKH PLOT-1 SOLAR PV PROJECT 245MW,NTPC,N18000320,RAJASTHAN,3/2022,8/2023,9/2024,"1,352.71",-,148.38,0/0
2023-10,LATA-TAPOVAN HYDRO ELECTRIC POWER PROJECT 3X57 MW,NTPC,N18000142,UTTARAKHAND,7/2012,8/2017,-,"1,527.00",-,149.93,0/15
2023-10,DAYAPAR WIND ENERGY PROJECT 200MW,NTPC,N18000345,GUJARAT,7/2022,3/2025,-,"1,316.02",-,165.87,0/0
2023-10,KERANDARI COAL MINING PROJECT,NTPC,N18000370,JHARKHAND,9/2015,11/2019,-,"1,553.00",-,0.00,0/0
2023-10,DAYAPAR WIND- III (HYBRID TRANCHE-V),NTPC,N18000366,GUJARAT,5/2023,1/2025,-,"1,095.01",-,75.46,0/0
2023-10,"150 MW SOLAR PV PROJECT IN GUJARAT (LIMBDI, MESANKA AND RADHANPUR)",NTPC,N18000296,GUJARAT,5/2021,9/2022,3/2024,674.92,-,127.63,0/0
2023-10,RAMMAM-III HEPP (3X40 MW),NTPC,N18000178,WEST BENGAL,9/2014,9/2019,12/2024,"1,381.84",-,936.01,7/10
2023-10,NOKH PLOT-3 SOLAR PV PROJECT 245MW,NTPC,N18000322,RAJASTHAN,3/2022,8/2023,9/2024,"1,426.94",-,210.22,0/0
2023-10,DAYAPAR WIND ENERGY PROJECT 150MW,NTPC,N18000319,GUJARAT,11/2021,5/2023,6/2024,937.80,-,380.57,0/0
2023-10,TAPOVAN-VISHNUGAD HEP (4X130MW),NTPC,N18000014,UTTARAKHAND,11/2006,3/2013,12/2021,"2,978.48","5,867.38","5,996.63",8/15
2023-10,NOKH PLOT-2 SOLAR PV PROJECT 245MW,NTPC,N18000321,RAJASTHAN,3/2022,8/2023,9/2024,"1,409.52",-,208.77,0/0
2023-10,CHHATTARGARH 150 MW,NTPC,N18000294,RAJASTHAN,2/2021,7/2022,3/2024,599.99,-,396.85,0/0
2023-10,SAMBHU KI BHURJ-II SOLAR 300MW,NTPC,N18000286,RAJASTHAN,3/2020,9/2021,9/2024,"1,782.00",-,"1,273.88",0/0
2023-10,KHAWDA 1255MW SOLAR PROJECT (KHAWDA SOLAR PARK),NTPC,N18000346,GUJARAT,9/2022,9/2024,9/2024,"7,179.54",-,545.46,0/0
2023-10,CHATTI BARIATU COAL MINING,NTPC,N18000369,JHARKHAND,3/2015,4/2024,-,"1,314.00",-,0.00,0/0
2023-10,PATRATU STPP-I (3X800MW),NTPC,N18000275,JHARKHAND,11/2017,3/2023,-,"18,668.00",-,"11,964.63",9/23
2023-10,GUJARAT 200 MW (GUVNL TENDER),NTPC,N18000295,GUJARAT,1/2021,7/2022,3/2024,842.27,-,93.83,0/0
2023-10,ANTA SOLAR 90 MW,NTPC,N18000292,RAJASTHAN,1/2021,3/2022,2/2025,382.22,-,69.01,0/0
2023-10,BHUJ SOLAR 300MW (TRANCHE-IV WIND SOLAR HYBRID),NTPC,N18000349,GUJARAT,11/2022,3/2024,6/2024,"1,442.60",-,80.60,0/0
2023-10,BHADLA-II 500MW SOLAR PV,NTPC,N18000347,RAJASTHAN,6/2022,3/2024,3/2024,"2,598.92",-,1.82,0/0
2023-10,SHAJAPUR 325MW SOLAR PV,NTPC,N18000348,MADHYA PRADESH,6/2022,3/2024,3/2024,"1,530.49",-,241.44,0/0
2023-10,DURGAPUR PP-III (2X20 MW) - NSPCL,NTPC,N18000277,WEST BENGAL,12/2016,11/2018,3/2023,529.68,633.80,563.97,14/20
2023-10,BHENSARA 320 MW,NTPC,N18000293,RAJASTHAN,1/2021,7/2022,3/2024,"1,221.73",-,172.90,0/0
2023-10,BADAM COAL MINING PROJECT,NTPC,N18000367,JHARKHAND,2/2019,10/2024,-,501.79,-,20.35,0/0
2023-10,BARH STPP(3X660MW) NTPC,NTPC,180100242,BIHAR,2/2005,10/2011,7/2023,"8,692.97","21,312.11","21,667.23",41/49
2023-10,TALCHER THERMAL POWER PROJECT STAGE III(2X660 MW),NTPC,N18000364,ODISHA,8/2022,5/2027,-,"11,844.00",-,836.00,0/22
2023-10,NORTH KARANPURA STPP (3X660 MW),NTPC,N18000177,JHARKHAND,2/2014,6/2019,10/2022,"14,366.58",-,"15,137.11",39/46
2023-10,HVDC BIPOLE LINK BETWEEN WR AND SR -NORTH TRICHUR - SCHEME -II AC SYSTEM STRENGTHENING AT PUGALUR EN,PGCIL,N18000264,MULTI STATE,8/2017,2/2020,-,"1,931.39",-,"1,954.69",0/0
2023-10,SCHEME TO RELIEVE HIGH LOADING OF WR-NR INTER REGIONAL CORRIDOR,PGCIL,N18000371,RAJASTHAN,2/2023,5/2024,-,200.58,-,0.00,0/0
2023-10,TRANSMISSION SYSTEM FOR EVACUATION OF POWER FROM RAJASTHAN REZ PHASE-IV PART-I (BIKANER COMPLEX) PAR,PGCIL,N18000372,RAJASTHAN,6/2023,1/2025,-,202.39,-,0.00,0/0
2023-10,TRANSMISSION SYSTEM SCHEME FOR EVACUATION OF POWER FROM REZ RAJASTHAN (8.1 GW) UNDER PHASE-II PART,PGCIL,N18000356,RAJASTHAN,3/2023,9/2024,-,"1,433.28",-,82.96,0/0
2023-10,RELIABLE COMMUNICATION SCHEME UNDER CENTRAL SECTOR FOR SOUTHERN REGION,PGCIL,N18000339,MULTI STATE,11/2018,11/2021,-,173.94,-,128.73,0/0
2023-10,TRANSMISSION SYSTEM STRENGTHENING SCHEME FOR EVACUATION OF POWER FROM SOLAR ENERGY ZONES IN RAJASTHA,PGCIL,N18000304,RAJASTHAN,3/2021,12/2022,-,"1,340.81",-,"1,138.96",0/0
2023-10,COMPREHENSIVE SCHEME FOR THE STRENGHTENING OF THE TRANSMISSION AND DISTRIBUTION SYSTEM IN A P,PGCIL,N18000249,MULTI STATE,12/2014,12/2018,-,"4,754.42",-,"5,979.69",0/0
2023-10,"TRANSMISSION SYSTEM FOR PROVIDING CONNECTIVITY TO RE PROJECTS AT BIKANER (PG), FATEHGARH-II AND BHAD",PGCIL,N18000314,RAJASTHAN,1/2020,1/2021,-,562.86,545.88,394.74,0/0
2023-10,TRANSMISSION NETWORK EXPANSION IN GUJARAT TO INCREASE ATC FROM ISTS: PART B,PGCIL,N18000337,MULTI STATE,7/2022,6/2023,-,"4,546.26",-,935.84,0/0
2023-10,"NORTH EAST-NORTHERN/ WESTERN INTERCONNECTOR-I, PART-C",PGCIL,N18000327,ASSAM,3/2019,3/2023,-,"1,326.00",-,"1,410.00",0/0
2023-10,TRANSMISSION SYSTEM ASSOCIATED WITH WESTERN REGION EXPANSION SCHEME-XXVIII AND XXIX,PGCIL,N18000355,CHHATTISGARH,3/2023,3/2025,-,260.30,-,2.08,0/0
2023-10,RELIABLE COMMUNICATION SCHEME UNDER CENTRAL SECTOR FOR NORTHERN REGION,PGCIL,N18000317,MULTI STATE,11/2018,11/2021,-,241.38,-,238.61,0/0
2023-10,TRANSMISSION SYSTEM STRENGTHENING FOR SRINAGAR- LEH TRANSMISSION SYSTEM,PGCIL,N18000330,MULTI STATE,3/2022,12/2024,-,288.71,-,0.23,0/0
2023-10,TRANSMISSION SYSTEM FOR KURNOOL WIND ENERGY ZONE SOLAR ENERGY ZONE (AP) PART-A PART B,PGCIL,N18000352,MULTI STATE,3/2023,11/2024,-,"3,546.94",-,106.44,0/0
2023-10,TRANSMISSION NETWORK EXPANSION IN GUJARAT TO INCREASE ATC FROM ISTS: PART C,PGCIL,N18000338,MULTI STATE,7/2022,3/2025,-,186.19,-,26.55,0/0
2023-10,TS FOR EVACUATION OF POWER FROM PAKALDUL HEP IN CHENAB VALLEY HEPS - LTA SYSTEM,PGCIL,N18000328,MULTI STATE,2/2022,4/2025,-,318.12,-,108.08,0/0
2023-10,POWERGRID NEEMUCH TRANSMISSION SYSTEM LIMITED,PGCIL,N18000341,MULTI STATE,8/2022,2/2024,-,863.99,-,264.65,0/0
2023-10,TRANSMISSION NETWORK EXPANSION IN GUJARAT ASSOCIATED WITH INTEGRATION OF RE PROJECTS FROM KHAVDA POT,PGCIL,N18000358,GUJARAT,3/2023,3/2025,-,815.12,-,1.53,0/0
2023-10,TRANSMISSION SYSTEM STRENGTHENING SCHEME FOR EVACUATION OF POWER FROM SOLAR ENERGY ZONES IN RAJASTHA,PGCIL,N18000305,RAJASTHAN,6/2021,12/2022,-,713.82,-,480.20,0/0
2023-10,"TRANSMISSION SYSTEM FOR POWER EVACUATION FROM ARUN-3 (900MW) HEP, NEPAL OF M/S SAPDC-INDIAN PORTION",PGCIL,N18000299,BIHAR,5/2021,4/2023,-,179.29,-,112.70,0/0
2023-10,IMPLEMENTATION OF 500 MVAR THYRISTOR CONTROLLED REACTOR AT KURUKSHETRA,PGCIL,N18000302,HARYANA,1/2019,3/2022,-,267.33,-,109.91,0/0
2023-10,TRANSMISSION SYSTEM STRENGTHENING SCHEME FOR EVACUATION OF POWER FROM SOLAR ENERGY ZONES IN RAJASTHA,PGCIL,N18000307,RAJASTHAN,6/2021,12/2022,-,"1,006.00",-,820.65,0/0
2023-10,EASTERN REGION EXPANSION SCHEME XXIX,PGCIL,N18000351,ODISHA,3/2023,11/2025,-,524.04,-,15.25,0/0
2023-10,TRANSMISSION SYSTEM ASSOCIATED WITH WESTERN REGION EXPANSION SCHEME XXVII,PGCIL,N18000354,CHHATTISGARH,3/2023,9/2024,-,271.69,-,0.00,0/0
2023-10,NORTH EASTERN REGION POWER SYSTEM IMPROVEMENT PROJECT (NERPSIP) FOR SIX (6) STATES,PGCIL,N18000250,MULTI STATE,12/2014,12/2018,-,"5,111.33",-,"4,687.82",0/0
2023-10,TRANSMISSION SYSTEM STRENGTHENING SCHEME FOR EVACUATION OF POWER FROM,,,,3/2021,12/2022,-,353.85,-,244.91,0/0
2023-10,ESTABLISHMENT OF FIBER OPTIC COMMUNICATION SYSTEM IN NR UNDER FIBER OPTIC EXPANSION PROJECT (ADDITIO,PGCIL,N18000184,MULTI STATE,3/2015,3/2018,-,197.40,-,159.47,0/0
2023-10,"TS FOR EVACUATION OF POWER FROM REZ IN RAJASTHAN (20GW) UNDER PHASE-III, PART E1",PGCIL,N18000373,RAJASTHAN,8/2023,2/2025,-,688.74,-,0.00,0/0
2023-10,"KHAVDA-2, GUJARAT- ESTABLISHMENT OF KHAVDA POOLING STATION-2 (KPS2) IN KHAVDA RE PARK",PGCIL,N18000359,GUJARAT,3/2023,12/2024,-,966.79,-,10.09,0/0
2023-10,"KHAVDA PHASE-II-PART B, GUJARAT- TRANSMISSION SCHEME FOR EVACUATION OF 4.5 GW RE INJECTION AT KHAVDA",PGCIL,N18000360,GUJARAT,3/2023,3/2025,-,"1,167.55",-,44.34,0/0
2023-10,EASTERN REGION STRENTHENING SCHEME XVII( PART B),PGCIL,N18000244,MULTI STATE,2/2017,6/2019,-,235.53,-,169.00,0/0
2023-10,ER WR TRANSMISSION LIMITED,PGCIL,N18000353,MULTI STATE,3/2023,3/2025,-,281.16,-,0.11,0/0
2023-10,ESTABLISHMENT OF KHAVDA POOLING STATION 3 (KPS3) IN KHAVDA RE PARK,PGCIL,N18000357,GUJARAT,3/2023,12/2024,-,922.30,-,46.29,0/0
2023-10,TRANSMISSION SYSTEM STRENGTHENING SCHEME FOR EVACUATION OF POWER FROM SOLAR ENERGY ZONES IN RAJASTHA,PGCIL,N18000332,MULTI STATE,5/2022,11/2023,-,"1,666.00",-,709.38,0/0
2023-10,WESTERN REGION EXPANSION SCHEME XXV,PGCIL,N18000350,CHHATTISGARH,2/2023,11/2023,-,385.84,-,0.00,0/0
2023-10,SYSTEM STRENGTHENING SCHEME FOR EASTERN AND NORTH EASTERN REGION,PGCIL,N18000343,MULTI STATE,10/2022,10/2025,-,307.87,-,8.81,0/0
2023-10,NORTH EASTERN REGION STRENGTHENING SCHEME-XII,PGCIL,N18000316,MULTI STATE,5/2021,3/2023,-,576.42,-,386.15,0/0
2023-10,TRANSMISSION SYSTEM FOR EVACUTION OF POWER FROM NEYVELI LIGNITE CORP LTD TS - I (REPLACEMENT) IN NEY,PGCIL,N18000262,TAMIL NADU,5/2017,7/2019,-,186.17,-,178.84,0/0
2023-10,"KHAVDA PHASE-II-PART C, GUJARAT- TRANSMISSION SCHEME FOR EVACUATION OF 4.5 GW RE INJECTION AT KHAVDA",PGCIL,N18000361,GUJARAT,3/2023,3/2025,-,"2,820.99",-,107.80,0/0
2023-10,AUGMENTATION OF TRANSFORMATION CAPACITY IN SOUTHERN REGION.,,,,3/2022,3/2023,-,176.22,-,61.69,0/0
2023-10,NORTH EASTERN REGION STRENGTHENING SCHEME - III,PGCIL,N18000313,MULTI STATE,9/2015,12/2017,-,167.31,-,129.97,0/0
2023-10,TRANSMISSION SYSTEM STRENGTHENING SCHEME FOR EVACUATION OF POWER FROM SOLAR ENERGY ZONES IN RAJASTHA,PGCIL,N18000300,RAJASTHAN,5/2021,9/2022,-,"1,184.88",-,774.64,0/0
2023-10,TRANSMISSION SYSTEM STRENGTHENING SCHEME FOR EVACUATION OF POWER FROM SOLAR ENERGY ZONES IN RAJASTHA,PGCIL,N18000306,RAJASTHAN,6/2021,12/2022,-,"1,562.00",-,858.07,0/0
2023-10,OMKARESHWAR FLOATING SOLAR POWER PROJECT (90 MW),SJVN,N18000342,MADHYA PRADESH,11/2022,4/2024,-,646.17,-,442.45,0/0
2023-10,GUJRAI SOLAR POWER PROJECT,SJVN,N18000336,UTTAR PRADESH,6/2022,8/2023,-,279.94,-,265.55,0/3
2023-10,SUNNI DAM HYDRO ELECTRIC,SJVN,N18000344,HIMACHAL PRADESH,1/2023,4/2028,-,"2,614.51",-,526.27,0/10
2023-10,LUHRI HYDROELECTRIC PROJECT (STAGE1),SJVN,N18000279,HIMACHAL PRADESH,11/2020,1/2026,-,"1,810.56",-,"1,232.21",2/10
2023-10,DHAULASIDH HYDROELECTRIC PROJECT (66 MW),SJVN,N18000291,HIMACHAL PRADESH,10/2020,11/2025,-,687.97,-,465.62,4/11
2023-10,Bagodara Solar Power Project,SJVN,N18000297,GUJARAT,5/2021,10/2022,-,339.35,-,305.21,0/5
2023-10,BUXAR THERMAL POWER PLANT (1320 MW),SJVN,N18000194,BIHAR,3/2019,1/2024,-,"10,439.09",-,"8,501.19",20/27
2023-10,BIKANER SOLAR POWER PROJECT,SJVN,N18000335,MAHARASHTRA,4/2022,5/2024,-,"5,491.89",532.00,"2,269.70",0/0
2023-10,NAITWAR MORI HEP,SJVN,N18000265,UTTARAKHAND,10/2017,12/2021,-,648.33,-,"1,196.97",32/32
2023-10,GURHAH SOLAR POWER PROJECT,SJVN,N18000334,UTTAR PRADESH,5/2022,8/2023,-,466.82,-,419.54,0/0
2023-10,RAGHANESDA SOLAR POWER,SJVN,N18000340,GUJARAT,6/2022,12/2023,-,642.15,-,485.03,0/0
2023-10,KHURJA SUPER THERMAL POWER,THDCIL,N18000272,UTTAR PRADESH,3/2019,9/2023,-,"11,089.42",-,"8,619.08",8/13
2023-10,TEHRI PUMPED STORAGE PLANT(1000MW),,,,7/2006,2/2016,6/2022,"1,657.00",-,"5,843.37",29/34
2023-10,VISHNUGAD PIPALKOTI HYDRO ELECTRIC PROJECT,THDCIL,N18000042,UTTARAKHAND,8/2008,6/2013,-,"2,491.58","3,860.35","3,298.55",11/25
2023-10,RAJPURA-BHATINDA (172.64 KM),MEGA,N22000597,PUNJAB,6/2017,3/2024,-,"1,775.73",-,0.00,0/0
2023-10,AHMEDNAGAR-PARLI VAIJNATH(NL) CR,CR,220100181,MAHARASHTRA,2/1997,3/2021,-,"2,271.50",-,"3,545.10",0/0
2023-10,WARDHA-SEWAGRAM NGP 3RD LINE,CR,N22000250,MAHARASHTRA,4/2012,3/2022,3/2025,540.02,-,421.63,0/0
2023-10,DHULE (BORVIHIR)-NARDANA (UMBRELLA WORK),CR,N22000514,MAHARASHTRA,1/2019,3/2026,-,492.76,-,0.05,0/0
2023-10,ITARSI-NAGPUR (BAL.) - 3RD LINE (267 KM),CR,N22000358,MAHARASHTRA,2/2015,3/2023,3/2027,"2,449.91",-,955.84,0/0
2023-10,PUNE-MIRAJ-LONDA (467 KM),CR,N22000359,MAHARASHTRA,2/2015,3/2024,6/2024,"3,627.47","3,627.00","2,945.40",0/0
2023-10,WARDHA-NANDED MAHARASHTRA,CR,N22000231,MAHARASHTRA,4/2008,3/2023,12/2026,"3,168.29",-,"1,752.78",0/0
2023-10,DAUND - MANMAD (236 KM),CR,N22000360,MAHARASHTRA,2/2016,3/2023,12/2024,"1,876.00",-,"1,401.86",0/0
2023-10,WARDHA - NAGPUR - 4TH LINE (76 KM),CR,N22000362,MAHARASHTRA,2/2016,3/2023,3/2025,637.95,-,525.03,0/0
2023-10,BARAMATI - LONAND,CR,N22000615,MAHARASHTRA,2/1999,3/2027,-,736.44,-,0.00,0/0
2023-10,SOLAPUR-TULJAPUR-OSMANABAD (UMBRELLA WORK),CR,N22000513,MAHARASHTRA,1/2019,3/2028,-,904.92,-,0.36,0/0
2023-10,WARDHA-BALHARSHAH - 3RD LINE (132 KM),CR,N22000356,MAHARASHTRA,2/2015,3/2022,3/2025,"1,272.19",-,773.28,0/0
2023-10,KALYAN-MURBAD VIA ULHASNAGAR (UMBRELLA WORK),CR,N22000515,MAHARASHTRA,2/2023,3/2027,3/2026,836.12,-,0.22,0/0
2023-10,MANMAD - JALGAON - 3RD LINE (160 KM),CR,N22000361,MAHARASHTRA,2/2016,3/2022,12/2024,"1,035.16",-,840.26,0/0
2023-10,KALYAN-KASARA 3RD LINE,CR,N22000233,MAHARASHTRA,4/2011,3/2021,12/2025,792.89,-,582.01,0/0
2023-10,PACHORA-JAMNER WITH EXTENSION UPTO MALKAPUR NG TO BG,CR,N22000511,MAHARASHTRA,8/2022,8/2027,-,955.00,-,0.00,0/0
2023-10,WESTERN DEDICATED FREIGHT CORRIDOR,DFCC,N22000464,MULTI STATE,11/2007,3/2020,-,"16,592.00","51,101.00","47,476.00",0/0
2023-10,KHAGARIA-KUSHESHWAR ASTHAN (NL) (ECR),ECR,220100257,BIHAR,4/1997,/,-,162.87,614.45,416.24,0/0
2023-10,"KODERMA-TILAIYA (NL), ECR",ECR,220100305,JHARKHAND,4/2002,/,-,459.91,"1,625.87","1,413.56",0/0
2023-10,SURFACE TRIANGLE LINE BETWEEN BHADURA STATION AND NEW CROSSING STN KARMA DOUBLING,ECR,N22000525,UTTAR PRADESH,10/2022,10/2027,-,199.96,-,0.00,0/0
2023-10,RAMPUR DUMRA - TAL - RAJENDRAPUL DOUBLING INCLUDING GANGA BRIDGE,ECR,N22000350,BIHAR,12/2015,3/2020,-,"1,491.47",-,"1,257.60",1/1
2023-10,RAMNA - SINGRAULI DOUBLING,ECR,N22000417,UTTAR PRADESH,8/2015,3/2020,-,"2,436.21",-,"2,570.45",0/0
2023-10,DARBHANGA - BYPASS LINE CONNECTING SHISHO HALT AND KAKARGHATI EXCL DARBHANGA YARD (7.64 KM),ECR,N22000523,BIHAR,6/2019,6/2025,-,983.62,-,273.81,0/0
2023-10,JHAJHA - BATIA (UMBRELLA WORK PB#23/2018-19/NR),ECR,N22000526,BIHAR,2/2019,6/2028,-,496.47,-,1.33,0/0
2023-10,GOMOH - FLYOVER FOR DOWN TRAINS,ECR,N22000611,JHARKHAND,1/2018,12/2025,-,487.73,-,215.76,0/0
2023-10,"HAJIPUR-SUGAULI VIA VAISHALI (NL), ECR",ECR,220100303,BIHAR,4/2003,/,-,528.65,"2,066.78","1,897.48",0/0
2023-10,JAYNAGAR-BIJALPURA INCLUDING EXTENSION BIJALPURA- BARDIBAS(NEPAL) GC,ECR,N22000181,BIHAR,4/2009,3/2020,-,548.00,548.00,543.54,0/0
2023-10,KIUL - GAYA DOUBLING PROJECT,ECR,N22000349,BIHAR,12/2015,3/2020,-,"1,200.20","1,200.20","1,416.27",0/1
2023-10,"FATUHA-ISLAMPUR INCL. MM FOR EXTENSION OF NEW LINE FORM BIHARSHARIF-BARBIGHA, DANIYAWAN-BIHARSHARIF,",ECR,N22000476,BIHAR,4/1991,/,-,329.39,"1,483.14","2,255.53",0/0
2023-10,SAMASTIPUR-DARBANGHA,ECR,N22000329,BIHAR,5/2015,/,-,380.00,519.33,422.28,0/0
2023-10,KARAILA ROAD - SHAKTINAGAR DOUBLING,ECR,N22000419,UTTAR PRADESH,8/2015,3/2019,-,528.57,-,635.45,0/0
2023-10,SAKRI-HASANPUR ROAD (NL),ECR,N22000171,BIHAR,4/1999,/,-,325.00,735.20,535.07,0/0
2023-10,"JAYANAGAR-DARBHANGA- NARKATIA GANJ(GC),ECR",ECR,220100240,BIHAR,4/1997,3/2012,-,324.73,967.29,"1,181.92",0/0
2023-10,SAGAULI VALMIKINAGAR DOUBLING 109.7 KM,ECR,N22000472,BIHAR,4/2016,3/2021,-,744.04,"1,215.54","1,022.45",0/0
2023-10,SONENAGAR BYE PASS LINE FROM CHIRALAPOTHU TO BAGHA,,,,10/2022,10/2027,-,234.00,-,0.45,0/0
2023-10,PARASNATH-MADHUBAN-GIRIDIH,ECR,N22000527,JHARKHAND,3/2019,3/2030,-,816.03,-,1.49,0/0
2023-10,ARARIA-SUPAUL (NL),ECR,N22000177,BIHAR,4/2008,/,-,"1,605.17","1,605.17","1,093.76",0/0
2023-10,BARAUNI- BACHWARA 3RD AND 4TH LINE,ECR,N22000524,BIHAR,7/2022,7/2027,-,486.00,-,23.10,0/0
2023-10,DOUBLING OF PRADHANKHUNTA JN -PATHERDIH BAZAR-BHOJUDIH,ECR,N22000529,JHARKHAND,11/2022,11/2027,-,202.00,-,0.00,0/0
2023-10,SAKRI-NIRMALI AND JHANJHARPUR- LAUKAHABAZAR AND SAHARSA- FORBESGANJ (GC),ECR,N22000180,BIHAR,4/2004,/,-,372.14,"1,470.50","2,157.20",0/0
2023-10,MUZAFFARPUR SAGAULI DOUBLING 100.60 KM,ECR,N22000473,BIHAR,4/2016,3/2021,-,731.64,"1,185.73","1,104.18",0/0
2023-10,GARHWA ROAD - RAIL OVER RAIL,ECR,N22000610,JHARKHAND,3/2017,3/2024,-,262.71,-,132.57,0/0
2023-10,TALCHER-BIMALAGARH(NL)(ECOR),ECOR,220100328,ODISHA,4/2005,6/2021,-,810.78,-,980.13,0/0
2023-10,JEYPORE NABARANGPUR NEWLINE,ECOR,N22000517,ODISHA,7/2017,7/2028,-,499.99,-,0.00,0/0
2023-10,BRUNDAMAL-JHARSUGUDA- FLYOVER CONNECTION FOR JOINING DN LINE,ECOR,N22000521,ODISHA,12/2009,12/2026,-,48.44,297.00,0.00,0/0
2023-10,JEYPORE MALKANGIRI NEW LINE,ECOR,N22000516,ODISHA,2/2018,7/2033,-,642.69,-,23.16,0/0
2023-10,KHURDA ROAD-BOLANGIR(NL)ECOR,ECOR,220100284,ODISHA,4/1994,3/2009,12/2026,"2,923.13","3,791.66","3,101.04",0/0
2023-10,JAGADALPUR-KORAPUT DOUBLING,ECOR,N22000376,ODISHA,4/2015,3/2022,-,"1,547.38",-,890.07,0/0
2023-10,TALCHER - ANGUL NEW LINE WITH Y CONNECTION AT TALCHER,ECOR,N22000518,ODISHA,7/2018,12/2026,-,278.96,495.00,0.00,0/0
2023-10,KODINGAMALI BAUXITE MINES TO SINGARAM RAILWAY STATION,ECOR,N22000519,ODISHA,8/2022,8/2027,-,190.90,-,0.00,0/0
2023-10,KOTTAVALSA - KORAPUT DOUBLING,ECOR,N22000377,ANDHRA PRADESH,4/2015,3/2022,-,"2,499.71",-,"1,093.09",0/0
2023-10,BUDHAPANK - SALEGAON VIA RAJATGARH 3RD AND 4TH LINE.,ECOR,N22000381,ODISHA,4/2015,12/2018,-,"1,172.92",-,"1,145.67",0/0
2023-10,BHADRAK - NERGUNDI 3RD LINE,ECOR,N22000316,ODISHA,3/2013,10/2020,7/2024,843.04,"1,284.39",837.46,0/0
2023-10,JARAPADA - BUDHAPANK WITH FLY OVER AT TALCHER ROAD 3RD AND,,,,4/2015,11/2018,-,701.61,-,179.43,0/0
2023-10,KIRANDUL - JAGDALPUR DOUBLING,ECOR,N22000318,CHHATTISGARH,12/2012,3/2020,-,"1,160.00",-,"1,141.53",1/1
2023-10,BAGHUAPAL FLY OVER (20 KM),ECOR,N22000522,ODISHA,8/2019,8/2027,-,183.00,-,0.00,0/0
2023-10,GANDHAMARDAN IRON ORE MINES TO GOALDIH STATION,ECOR,N22000520,ODISHA,9/2022,9/2027,-,189.93,-,0.00,0/0
2023-10,KORAPUT - SINGAPUR ROAD DOUBLING,ECOR,N22000379,ODISHA,4/2015,3/2022,3/2026,"2,361.74","2,361.74","1,151.52",0/0
2023-10,PIRPAINTI-JASIDIH,ER,N22000219,MULTI STATE,4/2013,3/2022,-,915.98,-,793.47,0/0
2023-10,"TARAKESWAR - BISHNUPUR NEW BG LINE (NL), ER",ER,220100272,WEST BENGAL,4/2000,3/2019,12/2009,"1,188.91",-,"1,055.36",0/0
2023-10,CHITRA - BASUKINATH (38.30 KM),ER,N22000531,JHARKHAND,1/2019,3/2026,-,827.89,-,291.74,0/0
2023-10,Rampurhat-Murarai (29.48 km)-3rd line,ER,N22000530,WEST BENGAL,10/2014,3/2024,-,218.03,-,61.63,0/0
2023-10,MONIGRAM- NIMTITA,ER,N22000301,MULTI STATE,4/2012,/,-,250.93,-,664.95,0/0
2023-10,NAHATI - RANAGHAT 3RD LINE (MM OF KALINARAYANPUR - KRISHNANAGAR),ER,N22000624,WEST BENGAL,7/2015,3/2025,-,283.54,-,152.33,0/0
2023-10,KHARSIA DHARAMJAIGARH WITH SPUR LINE EAST CORRIDOR-PHASE I,IRCON,N22000489,CHHATTISGARH,4/2013,9/2018,-,"3,055.00",-,"2,987.98",0/1
2023-10,EXECUTION OF RAIL CONNECTIVITY PROJECT FOR COAL TRANSPORTATION IN ODISHA FOR MCRL,IRCON,N22000418,ODISHA,4/2016,3/2020,-,"5,200.00",-,0.00,0/0
2023-10,NEW WORK FOR CONSTRUCTION OF METRO RAILWAY FROM NOAPARA-BARASAI VIA BIMANBANDER (MTP),KOMRCL,N22000108,WEST BENGAL,4/2010,3/2016,-,"2,397.72",-,197.20,0/0
2023-10,"EXTENSION OF MRTS FROM VELACHERY TO STN. THOMAS, MTP",MRTP,N22000028,TAMIL NADU,4/2006,6/2013,-,495.74,-,583.50,3/4
2023-10,MUMBAI URBAN TRANSPORT PROJECT PHASE-II,MRTP,N22000092,MAHARASHTRA,4/2008,3/2014,-,"5,300.00",-,284.75,0/0
2023-10,EAST WEST METRO CORRIDOR National Capital Region Transport Corp,,,,3/2013,3/2016,-,"4,874.58",-,"8,008.94",0/0
2023-10,YESHVANTHPUR-CHANNASANDRA (21.7 KM),NCRTC,N22000543,KARNATAKA,4/2019,3/2026,-,169.65,-,115.82,0/0
2023-10,BAIYYAPPANAHALLI-HOSUR (48 KM),NCRTC,N22000542,KARNATAKA,4/2019,3/2026,-,375.67,-,0.00,0/0
2023-10,BHANDAI - FLYOVER FOR ETAWAH BOUND DOWN TRAINS,NCR,N22000564,UTTAR PRADESH,4/2019,12/2025,-,187.21,-,0.00,0/0
2023-10,LALITPUR - BIRARI WITH FLYOVER AT LALITPUR,NCR,N22000546,UTTAR PRADESH,3/2017,12/2024,-,260.00,-,0.00,0/0
2023-10,ALIGARH-HARDUAGANJ FLYOVER (22 KM),NCR,N22000545,UTTAR PRADESH,4/2020,6/2026,6/2026,"1,456.89",-,0.00,0/0
2023-10,JHANSI BINA DOUBLING,NCR,N22000496,UTTAR PRADESH,9/2016,3/2021,-,"2,001.00","2,001.00","1,118.80",2/6
2023-10,MATHURA - VRINDAVAN (11 KM),NCR,N22000612,UTTAR PRADESH,8/2022,6/2025,-,402.88,-,0.00,0/0
2023-10,ALLAHABAD-BAMHRAULI - 4TH LINE (10 KM) WITH FLY-OVER AT SUBEDARGANJ,NCR,N22000563,UTTAR PRADESH,4/2019,3/2026,-,494.11,-,0.00,0/0
2023-10,MUGHALSARAI - ALLAHABAD - 3RD LINE,NCR,N22000544,UTTAR PRADESH,8/2019,12/2026,-,"2,390.00",-,0.00,0/0
2023-10,GWALIOR-SEOPURKALA WITH EXTENSION TO KOTA (GC),NCR,N22000148,MULTI STATE,4/2011,3/2022,-,"2,912.96",-,"1,024.32",1/5
2023-10,JHANSI MANIKPUR AND KHAIRAR BHIMSEN DOUBLING,NCR,N22000495,UTTAR PRADESH,3/2018,3/2023,-,"4,329.53",-,60.37,0/0
2023-10,DHOLPUR-SIRMUTTRA WITH EXTENSION TO GANGAPURCITY AND MOHARI-TANTPUR AND TANPUR-BANSI PAHARPUR,NCR,N22000158,MULTI STATE,4/2010,/,5/2025,"2,030.50",-,22.07,0/0
2023-10,AGRA FORT-BANDIKUI,NCR,N22000553,RAJASTHAN,6/2022,6/2027,-,"1,389.81",-,0.00,0/0
2023-10,ALIGARH-DAUD KHAN - 3RD LINE (6.9 KM) & CONSTRUCTION OF FLYOVER AT DAUD KHAN,NCR,N22000562,UTTAR PRADESH,4/2019,12/2025,-,451.99,-,0.00,0/0
2023-10,NEW BG LINE FROM BALURGHAT TO HILLY NFR,NFR,N22000206,MULTI STATE,4/2010,3/2020,-,242.22,-,381.63,0/0
2023-10,NEW BONGAIGAON-RANGIA- KAMAKGHYA DOUBLING,NFR,N22000183,MULTI STATE,4/2013,3/2019,-,"1,798.00",-,"2,236.57",0/0
2023-10,JIRIBAM TO IMPHAL (TUPUI)(NL)(NEFR),,,,4/2003,3/2011,3/2025,"4,454.17","12,274.06","14,010.64",0/0
2023-10,MURKONGSELEK-PASIGHAT NL,NFR,N22000208,MULTI STATE,4/2011,3/2020,-,414.84,-,368.43,0/0
2023-10,AGARTALA-AKHAURA NL,NFR,N22000195,TRIPURA,4/2012,3/2020,6/2022,569.63,-,380.92,2/3
2023-10,NEW BG LINE FROM JAGBANI TO BIRATNAGAR,NFR,N22000207,MULTI STATE,4/2010,/,-,241.52,-,343.30,0/0
2023-10,NEW LINE FROM DIMAPUR TO ZUBZA(KOHIMA) NATIONAL PROJECT (NEFR),NFR,N22000124,NAGALAND,4/2006,3/2015,-,"2,326.52",-,"2,823.30",0/0
2023-10,"BHAIRABI SAIRONG, NL, NEFR",NFR,N22000100,MIZORAM,4/2008,3/2014,-,"2,393.47","5,021.45","6,840.12",0/0
2023-10,BONGAIGAON-GOALPARA- GUWAHATI (176 KM),NFR,N22000388,ASSAM,4/2015,3/2022,-,"2,232.32",-,"3,014.86",0/0
2023-10,"SEVOK RANGPO, NEFR",NFR,N22000102,SIKKIM,4/2008,12/2015,-,"1,339.48",-,"3,290.96",0/0
2023-10,"NEW B.G. LINE FROM ARARIA TO GALGALIA (THAKURGUNG), NEFR",NFR,N22000087,BIHAR,9/2006,3/2019,-,532.87,"2,132.03","1,914.47",0/0
2023-10,KATIHAR-KUMEDPUR & KATIHAR- MUKURIA (64.5 KM) (UMBRELLA WORK PB#57/2019-20/NR),NFR,N22000570,BIHAR,8/2022,8/2027,-,745.00,-,0.00,0/0
2023-10,NEW BG LINE FROM BYRNIHAT TO SHILLONG,NFR,N22000205,MEGHALAYA,4/2010,3/2021,-,906.46,"1,202.33",269.80,0/0
2023-10,BAHRAICH SRAVASTI BALRAMPUR (TULSIPUR),NER,N22000569,UTTAR PRADESH,10/2018,10/2030,-,"1,600.00",-,613.61,0/0
2023-10,DOMINGARH - GORAKHPUR - GORAKHPUR CANTT - KUSUMHI - 3RD RUNNING LINE (21.15 KM),NER,N22000613,UTTAR PRADESH,11/2016,6/2024,-,186.85,-,326.47,0/0
2023-10,"SHAHGANJ-BHATNI-PHEPHNA- INDARA, MAU-SHAHGANJ (EXCL. MAU-INDARA) PATCH DOUBLING.",NER,N22000470,UTTAR PRADESH,4/2016,12/2019,-,"1,177.96",-,"1,251.67",0/0
2023-10,SAHJANWA - DOHRIGHAT,NER,N22000565,UTTAR PRADESH,8/2019,3/2029,-,371.77,-,327.84,0/0
2023-10,ROSA-SITAPUR CANTT-BURHWAL DOUBLING,NER,N22000347,UTTAR PRADESH,3/2015,3/2022,-,"1,295.42",-,"2,202.30",0/0
2023-10,CHHAPRA-BALLIA UP,NER,N22000134,MULTI STATE,3/2013,1/2019,-,295.00,-,890.12,0/0
2023-10,NANPARA - NEPALGANJ GAUGE CONVERSION.,NER,N22000459,UTTAR PRADESH,4/2017,4/2017,-,150.00,-,1.20,0/0
2023-10,BURHWAL - GONDA - 3RD RUNNING LINE.,NER,N22000468,UTTAR PRADESH,4/2016,/,-,602.50,-,491.84,0/0
2023-10,BAHRAICH - NANPARA -NEPALGANJ North Western Railway,,,,7/2020,12/2024,-,950.00,-,4.30,0/0
2023-10,"DAUSA-GANGAPUR CITY(NL),NWR",NWR,220100184,RAJASTHAN,2/1997,2/2019,-,410.08,-,980.63,0/0
2023-10,DOUBLING BETWEEN BHIWANI- DOBH BAHALI,NWR,N22000604,HARYANA,2/2023,2/2028,-,471.06,-,0.00,0/0
2023-10,DEDICATED TEST TRACK FOR RDSO (PHASE II),NWR,N22000594,RAJASTHAN,11/2021,11/2026,-,466.42,-,279.66,0/0
2023-10,SAWAIMADHOPUR - BYPASS LINE (6.98 KM) (UMBRELLA WORK PB#57/2019-20/NR),NWR,N22000607,RAJASTHAN,12/2022,6/2026,-,304.00,239.54,41.01,0/0
2023-10,DOUBLING BETWEEN CHURU- RATANGARH (42.81 KM),NWR,N22000605,RAJASTHAN,2/2023,2/2028,-,422.60,-,0.81,0/0
2023-10,GC OF NATHDWARA - DEVGARH MADARIYA (82.5KM),NWR,N22000608,RAJASTHAN,1/2023,6/2028,-,968.92,-,23.06,0/0
2023-10,TARANGA HILL ABU ROAD VIA AMBAJI NEW LINE,NWR,N22000592,GUJARAT,7/2022,7/2030,-,"1,695.82",-,287.84,0/0
2023-10,GUDHA THATHANA MITHRI TEST TRACK FOR RDSO,NWR,N22000593,RAJASTHAN,4/2019,3/2025,-,528.48,-,281.18,0/0
2023-10,DOUBLING BETWEEN REWARI- KATHUWAS (27.73 KM),NWR,N22000606,HARYANA,2/2023,6/2027,-,352.41,-,0.00,0/0
2023-10,PHULERA - DIGANA DOUBLING,NWR,N22000326,MULTI STATE,5/2015,3/2020,-,600.00,-,637.94,0/0
2023-10,JANGHAI PRATAPGARH AMETHI DOUBLING,NR,N22000583,UTTAR PRADESH,11/2017,3/2025,-,701.98,-,0.00,0/0
2023-10,DOUBLING BETWEEN JAUNPUR JN- ZAFFARABAD (6.28 KM),NR,N22000591,UTTAR PRADESH,3/2023,12/2026,-,177.33,-,0.00,0/0
2023-10,BARABANKI AKBARPUR DOUBLING,NR,N22000578,UTTAR PRADESH,9/2017,3/2025,-,"1,200.00",-,0.00,0/0
2023-10,CHANDIGARH-BADDI,NR,N22000467,MULTI STATE,4/2007,3/2023,-,328.14,-,549.10,0/0
2023-10,LUDHIANA MULLANPUR DOUBLING,NR,N22000589,PUNJAB,9/2020,3/2025,-,82.99,-,0.00,0/0
2023-10,LUDHIANA KILA RAIPUR (19 KMS) WITH FREIGHT LINE AT GILL STATION ON LDH-JHL SECTION,NR,N22000584,ANDAMAN AND NICOBAR ISLANDS,3/2019,3/2025,-,235.72,-,0.00,0/0
2023-10,"UDHAMPUR-SRINAGAR-BARAMULLA (NL),NR",NR,220100133,JAMMU AND KASHMIR,3/1995,11/2002,2/2024,"2,500.00","37,012.26","36,976.21",0/0
2023-10,DEOBAND (MUZAFFARNAGAR)- ROORKEE NL,,,,4/2007,/,-,336.91,-,572.99,0/0
2023-10,BARABANKI-MALHAUR - 3RD & 4TH LINE (32.84 KM),NR,N22000590,UTTAR PRADESH,1/2019,3/2025,-,323.85,-,0.00,0/0
2023-10,"MANSA-BHATINDA (PHASE-I), INCL. NEW MATERIAL MODIFICATION FOR RAMA MANDI (RAMAN) - SADA SINGHWALA VI",NR,N22000502,PUNJAB,6/2009,8/2016,-,404.00,-,190.00,0/0
2023-10,FEROZPUR - PATTI (25.72 KM),NR,N22000614,PUNJAB,4/2017,3/2027,-,299.74,-,0.00,0/0
2023-10,JAUNPUR AKBARPUR (TANDA) DOUBLING,NR,N22000582,UTTAR PRADESH,8/2017,3/2025,-,515.50,-,0.00,0/0
2023-10,"NANGALDAM-TALWARA(NL),NR",NR,220100188,MULTI STATE,3/1981,7/2012,-,450.00,-,845.23,0/0
2023-10,ANAND VIHAR-TILAK BRIDGE 3RD AND 4TH LINE,NR,N22000281,DELHI,4/2012,/,-,295.68,-,133.78,0/0
2023-10,MUMBAI AHMEDABAD HIGH SPEED RAIL PROJECT,NHSRCL,N22000463,MULTI STATE,12/2015,12/2023,-,"1,08,000.00",-,"51,428.77",1/2
2023-10,MAU-GHAZIPUR-TARIGHAT NEW LINE,RVNL,N22000405,UTTAR PRADESH,4/2015,3/2023,-,"1,765.92",-,"1,635.20",0/0
2023-10,NEW WORK FOR CONSTRUCTION OF METRO RAILWAY FROM JOKA TO BINOY BADAL DINESH BAGH.,RVNL,N22000111,WEST BENGAL,4/2010,3/2016,-,"2,913.51",-,"3,446.62",0/0
2023-10,MATHURA-JHANSI-3RD LINE (273.80 KM),RVNL,N22000501,UTTAR PRADESH,6/2016,12/2023,-,"3,677.76",-,"4,554.20",0/0
2023-10,MANIYACHI - NAGERCOIL (102 KM) DOUBLING,RVNL,N22000449,TAMIL NADU,2/2015,3/2022,-,"1,700.00",-,"1,616.59",0/0
2023-10,VARANASI-MODHOSINGH- ALLAHABAD DOUBLING,RVNL,N22000401,UTTAR PRADESH,4/2015,3/2022,-,943.60,-,"1,310.47",0/0
2023-10,"LUCKNOW- PILIBHIT VIA SITAPUR, LAKHIMPUR GC",RVNL,N22000404,UTTAR PRADESH,4/2011,3/2019,-,927.01,-,"1,519.20",0/0
2023-10,JUNAGARH -VISAVADAR (42.28) KM,RVNL,N22000600,GUJARAT,6/2022,12/2026,-,492.83,-,0.00,0/0
2023-10,DALLIRAJHARA - ROWGHAT (95 KM) {PART OF DALLIRAJHARA- JAGDALPUR (235 KM)},RVNL,N22000602,CHHATTISGARH,3/2008,6/2025,-,631.78,-,"1,166.65",0/0
2023-10,KHARAGPUR-ADITYAPUR - 3RD LINE (132 KM),RVNL,N22000595,JHARKHAND,12/2015,3/2025,-,"1,116.00",-,"2,645.97",0/0
2023-10,VIZIANAGARAM -SAMABALPUR 3RD LINE,RVNL,N22000409,ODISHA,1/1991,12/2024,-,"2,335.67",-,"3,761.54",0/0
2023-10,RISHIKESH - KARNAPRAYAG NEW LINE,,,,4/2011,12/2024,-,"16,216.00",-,"14,943.49",0/0
2023-10,HOSPET-HUBLI-LONDA- VASCODAGAMA DL,RVNL,N22000297,KARNATAKA,4/2010,3/2023,-,"2,127.00",-,"3,292.40",0/1
2023-10,MULTI MODAL TRANSPORT SYSTEM(MMTS) PHASE-II HYDERABAD,RVNL,N22000213,TELANGANA,4/2012,3/2016,-,632.68,-,"1,014.74",0/0
2023-10,3RD LINE BETWEEN DHANBAD SONNAGAR,RVNL,N22000599,JHARKHAND,11/2016,3/2026,3/2026,"8,975.00",-,"3,977.72",0/0
2023-10,BANASPANI- JAKHPURA - DOUBLING,RVNL,N22000412,ODISHA,3/2009,3/2019,12/2023,942.95,-,"1,824.01",0/0
2023-10,BHANUPALI-BILASPUR BERI NL,RVNL,N22000273,HIMACHAL PRADESH,4/2008,12/2026,3/2025,"2,966.99",-,"4,228.35",0/0
2023-10,NEW WORK FOR CONSTRUCTION OF METRO RAILWAY FROM NSCB AIRPORT TO NEW GARIA VIA RAJARHAT (MTP),RVNL,N22000110,WEST BENGAL,4/2010,3/2016,-,"3,951.98",-,"6,160.83",0/0
2023-10,NEW WORK FOR CONSTRUCTION OF METRO RAILWAY FROM BARANAGAR TO BARRACKPORE AND DAKSHINESHWAR (MTP),RVNL,N22000109,WEST BENGAL,4/2010,3/2014,-,"2,298.42",-,361.07,0/0
2023-10,VIJAYAWADA-GUDUR,RVNL,N22000369,ANDHRA PRADESH,4/2015,12/2023,3/2024,"3,246.26",-,"5,250.33",0/0
2023-10,BHATNI - AUNRIHAR WITH ELECTRIFICATION (125 KM) (EXCL INDARA - MAU (116.95 KM)),RVNL,N22000598,UTTAR PRADESH,5/2018,3/2024,3/2024,"1,177.96",-,"1,357.79",0/0
2023-10,INDORE BUDNI (INDORE JABALPUR),RVNL,N22000601,MADHYA PRADESH,9/2018,9/2030,-,"4,340.00",-,421.52,0/0
2023-10,BUDNI-BARKHERA - 3RD LINE (33 KM),RVNL,N22000588,MADHYA PRADESH,4/2012,2/2024,10/2023,991.60,-,"1,666.28",0/0
2023-10,JANGHAI-PHAPHAMAU - DOUBLING WITH ELECTRIFICATION (46.79 KM),RVNL,N22000596,UTTAR PRADESH,11/2018,3/2025,-,357.48,-,104.19,0/0
2023-10,"MUNEERABAD- MAHABOOBNAGAR(NL),SCR",SCR,220100205,MULTI STATE,4/1997,3/2000,-,"1,723.00",1.00,"2,532.11",0/0
2023-10,KAZIPET-BALHRSHA,SCR,N22000367,MULTI STATE,4/2015,3/2021,-,"2,063.03",-,"2,373.50",0/0
2023-10,MANOHARABAD-KOTHPALL NEW LINE(SCR),SCR,N22000032,TELANGANA,4/2006,3/2010,-,"1,160.48",-,"1,161.19",1/1
2023-10,DOUBLING BETWEEN GOOTY- PENDAKALLU (29.225),SCR,N22000585,ANDHRA PRADESH,3/2023,3/2027,-,351.83,-,0.00,0/0
2023-10,RENIGUNTA WADI GOOTY - BYPASS,SCR,N22000587,ANDHRA PRADESH,4/2016,12/2025,-,302.00,-,14.29,0/0
2023-10,VIJAYAWADA KAZIPET BYEPASS LINE,SCR,N22000586,ANDHRA PRADESH,4/2016,12/2025,-,226.72,-,73.90,0/0
2023-10,MANMAD-PARBHANI-NANDED- SECUNDERABAD-GADWAL-DHONE- GUNTAKAL - TRAIN COLLISION AVOIDANCE SYSTEM (958 K,SCR,N22000432,TELANGANA,4/2017,3/2022,-,119.73,185.00,54.15,0/0
2023-10,KAZIPET-VIJAYAWADA 3RD LINE WITH ELECTRIFICATION,SCR,N22000261,MULTI STATE,4/2012,3/2023,-,"1,856.95",-,"1,532.64",0/0
2023-10,NADIKUDE-SRI KALAHASTI,SCR,N22000286,ANDHRA PRADESH,4/2011,3/2021,-,"2,288.70",-,"1,372.69",0/1
2023-10,KOTLPALLI-NARASAPUR (NL) (SCR),SCR,220100265,ANDHRA PRADESH,12/2001,3/2009,-,"1,045.20",-,"1,141.44",0/0
2023-10,3RD & 4TH LINE - SARAGBUNDIA & MADWARANI,SECR,N22000579,CHHATTISGARH,9/2022,9/2026,-,167.64,-,0.00,0/0
2023-10,RAJNANDGAON - NAGPUR - 3RD LINE (SECR),SECR,N22000420,MAHARASHTRA,9/2016,3/2023,12/2023,"1,908.51","2,753.05","2,354.89",0/1
2023-10,CHIRIMIRI-NAGPUR HALT,SECR,N22000616,CHHATTISGARH,10/2018,6/2030,-,241.00,-,0.00,0/0
2023-10,JHARSUGUDA-BILASPUR 4TH LINE,SECR,N22000484,CHHATTISGARH,4/2015,3/2021,12/2023,"1,973.00","2,135.34","1,586.05",0/1
2023-10,4TH LINE - BHATAPARA-HATHBAND (8.8 KM) (PB#72/NR/2022-23),SECR,N22000574,CHHATTISGARH,12/2022,12/2026,-,177.03,-,0.00,0/0
2023-10,DOUBLING OF BORIDAND - AMBIKAPUR ( SURAJPUR),SECR,N22000580,CHHATTISGARH,6/2022,6/2030,-,"1,376.20",-,4.74,0/0
2023-10,4TH LINE - RAJNANDGAON- DONGARHGARH (31.2 KM) (PB#72/NR/2022-23),SECR,N22000577,CHHATTISGARH,9/2022,9/2026,-,328.34,-,0.00,0/0
2023-10,4TH LINE - BHILAI-BHILAI NAGAR (8.8 KM) (PB#72/NR/2022-23),SECR,N22000575,CHHATTISGARH,9/2022,9/2026,-,169.06,-,0.00,0/0
2023-10,Gauge conversion of Raipur(Kendri)- Dhamtari & Abhanpur-Rajim branch (67.20 km),SECR,N22000572,CHHATTISGARH,7/2011,10/2024,-,"1,171.30",-,0.00,0/0
2023-10,NIPANIA-BHATAPRA (14.4 KM) 4TH LINE (PB#72/NR/2022-23),SECR,N22000573,CHHATTISGARH,9/2022,12/2026,-,170.49,-,0.00,0/0
2023-10,FLYOVER AT BILASPUR (KHODRI- ANUPPUR) 10 KM,SECR,N22000617,CHHATTISGARH,6/2006,3/2024,-,303.59,-,3.22,0/0
2023-10,ANUPPUR-KATNI,SECR,N22000485,MADHYA PRADESH,4/2015,12/2021,12/2023,"1,370.00",-,"1,238.31",0/0
2023-10,4TH LINE - DADHAPARA-BELHA (9.2,,,,9/2022,9/2026,-,169.06,-,0.00,0/0
2023-10,WADSA-GADHCHIROLI NEW LINE (52.36 KM),SECR,N22000480,MAHARASHTRA,6/2018,12/2021,-,229.00,-,230.25,0/1
2023-10,NARAYANGARH TO BHADRAK 3RD LINE (155 KM),SER,N22000506,MULTI STATE,3/2019,5/2023,-,"1,866.31",-,"1,229.20",0/0
2023-10,PURULIA TO KOTSHILA DOUBLING (39.1 KM),SER,N22000510,WEST BENGAL,4/2018,6/2022,-,338.00,-,81.05,0/0
2023-10,LODHMA TO PISKA LINK LINE BY PASSING HATIA/RANCHI WITH Y CONNECTION (17.2 KM),SER,N22000508,JHARKHAND,4/2018,6/2022,-,428.65,-,259.80,0/0
2023-10,BONDAMUNDA RANCHI DOUBLING,SER,N22000396,JHARKHAND,3/2016,3/2021,-,"1,724.20","3,029.04","1,779.90",0/0
2023-10,ROURKELA-BONDAMUNDA A-CABIN 5TH LINE (10 KM) (UMBRELLA WORK PB#57/2019-20/NR),SER,N22000571,ODISHA,9/2022,9/2026,-,209.75,-,1.63,0/0
2023-10,MALUGUR-PALASAMUDRAM (17.98 KM) (PB#29/NR/2022-23),SWR,N22000556,ANDHRA PRADESH,9/2022,12/2025,-,323.14,-,25.51,0/0
2023-10,GADAG-WADI NL,SWR,N22000299,KARNATAKA,4/2013,12/2018,-,"2,841.84",-,792.04,0/0
2023-10,SHIMOGA-SHIKARIPURA- RANEBENNUR (UMBRELLA WORK PB#23/2018-19/NR),SWR,N22000559,KARNATAKA,9/2019,12/2027,-,"1,453.73",-,28.09,0/0
2023-10,"PENUKONDA-DHARMAVARAM, EXCL. DHARMAVARAM (41.5 KM)",SWR,N22000555,ANDHRA PRADESH,4/2019,3/2026,-,294.67,-,31.82,0/0
2023-10,RAYADURGA-TUMKUR NL,SWR,N22000279,MULTI STATE,4/2007,/,-,"2,062.30","2,404.03","1,174.42",2/2
2023-10,BAGALKOT-KUDACHI NL,SWR,N22000258,KARNATAKA,4/2010,3/2016,-,986.30,"1,378.00",401.61,1/1
2023-10,SHIMOGA-HARIHAR NL,SWR,N22000278,KARNATAKA,4/2011,3/2016,-,832.47,-,0.94,0/0
2023-10,TUMKUR-CHITRADURGA- DAVENGERE NL,SWR,N22000256,KARNATAKA,4/2011,/,-,"1,801.01",-,160.74,0/0
2023-10,KADUR CHIKMAGALUR SAKLESHPUR NEW LINE (93 KM),SWR,N22000486,KARNATAKA,3/1996,3/2017,-,644.78,825.31,506.10,0/0
2023-10,WHITEFIELD-KOLAR (52.9 KM),SWR,N22000560,KARNATAKA,2/2011,4/2028,-,162.13,-,0.36,0/0
2023-10,HOTGI-KUDGI-GADAG,SWR,N22000333,MULTI STATE,3/2015,3/2019,-,"1,614.59","1,877.81","1,957.67",0/0
2023-10,BELGAUM-DHARWAD VIA KITTUR,,,,9/2020,3/2026,-,"1,590.80",-,0.06,0/0
2023-10,BANGALORE-WHITEFIELD- BANGALORE CITY- KRISHNARAJAPURAM QUADRUPLING,SWR,N22000621,KARNATAKA,3/2018,3/2025,-,492.87,-,9.41,0/0
2023-10,HASSAN (ALUR) - BELUR (32 KM) (UMBRELLA WORK PB#23/2018- 19/NR),SWR,N22000558,KARNATAKA,6/2019,4/2028,-,663.03,-,0.23,0/0
2023-10,MARIKUPPAM - KUPPAM,SWR,N22000308,KARNATAKA,4/2012,3/2016,-,279.54,-,50.07,0/0
2023-10,TIDIVANAM-NAGARI (NL),SR,N22000085,TAMIL NADU,9/2006,/,12/2025,582.83,-,764.37,0/0
2023-10,MADURAI-TUTICORIN VIA ARUPPUKKOTTAI,SR,N22000215,MULTI STATE,4/2011,3/2019,12/2027,120.70,-,330.87,0/0
2023-10,KARAIKAL - PERALAM NEW LINE (MM OF TIRUCHCHIRAPPALLI-NAGORE- KARAIKAL),SR,N22000625,TAMIL NADU,1/2019,3/2026,3/2024,304.22,-,144.80,0/0
2023-10,ERNAKULAM-KUMBALAM - PATCH DOUBLING (7.71 KM),SR,N22000619,KERALA,12/2010,3/2028,-,600.82,595.39,268.80,0/0
2023-10,TRIVANDRUM-KANYAKUMARI DOUBLING,SR,N22000399,KERALA,2/2015,/,3/2025,"1,431.90","1,431.90","2,784.51",0/0
2023-10,Chinnasalem-Kallakurichi New Line (MM of cuddalore- Salem 191 KM),SR,N22000567,TAMIL NADU,1/2006,3/2025,6/2024,417.50,-,3.76,0/0
2023-10,MORAPPUR-DHARMAPURI,SR,N22000618,TAMIL NADU,2/2019,3/2028,-,358.95,-,1.39,0/0
2023-10,TURAVUR-AMBALAPUZHA DOUBLING,SR,N22000400,KERALA,2/2015,/,-,"1,000.00","1,010.00",0.93,0/0
2023-10,NAGAPATTINAM- THIRUTURAIPUNDI VIA THIRUKUVALAI NEW LINE (MM OF TIRUCHCHIRAPPALLI-NAGORE- KARAIKAL),SR,N22000626,TAMIL NADU,7/2008,3/2026,3/2025,677.12,-,103.18,0/0
2023-10,MAYLADUTHURAI-THIRUVARUR- KARAIKUDI-THIRU 'PONDI'- AGASTIYAMPALLI,SR,N22000079,TAMIL NADU,9/2007,2/2019,-,724.69,-,"1,895.27",0/0
2023-10,CHENNAI BEACH-CHENNAI EGMORE (4.3 KM) (UMBRELLA WORK PB#57/2019-20/NR),SR,N22000568,TAMIL NADU,3/2022,3/2026,2/2024,359.60,274.20,81.98,0/0
2023-10,KUMBALAM-THURAVUR - PATCH DOUBLING (15.59 KM),SR,N22000620,KERALA,12/2011,8/2023,-,812.85,802.80,257.86,0/0
2023-10,"LALITPUR-SATNA-REWA-SINGRULI NL, (NCR)",,,,9/1998,5/2008,3/2027,247.66,"8,913.94","2,444.00",1/9
2023-10,"RAMGANJMUNDI-BHOPAL (NL),WCR",WCR,220100314,MADHYA PRADESH,4/2001,3/2021,12/2025,424.60,"2,909.99","2,268.03",6/15
2023-10,POWARKHEDA - JUJHARPUR - SINGLE LINE FLYOVER IN UP DIRECTION (15.89 KM),WCR,N22000552,MADHYA PRADESH,12/2016,3/2024,3/2024,199.63,443.15,0.00,0/0
2023-10,KATNI - SINGRAULI DOUBLING,WCR,N22000351,MADHYA PRADESH,12/2015,3/2020,-,"1,763.93","2,445.30","2,157.20",1/1
2023-10,SATNA - REWA (50 KM),WCR,N22000554,MADHYA PRADESH,11/2015,3/2026,3/2026,500.00,495.44,0.00,2/3
2023-10,KATNI GRADE SEPARATOR/BYE PASS,WCR,N22000416,MADHYA PRADESH,8/2016,3/2022,-,582.13,-,"1,056.08",1/1
2023-10,KATNI-BINA 3RD LINE (263 KM),WCR,N22000415,MADHYA PRADESH,6/2016,3/2022,-,"2,478.23",-,"1,279.35",12/17
2023-10,NATHDWARA-NEW NATHDWARA NEW LINE ( MM OF AJMER- CHITTAURGARH-UDAIPUR),WR,N22000623,GUJARAT,6/2013,6/2025,-,166.33,-,0.00,0/0
2023-10,NEW BG LINE BETWEEN NALIYA- JAKHAU PORT,WR,N22000550,GUJARAT,2/2023,1/2028,-,410.46,410.46,0.00,0/0
2023-10,VIRAR SURAT ROAD OVER BRIDGE IN LIEU OF LEVEL CROSSING NOS 42 46A 48 52 55 102 106 108 130 AND 137 A,WR,N22000435,MAHARASHTRA,3/2012,/,-,217.38,-,142.48,0/0
2023-10,BHUJ-NALIYA(GC) WITH EXTENSION FROM NALIYA TO VAYOR (WR),WR,N22000123,GUJARAT,4/2008,3/2012,-,318.24,"1,531.55",326.17,0/0
2023-10,NIMACH BADI SADRI NEW LINE,WR,N22000503,MADHYA PRADESH,4/2017,3/2022,3/2026,495.18,495.18,0.83,0/0
2023-10,NEW BG LINE INTERSECTION (5 NOS) BETWEEN GERATPUR- SANAND & BOTAD-AHMEDABAD (16.51 KM) (PB#29/NR/202,WR,N22000551,GUJARAT,10/2022,10/2027,-,437.21,-,0.00,0/0
2023-10,KALOL-KADI-KATOSAN ROAD (37.23 KM),WR,N22000549,GUJARAT,6/2022,6/2027,-,279.23,346.94,4.22,0/0
2023-10,ADRAJ MOTI-VIAJAPUR (39.75 KM),WR,N22000548,GUJARAT,5/2022,5/2030,-,296.54,-,0.00,0/0
2023-10,MODASA- SHAMLAJI NEW LINE ( MM OF AHMEDABAD-HIMMATNAGAR- UDAIPUR (299.2 KM)),WR,N22000622,GUJARAT,9/2012,3/2027,-,261.68,-,0.00,0/0
2023-10,RATLAM-MHOW-KHANDWA-AKOLA (GC),WR,N22000120,MADHYA PRADESH,4/2008,3/2022,3/2026,"3,503.69","5,677.80","3,030.93",0/0
2023-10,QUADRUPLING BETWEEN,,,,2/2023,12/2025,-,152.44,-,0.00,0/0
2023-10,SAMNI-JAMBUSAR (24.08 KM),WR,N22000541,GUJARAT,5/2022,3/2030,-,216.72,349.93,10.07,0/0
2023-10,"DAHOD-INDORE VIA SARDARPUR, JHABUA AND DHAR (NL)",WR,N22000139,MULTI STATE,4/2007,3/2022,3/2026,"1,640.04","1,873.10","1,238.86",0/0
2023-10,RAJKOT-KANALUS (111.20 KM),WR,N22000535,GUJARAT,10/2021,10/2026,-,"1,011.72","1,080.57",147.79,0/0
2023-10,MEHSANA PALANPUR DOUBLING PROJECT 65.10 KMS,WR,N22000505,GUJARAT,4/2018,3/2024,12/2024,537.31,537.31,297.50,0/0
2023-10,HIMMATNAGAR-KHEDBRAHMA (54.83 KM),WR,N22000537,GUJARAT,6/2022,2/2030,-,354.99,482.43,12.32,0/0
2023-10,VIJAPUR-AMBLIYASAN (41.53 KM),WR,N22000547,GUJARAT,5/2022,3/2030,-,309.81,415.38,10.34,0/0
2023-10,PETLAD-BHADRAN (22.5 KM),WR,N22000538,GUJARAT,5/2022,5/2030,-,202.50,307.12,0.97,0/0
2023-10,MIYAGAM-KARJAN-DABHOI- SAMLAYA (GC),WR,N22000142,GUJARAT,4/2011,/,-,844.10,844.10,489.45,0/0
2023-10,SAMLAYA-TIMBA ROAD (53.53 KM),WR,N22000540,GUJARAT,2/2023,3/2030,-,401.48,670.17,0.00,0/0
2023-10,ANAND GODHRA DOUBLING PROJECT 79 KMS,WR,N22000504,GUJARAT,4/2017,3/2020,12/2024,692.25,692.26,179.62,0/0
2023-10,NADIAD-PETLAD (37.26 KM),WR,N22000539,GUJARAT,5/2022,6/2030,-,335.34,461.91,0.02,0/0
2023-10,INDORE-DEWAS-UJJAIN (80 KMS),WR,N22000493,MADHYA PRADESH,4/2016,6/2020,12/2023,700.00,603.69,690.23,0/0
2023-10,CHOTTAUDEPUR-DHAR(NL),WR,N22000138,MULTI STATE,4/2007,3/2022,12/2026,"1,347.26","1,793.63","1,265.95",0/0
2023-10,4TH LINE BETWEEN BAREJADI NANDEJ (GERATPUR)- SANAND (38.20 KM) (AHMEDABAD BYPASS).,WR,N22000532,GUJARAT,2/2023,3/2027,-,961.67,961.67,0.00,0/0
2023-10,MEHSANA-PALANPUR (65.1 KM),WR,N22000534,GUJARAT,9/2020,9/2026,-,529.30,537.31,8.76,0/0
2023-10,MUMBAI CENTRAL VIRAR VADODARA AHMEDABAAD TRAIN PROTECTION SYSTEM 500 RKM,WR,N22000434,MAHARASHTRA,3/2010,/,-,265.88,-,0.00,0/0
2023-10,VIRAR SURAT ROAD OVER BRIDGE IN LIEU OF LEVEL CROSSING NOS 60 64 66 68 69 71 74 75 77 81 AND 82 ALON,WR,N22000436,GUJARAT,3/2012,/,-,248.26,-,116.25,0/0
2023-10,NIMACH-RATLAM (133 KM),WR,N22000536,MADHYA PRADESH,10/2021,10/2027,-,910.00,"1,095.88",265.97,0/0
2023-10,CONSTRUCTION OF ATAL AKSHAY URJA BHAWAN CGO COMPLEX LODHI ROAD NEW DELHI,CPWD R ENERGY,N28000118,DELHI,10/2017,11/2019,4/2022,271.90,366.12,329.49,0/0
2023-10,4-LANING OF KASHIPUR-SITARGANJ SECTION,MEGA,N24000465,UTTARAKHAND,11/2012,8/2016,-,605.84,-,0.00,0/0
2023-10,REHABILITATION AND UPGRADATION TO 2 LANE WITH PAVED SHOULDER FROM EXISTING CHAINAGE KM 49.150 TO KM,BRO,N24001900,JAMMU AND KASHMIR,3/2020,8/2024,-,796.97,-,248.26,0/0
2023-10,REHABILITATION AND UPGRADATION TO 2 LANE WITH PAVED SHOULDER FROM EXISTING CHAINAGE KM 102 TO KM 13,BRO,N24001897,JAMMU AND KASHMIR,3/2021,7/2024,-,642.24,-,194.46,0/0
2023-10,REHABILITATION AND UPGRADATION TO 2 LANE WITH PAVED SHOULDER FROM EXISTING CHAINAGE KM 30.000 TO K,BRO,N24001898,JAMMU AND KASHMIR,7/2020,11/2024,-,272.49,-,113.32,0/0
2023-10,REHABILITATION AND UPGRADATION TO 2 LANE WITH PAVED SHOULDER FROM EXISTING CHAINAGE KM 64.535 TO K,BRO,N24001901,JAMMU AND KASHMIR,3/2020,9/2023,-,152.93,-,79.47,0/0
2023-10,IMPROVEMENT/CONSTRUCTION OF EXISTING CLASS-5 ROAD TO NH INTERMEDIATE LANE SPECIFICATION WITH HARD SH,BRO,N24001915,HIMACHAL PRADESH,3/2021,6/2026,-,230.54,-,0.00,0/0
2023-10,REHABILITATION AND UPGRADATION TO 2 LANE WITH PAVED SHOULDER FROM EXISTING CHAINAGE KM 134.95 TO KM,BRO,N24001899,JAMMU AND KASHMIR,2/2021,7/2024,-,395.25,-,91.27,0/0
2023-10,IMPROVEMENT/CONSTRUCTION OF EXISTING CLASS 5 ROAD TO NH INTERMEDIATE LANE SPECIFICATION WITH HARD SH,BRO,N24001916,HIMACHAL PRADESH,3/2021,5/2026,-,314.67,-,0.00,0/0
2023-10,KURUDWADI TO PANDHARPUR,MoRTH,N24001101,MAHARASHTRA,1/2017,7/2019,-,307.63,-,232.57,2/4
2023-10,REHABILITATION AND UP-,,,,1/2017,10/2019,-,605.08,-,412.60,0/0
2023-10,CONSTRUCTION OF BYPASS TO GUDIYATHAM TOWN IN KM 23/100 – 29/250 INCLUDING LA AND SHIFTING OF NH-234,MoRTH,N24001828,TAMIL NADU,1/2022,11/2024,-,221.03,243.95,54.33,1/4
2023-10,CONSTRUCTION OF NEW ROAD AT THE MISSING LINK PORTION OF NH- 81 ALONG THE APPROVED ALIGNMENT BETWEEN H,MoRTH,N24000874,WEST BENGAL,3/2016,11/2018,12/2023,271.17,291.20,157.69,0/0
2023-10,REHABILITATION AND UPGRADATION TO 2-LANE CONFIGURATION OF HEWNA- ASHYARI SECTION (KM 25.000 TO KM 50.,MoRTH,N24001382,HIMACHAL PRADESH,8/2020,3/2021,-,242.80,-,123.24,0/0
2023-10,R/U TO 2-LANE WITH PS OF BEWAR TO ALLAHGANJ SECTION OF NH- 730C FROM KM.0.00 TO 52.770 UNDER GNHCP,MoRTH,N24001471,UTTAR PRADESH,4/2020,11/2024,-,325.24,-,61.27,0/0
2023-10,UP-GRADATION TO 4 LANING OF DAULTABAD T-POINT TO MALIWADA,AND UPG - [N24001906],FROM DESIGN KM.0.000 TO KM 4.000,MoRTH,8/2022,3/2024,-,185.59,-,45.79,0/0
2023-10,HELWAK TO KARAD,MoRTH,N24001055,MAHARASHTRA,2/2017,7/2019,-,416.99,-,225.83,2/4
2023-10,WIDENING OF EXISTING SINGLE LANE ROAD TO TWO LANE WITH PAVED SHOULDERS CONFIGURATION FROM KM. 235.00,MoRTH,N24000774,UTTARAKHAND,12/2017,12/2019,-,248.22,-,146.17,0/0
2023-10,EPC- CORRIDOR APPROACH WORKS - NH (O): WIDENING EXISTING 2 LANE TO 2 LANE WITH PAVED SHOULDERS IN KM,MoRTH,N24000248,TELANGANA,3/2015,1/2017,-,153.21,-,100.96,0/0
2023-10,WIDENING TO TWO LANE WITH PAVED SHOULDERS FROM KM 67.00 TO 114.425 OF KALWAKURTHY- MALLEPALLY SECTION,MoRTH,N24000986,TELANGANA,1/2017,5/2019,7/2021,300.00,-,228.08,0/0
2023-10,2L+PS FOR WORK OF NH-325 (BALOTRA TO SANDERAO VIA JALORE) BY CONSTRUCTION OF BYPASSES:(1) ASOTRA- BR,MoRTH,N24001527,RAJASTHAN,12/2021,5/2024,-,411.40,-,83.14,0/0
2023-10,UPGRADATION OF NH 930 JHALMALA TO SHERPER FROM NH KM 30.600 TO KM 67.800 TO TWOFOUR LANE WITH PAVED,MoRTH,N24001918,CHHATTISGARH,12/2020,8/2023,5/2024,222.86,-,135.40,0/0
2023-10,REHABILITATION AND UPGRADATION OF NH-167 FROM DESIGN KM.113.900 TO 154.479,,,,2/2018,11/2019,3/2022,294.13,-,197.95,0/0
2023-10,REHABILITATION AND UPGRADATION TO 2-LANE/2-LANE WITH PAVED SHOULDERS/4-LANE CONFIGURATION OF PAONTA,MoRTH,N24001381,HIMACHAL PRADESH,8/2020,4/2021,-,272.98,-,176.37,0/0
2023-10,WIDENING TO 2 LANE WITH PAVED SHOULDERS FROM KM 34.00 TO 70.900 OF NH-150 UNDER EPC MODE IN THE STAT,MoRTH,N24001165,KARNATAKA,11/2016,3/2017,7/2023,314.90,-,237.33,0/0
2023-10,IMPROVEMENT AND RECONSTRUCTION TO TWO LANE WITH PAVED SHOULDERS FROM KM 489.845 (NEW KM.58.125) AN,MoRTH,N24001162,KARNATAKA,3/2018,10/2018,-,325.86,-,365.03,0/0
2023-10,AMDI TO SAONER,MoRTH,N24001021,MAHARASHTRA,1/2017,6/2019,-,396.91,397.00,289.79,4/4
2023-10,DEVELOPMENT OF CHILODA GANDHINAGAR SARKHEJ OF NH 147 OLD NH 8C FROM KM 0/0 TO KM 44/042 IN THE STATE,MoRTH,N24000922,GUJARAT,12/2017,11/2020,12/2023,867.97,913.49,779.65,3/4
2023-10,IMPROVEMENTS AND RECONSTRUCTION TO TWO LANE WITH PAVED SHOULDERS FROM KM 243.20 TO KM 290.20 OF NH,MoRTH,N24001157,KARNATAKA,8/2016,2/2017,7/2023,175.50,-,180.23,0/0
2023-10,KARAD PATAN CHIPLUN GUHAGAR,MoRTH,N24001057,MAHARASHTRA,2/2017,6/2019,-,407.19,407.00,323.02,2/4
2023-10,CONSTRUCTION OF 1 ROB CUM FLYOVER FROM KM 136.200 TO 137.800 AND 2 FLYOVERS,MoRTH,N24001459,UTTAR PRADESH,1/2022,4/2024,-,297.06,-,209.86,0/0
2023-10,MOPA AIRPORT,MoRTH,N24001458,GOA,12/2021,4/2022,-,"1,183.16",-,554.20,0/0
2023-10,KHAMGAON TO DEULGAON SAKARSHA,MoRTH,N24001074,MAHARASHTRA,3/2018,12/2019,-,249.29,-,146.41,0/0
2023-10,PANCHARAL TO MANDANGHAR,MoRTH,N24001107,MAHARASHTRA,7/2018,5/2020,-,381.08,302.00,45.66,2/4
2023-10,REPANPALLI TO SIRONCHA,MoRTH,N24001468,MAHARASHTRA,3/2022,6/2022,-,282.07,-,34.65,0/0
2023-10,REHABILITATION AND UPGRADATION TO 2-LANE CONFIGURATION OF ASHYARI-SHRI KYARI SECTION (KM 50.000 TO K,MoRTH,N24001422,HIMACHAL PRADESH,2/2021,9/2021,-,345.89,-,202.99,0/0
2023-10,WIDENING TO 2 LANE WITH PAVED SHOULDERS AND GEOMETRIC IMPROVEMENT OF NH-114A FROM KM 141 TO KM 184 I -,,,,12/2016,9/2021,-,196.00,-,151.46,3/4
2023-10,FOUR LANING OF 5.122 KM OF NH9(NEW NH 65) FROM KM 269.900(DESIGN CH0.0) TO KM 275/622(DESIGN CH 5.12,MoRTH,N24000928,ANDHRA PRADESH,10/2015,12/2015,12/2019,333.21,-,344.66,3/3
2023-10,UPGRADATION AND WIDENING OF BILASPUR TO MUNGELI SECTION NH-130A,MoRTH,N24001228,CHHATTISGARH,11/2017,5/2019,-,188.80,-,131.89,0/0
2023-10,MALEWADA TO CHIMUR,MoRTH,N24001104,MAHARASHTRA,10/2016,6/2019,-,322.55,-,242.09,3/4
2023-10,CONSTRUCTION OF TIMMAPURAM TO GURJANAPALLE SECTION FROM KM 26.150 TO 41.161 OF NH- 214(NH216)(KAKINAD,MoRTH,N24000964,ANDHRA PRADESH,8/2016,1/2017,6/2023,350.61,411.18,344.71,3/4
2023-10,"ENGINEERING, PROCUREMENT, AND CONSTRUCTION OF REHABILITATION AND UPGRADING TO 2-LANES/2 -LANE WITH P",MoRTH,N24000578,BIHAR,2/2016,5/2016,11/2023,553.30,587.41,592.02,0/0
2023-10,WADIGODRI TO DHANGRIPIMPRI,MoRTH,N24001063,MAHARASHTRA,3/2018,2/2020,-,194.23,194.00,136.55,2/4
2023-10,PEN TO KHOPOLI,MoRTH,N24001106,MAHARASHTRA,3/2018,3/2018,-,301.39,302.00,170.12,2/4
2023-10,CONSTRUCTION OF KUND BYPASS FROM EXISTING KM 33+130 TO KM 41+260 (EXISTING LENGTH: 8.130 KM); DESIGN,MoRTH,N24000781,UTTARAKHAND,5/2018,5/2020,12/2023,248.00,-,111.85,0/0
2023-10,WIDENING and STRENTHENING FROM KM132.895 TO KM 190.15 NH- 80,MoRTH,N24001876,BIHAR,3/2021,3/2024,-,566.15,-,43.40,0/0
2023-10,MHASWAD TO TEMBHURNI,MoRTH,N24001099,MAHARASHTRA,1/2017,7/2019,-,488.60,-,279.42,2/4
2023-10,CONSTRUCTION OF 2 LANE ROAD OF POTIN TO PANGIN SECTION OF NH 13 FROM KM 117.56 TO KM 163.59 (PACKAGE,MoRTH,N24001292,ARUNACHAL PRADESH,3/2019,3/2027,-,543.05,-,482.67,0/0
2023-10,CHIMUR TO WARORA,MoRTH,N24001105,MAHARASHTRA,11/2016,3/2019,-,467.70,-,323.36,2/4
2023-10,JAHIRABAD TO LATUR,MoRTH,N24001040,MAHARASHTRA,1/2017,11/2019,-,461.96,-,329.59,3/4
2023-10,"CONSTRUCTION OF SIX LANE FLYOVER AT KATRAJ JUNCTION AT KM, 3/880 OF NH 548-DD (VADGAON - KATRAJ - KO",MoRTH,N24001907,MAHARASHTRA,6/2021,2/2024,-,169.15,-,32.32,0/0
2023-10,REHABILITATION AND,,,,1/2018,8/2018,-,418.03,-,367.88,4/4
2023-10,DEVELOPMENT/WIDENING OF TALEGAON – CHAKAN – SHIKRAPUR – NHAVARA SECTION OF NH 548DG (NHAVARA TO CHOU,MoRTH,N24001886,MAHARASHTRA,10/2022,8/2024,-,304.68,-,48.98,0/0
2023-10,DEVELOPMENT TO 4/6-LANNING OF NH-31 (NEW NH-10) WITH BOTH SIDE SERVICE ROADS FROM KM 569.258 TO KM 5,MoRTH,N24001850,WEST BENGAL,3/2022,9/2025,9/2025,995.04,995.04,40.56,0/0
2023-10,REHABILITATION AND UP- GRADATION OF SABALKHED TO ASHTI SECTION FROM KM 37+900 TO KM 55+100 AND CHINCH,MoRTH,N24001902,MAHARASHTRA,12/2022,9/2024,-,213.32,-,7.45,0/0
2023-10,4-LANNING OF NH17 AND NEW NO. NH66 FROM KM 161/600 TO 205/400 UNDER HYBRID ANNUITY MODE,MoRTH,N24000584,MAHARASHTRA,3/2016,/,-,"1,142.62","1,907.03","1,056.08",0/0
2023-10,REHABILITATION AND UPGRADATION OF DHINDI- DIGAMARRU SECTION FROM KM126/510 TO KM135/740 OF NH214(NH21,MoRTH,N24000965,ANDHRA PRADESH,1/2016,5/2016,10/2022,386.09,288.76,264.38,3/4
2023-10,CONSTRUCTION OF MAJOR BRIDGE ACROSS SHARAVATHI BACKWATERS AND APPROCHES BETWEEN AMBARGODU AND KALASA,MoRTH,N24001388,KARNATAKA,3/2019,12/2019,11/2024,423.15,-,326.63,0/0
2023-10,WIDENING TO 4 LANE FROM KM 51.60 TO 76.20 (HEBRI TO PARKALA) AND FROM KM 85.20 TO 88.90 (KARAVALI JU,MoRTH,N24001948,KARNATAKA,10/2022,10/2024,-,355.72,-,0.00,0/0
2023-10,CONSTRUCTION OF BYPASS ROAD TO BALANGIR TOWN FROM KM 72/400 (DESING KM 0/0) TO KM 79/800 (DESIGN KM,MoRTH,N24001862,ODISHA,2/2022,10/2025,-,238.78,-,3.41,0/0
2023-10,FARDAPUR TO JALGAON,MoRTH,N24001126,MAHARASHTRA,2/2017,6/2019,-,456.45,605.88,427.43,2/4
2023-10,REHABILITATION AND UPGRADATION OF END OF AHMEDNAGAR BYPASS TO KHARWANDI KASAR SECTION OF NH-222 FROM,MoRTH,N24000332,MAHARASHTRA,1/2015,/,-,225.81,-,167.96,0/0
2023-10,ARDHAPUR TO HIMAYATNAGAR,MoRTH,N24001079,MAHARASHTRA,12/2017,6/2020,-,426.06,426.00,271.40,2/4
2023-10,WIDENING AND STRENGTHENING FROM KM 0.00 TO KM 15.089 OF NH- 334A (PURKAJI-LAKSAR-HARIDWAR,,,,10/2021,4/2024,-,227.06,-,47.99,0/0
2023-10,AKOLA TO AKOT,MoRTH,N24001003,MAHARASHTRA,1/2017,6/2019,-,313.95,-,270.26,2/4
2023-10,PROJECTS- REHABILITATION AND UPGRADATION OF NH-731A FROM KM 0.00 TO KM.35.00,MoRTH,N24001464,UTTAR PRADESH,3/2021,8/2023,-,264.86,-,64.01,0/0
2023-10,REHABILITATION AND UPGRADATION OF EXISTING PAVEMENT TO FOUR LANE WITH PAVED SHOULDER FROM KM 135.230,MoRTH,N24001210,UTTAR PRADESH,3/2018,6/2021,-,306.59,-,251.95,0/0
2023-10,NH 167 B KADAPA NELLORE BORDER TO CSPURAM I.E. FROM KM 58.635 TO KM 99.409,MoRTH,N24001952,ANDHRA PRADESH,3/2022,8/2025,-,285.50,-,21.17,0/0
2023-10,INDAPUR TO VADPALE,MoRTH,N24001114,MAHARASHTRA,1/2017,12/2019,-,"1,202.52","1,656.94","1,450.82",2/4
2023-10,CONSTRUCTION OF 4 LANE ROB WITH APPROACHES IN LIEU OF LC NO. RV-172 AT KM 176.00 OF NH-201 (PRESENT,MoRTH,N24001865,ODISHA,12/2021,5/2025,-,324.09,-,53.60,0/0
2023-10,2LPS OF CHAPRATHIPALEM TO LAMBASINGI SECTION OF NH 516E,MoRTH,N24001958,ANDHRA PRADESH,8/2020,10/2024,-,311.22,-,39.94,0/0
2023-10,REHABILITATION AND UPGRADATION OF EXISTING NH-167 FROM KM 14.900 TO KM 70.00 (DESIGN CH.14.900 TO 69,MoRTH,N24000931,ANDHRA PRADESH,11/2016,5/2017,11/2022,290.15,-,205.02,3/4
2023-10,REHABILITATION AND UPGRADATION TO 2 LANE WITH PS OF MIRANPUR KATRA TO RADHAITA SECTION OF NH-730C F,MoRTH,N24001457,UTTAR PRADESH,4/2020,7/2024,-,172.50,-,61.80,0/0
2023-10,WIDENING AND STRENGTHENING/ RECONSTRUCTION OF EXISTING PAVEMENT TO FOUR ALNE WITH PAVED SHOULDERS FR,MoRTH,N24000998,TELANGANA,1/2019,/,1/2023,193.19,249.72,222.54,0/0
2023-10,KUMBHARI PHTA TO DEULGAON RAJA,MoRTH,N24001127,MAHARASHTRA,2/2017,6/2019,-,406.51,-,340.26,0/0
2023-10,NH167B FROM KM.143.320 MALAKONDA TO 189.050 SINGARAYAKONDA ON NH 16 TO TWO LANE WITH PAVED SHOULDERS,MoRTH,N24001950,ANDHRA PRADESH,3/2021,2/2025,-,369.81,-,108.07,0/0
2023-10,WIDENING TO EXISTING,,,,3/2021,2/2024,-,226.44,-,62.19,0/0
2023-10,CONSTRUCTION OF PROPOSED 4_LANE REVELGUNJ BYPASS NH-19 IN THE STATE OF BIHAR ON EPC MODE CONNECTING,MoRTH,N24001879,BIHAR,3/2022,7/2025,-,295.24,-,0.49,0/0
2023-10,REHABILITATION AND UPGRADATION TO 2-LANE CONFIGURATION OF HAMIRPUR- KARNOHAL SECTION (KM 141.000 TO K,MoRTH,N24001447,HIMACHAL PRADESH,8/2020,12/2024,-,371.93,-,63.42,0/0
2023-10,WIDENING TO 2 LANE WITH PAVED SHOULDERS FROM KM 116.800 TO 149.070(DESIGN CHANGES) ON HOSADURGA HOL,MoRTH,N24001945,KARNATAKA,8/2022,2/2024,-,170.34,-,0.00,0/0
2023-10,WIDENING TO TWO LANE WITH PAVED SHOULDERS FROM KM 15.525 TO KM 62.880 OF JADCHERLA-KALWAKURTHY SECTI,MoRTH,N24000984,TELANGANA,1/2017,12/2019,12/2019,283.00,-,257.50,0/0
2023-10,SALAIKHURD TO TIRORA,MoRTH,N24001042,MAHARASHTRA,1/2018,12/2019,-,415.25,415.25,274.02,2/4
2023-10,2L+PS OF THIKRI ANJAD SECTION OF NH-347B,MoRTH,N24000892,MADHYA PRADESH,11/2017,7/2018,8/2021,249.05,-,221.19,0/0
2023-10,WIDENING TO 2LPS FROM 50/0 TO 140/9 OF NH-57 (SONEPUR TO MADHAPUR) IN THE STATE OF ODISHA,MoRTH,N24000913,ODISHA,9/2016,2/2017,11/2023,295.67,-,242.48,0/0
2023-10,REHABILITATION AND UP GRADATION OF NH-544E FROM KM 56/803 TO KM 99/179 OF MADAKASIRA TO SIRA SECTION,MoRTH,N24001384,ANDHRA PRADESH,3/2020,3/2021,11/2022,207.79,-,176.62,3/4
2023-10,2LPS OF KOYYURU TO CHAPRATHIPALEM SECTION OF NH 516E,MoRTH,N24001957,ANDHRA PRADESH,8/2020,7/2024,-,349.29,-,65.77,0/0
2023-10,CONSTRUCTION OF TWINS 2-LANE ROB AND ITS APPROACHES IN REPLACEMENT OF EXISTING LEVEL CROSSING GATE N,MoRTH,N24000887,WEST BENGAL,6/2016,9/2021,2/2024,236.78,263.26,163.40,0/0
2023-10,REHABILITATION AND UPGRADATION OF SATANA TO MANGRUL (CHANDWAD) SECTION OF NH752 G DESIGN CH: KM 64.0,MoRTH,N24001884,MAHARASHTRA,3/2023,5/2025,-,428.80,-,25.00,0/0
2023-10,CONSTRUCTION OF ROAD FROM KM. 1 TO KM. 49/4 OF NH-26A IN THE STATE OF MADHYA PRADESH.,MoRTH,N24000886,MADHYA,1/2017,3/2017,12/2021,205.05,-,144.43,0/0
2023-10,REHABILITATION AND UP- GRADATION OF MUDKHED TO NANDED SECTION FROM KM. 372+000 TO KM 388+400 OF NH 16,MoRTH,N24001903,MAHARASHTRA,8/2022,4/2025,-,206.54,-,0.00,0/0
2023-10,MANSAR TO SALAIKHURD,MoRTH,N24001035,MAHARASHTRA,1/2018,12/2019,-,418.36,-,263.13,2/4
2023-10,WIDENING TO 2LPS FROM 239/9 TO 294/3 OF NH-57 (NAYAGARH TO KHURDA) IN THE STATE OF ODISHA,MoRTH,N24000914,ODISHA,12/2016,8/2018,12/2023,223.50,-,220.50,0/0
2023-10,2-LANE WITH PS OF NEAR KARRI VILLAGE TO ETAWAH SECTION OF NH-92 FROM KM.30.000 TO 57.346 UNDER GNHCP,MoRTH,N24001462,UTTAR PRADESH,4/2020,7/2024,-,211.09,-,42.16,0/0
2023-10,SHAHPUR PATGAON SECTION I,MoRTH,N24001027,MAHARASHTRA,1/2018,12/2019,-,150.79,-,81.14,2/4
2023-10,RECONSTRUCTION WITH GEOMETIC IMPROVEMENT OF SINGLE LANE TO 2- LANE WITH PAVED SHOULDER CONFIGURATION,MoRTH,N24000777,UTTARAKHAND,11/2017,11/2019,-,283.51,-,196.03,0/0
2023-10,Sagwara Bypass and Garhi- Partapur Bypass of NH- 927A in the State of Rajasthan.,MoRTH,N24001868,RAJASTHAN,3/2022,8/2025,-,187.65,-,7.97,0/0
2023-10,UPGRADATION AND REHABILITATION TO TWO LANE WITH PAVED SHOULDER OF BARMER GHAGARIYA SECTION FROM KM 0,MoRTH,N24001531,RAJASTHAN,3/2022,8/2024,-,304.87,-,108.83,0/0
2023-10,NILAJPHATA TO BHANDARA,MoRTH,N24001043,MAHARASHTRA,1/2018,5/2020,-,420.63,421.00,219.40,2/4
2023-10,SHIRUR TO KHARDA,MoRTH,N24001123,MAHARASHTRA,2/2017,6/2019,-,381.77,-,199.48,2/4
2023-10,REHABILITATION AND UP GRADATION FROM KM. 121/0 TO 154/0 OF NAKAREKAL – MALLAMPALLY SECTION OF NH-365,MoRTH,N24000997,TELANGANA,3/2018,7/2019,6/2022,192.67,-,171.11,0/0
2023-10,IMPROVEMENT TO TWO LANE WITH PAVED SHOULDERS OF NH 122B FROM KM 29.730 TO KM 72.348 IN STATE OF BIH,MoRTH,N24001870,BIHAR,2/2022,11/2024,-,624.43,-,35.57,0/0
2023-10,REHABILITATION AND UPGRADATION OF SHIRAPUR JUNCTION TO SHIVAJI CHOWK (DESIGN CHAINAGE KM. 130+00 TO,MoRTH,N24001892,MAHARASHTRA,2/2023,12/2024,-,245.61,-,7.99,0/0
2023-10,UPGRADATION TO TWO LANE PAVED SHOULDER OF KOTHUN- LALSOT-KAROLI-DHOLPUR ROAD,,,,12/2021,9/2024,-,150.11,-,24.26,0/0
2023-10,UPGRADATION OF PACHORE- SHUJALPUR ROAD TO 2L + PS,MoRTH,N24000881,MADHYA PRADESH,11/2017,2/2018,9/2021,184.62,-,146.34,0/0
2023-10,UPGRADATION OF REWA-SIRMOUR ROAD TO 2L + PS,MoRTH,N24000870,MADHYA PRADESH,3/2018,3/2018,10/2021,162.56,-,138.43,0/0
2023-10,UPGRADATION OF PAWAI-SALEHA- JASSO-NAGOD ROAD TO 2L + PS,MoRTH,N24000888,MADHYA PRADESH,3/2018,3/2018,12/2023,214.69,-,107.03,0/0
2023-10,4 LANE FROM KM 56.400 TO KM 120.300 FROM B.KOTHAPALLI JUNCTION TO GORANTLA OF NH 716G,MoRTH,N24001959,ANDHRA PRADESH,3/2022,9/2025,-,839.98,-,76.63,0/0
2023-10,"CONSTRUCTION OF MAJOR BRIDGE ACROSS MANJRA RIVER NEAR YESGI VILLAGE @ KM, 166/500 ON NH 63 TQ BILOLI",MoRTH,N24001905,MAHARASHTRA,10/2021,8/2023,-,188.69,-,100.29,0/0
2023-10,CONSTRUCTION OF ROB AND ITS APPROACHES IN LIEU OF UNMANNED LEVEL CROSSING AT KM 303.9 ON NH-60 (PAND,MoRTH,N24000885,WEST BENGAL,3/2016,9/2023,3/2024,160.27,213.97,80.78,0/0
2023-10,CONSTRUCTION OF 6 LANE BRIDGE ON GANGA ON NH-96 AND ITS APPROACHES IN PHAPHAMAU ALLAHABAD ON EPC MOD,MoRTH,N24001421,UTTAR PRADESH,7/2018,2/2024,-,"1,948.25",-,757.29,0/0
2023-10,MAHAD TO RAIGAD FORT,MoRTH,N24001038,MAHARASHTRA,7/2018,5/2020,-,237.40,-,73.12,2/4
2023-10,REHABILITATION AND UPGRADATION OF NH-221 FROM KM 121/0 TO 165/00 (OF VIJAYAWADA- JAGDALPUR RUDRAMPUR,MoRTH,N24000247,TELANGANA,10/2014,2/2017,12/2022,295.47,-,222.80,0/1
2023-10,CONSTRUCTION OF 4-LANE BYPASS TO VIJAYANAGARAM TOWN ON NH43 (NEW NH26) FROM 537/6 TO 552/0 (RAIPUR-V,MoRTH,N24000933,ANDHRA PRADESH,2/2017,11/2017,11/2022,429.43,-,376.80,3/4
2023-10,KOLHA TO NASRATPUR,MoRTH,N24001111,MAHARASHTRA,4/2016,4/2019,-,281.78,282.00,77.83,2/4
2023-10,REHABILATION AND UPGRADATION TO TWO LANES WITH PAVED SHOULDER CONFIGURATION FROM WATUR TO CHARTHANA,MoRTH,N24001895,MAHARASHTRA,11/2021,9/2023,-,228.01,-,94.01,0/0
2023-10,WIDENING AND STRENGTHENING OF EXISTING 2-LANE TO 2-LANE WITH PAVED SHOULDERS FROM KM.159/0 TO 165/4 -,,,,1/2018,12/2019,11/2020,230.03,-,229.42,0/0
2023-10,REHABILITATION AND UPGRADATION OF 2 LANE WITH PAVED SHOULDER FROM EXISTING KM. 195.175 TO KM. 220.00,MoRTH,N24000782,UTTARAKHAND,3/2018,/,-,460.73,-,0.00,0/0
2023-10,BHANDARA TO GHOTITOK,MoRTH,N24001018,MAHARASHTRA,1/2017,6/2019,-,392.83,393.00,274.75,0/0
2023-10,UPGRADATION OF EXHISTING 2 LANE FLEXIBLE PAVEMENT TO 2 LANE PAVED SHOULDERS RIGID PAVEMENT FROM DESI,MoRTH,N24001908,MAHARASHTRA,12/2021,5/2024,-,167.97,-,10.50,0/0
2023-10,PARTUR TO MAJALGAON,MoRTH,N24001034,MAHARASHTRA,1/2017,7/2019,-,420.57,-,270.28,3/4
2023-10,CONSTRUCTION OF FOUR-LANE ELEVATED VIADUCT FROM KM.4+634 TO KM.6+345 ON NH-24A INCLUDING RETAINING W,MoRTH,N24001424,UTTAR PRADESH,3/2021,9/2023,-,185.09,-,131.33,0/0
2023-10,FORMATION OF BYPASS ROAD TO KADIRI TOWN FROM ON NH42,MoRTH,N24001930,ANDHRA PRADESH,6/2020,9/2023,-,220.66,-,147.14,0/0
2023-10,REHABILITATION AND UPGRADATION OF NH-340 FROM KM 0/0 TO KM 60/380 (DESIGN CH. 0/000 TO 60/025 EXCLUD,MoRTH,N24000932,ANDHRA PRADESH,1/2017,8/2017,7/2022,319.28,-,245.55,4/4
2023-10,KARASWADA TO BAMBOLIM,MoRTH,N24001005,GOA,3/2017,12/2019,-,852.67,"1,041.62",336.79,2/4
2023-10,JALKOT TO TOGRI,MoRTH,N24001071,MAHARASHTRA,7/2018,8/2020,-,299.92,300.00,188.96,2/4
2023-10,CONSTRUCTION OF 2 LANE WITH PAVED SHOULDER NORTHERN BYPASS PHASE-II OF KOTA CITY FROM DESIGN CHAINAG,MoRTH,N24001928,RAJASTHAN,3/2022,4/2025,-,317.74,-,0.00,0/0
2023-10,REHABILITATION AND UPGRADATION OF BHOKARDAN TO KUMBHARI FATA DESIGN CH. (KM 13+500 TO 17+00) AND RAJ,MoRTH,N24001887,MAHARASHTRA,8/2022,6/2024,-,291.37,-,68.39,0/0
2023-10,SARSAM TO KOTHARI,MoRTH,N24001002,MAHARASHTRA,2/2016,7/2019,-,545.64,-,232.64,2/4
2023-10,MALE VILLAGE TO PUNE RAIGARH DISTRICT BORDER,MoRTH,N24001080,MAHARASHTRA,3/2018,12/2019,-,256.15,-,126.62,0/0
2023-10,REHABILITATION AND UPGRADATION OF EXISTING NH-565 FROM KM.86.057 TO 133.922 OF NAGARJUNASAGAR DAM T,MoRTH,N24000282,ANDHRA PRADESH,1/2014,11/2014,5/2024,195.45,385.97,232.98,2/4
2023-10,SILLOD TO FARDAPUR,MoRTH,N24001125,MAHARASHTRA,2/2017,6/2019,-,337.46,432.98,335.30,2/4
2023-10,WIDENING TO 4/6 LANES OF EXISTING NH-17 FROM KM 531/934 (AFTER ZUARI BR.) TO KM 536/250 JN. WITH VER,MoRTH,N24000514,GOA,12/2015,/,-,773.98,-,464.36,0/0
2023-10,JALANDHAR-HOSHIARPUR SECTION OF NH-70,FROM EXISTING KM 11.400 TO KM 49.200 - [N24000909],NEW NH NO. 3,MoRTH,10/2017,10/2019,-,"1,069.59",-,739.08,0/1
2023-10,2L+PS FROM KM. 0+000 TO KM. 32+000 (MUDIGUBBA TO PUTTAPARTHI) OF NH-342,MoRTH,N24001932,ANDHRA PRADESH,3/2022,9/2024,-,401.72,-,82.84,0/0
2023-10,CONST. OF MISSING LINK BETWEEN KM. 11/680 TO KM. 14/020 AND WIDENING OF EXISTING TWO LANE ROAD,MoRTH,N24000258,GOA,3/2015,/,-,184.05,-,136.74,2/4
2023-10,REHABILATION AND UPGRADATION TO 2 LANE WITH PAVED SHPULDERS CONFIGURATION OF BEAWAR- ASIND SECTION (K,MoRTH,N24001242,RAJASTHAN,8/2020,11/2022,-,196.23,-,151.40,3/4
2023-10,PIMPLA TO MANJARSUMBHA,MoRTH,N24001030,MAHARASHTRA,1/2017,8/2019,-,595.77,-,357.73,3/4
2023-10,UP GRADATION OF NEWLY DECLARED NH 341 TO TWO LANE WITH PAVED SHOULDER CONFIGURATION BETWEEN KM. 65.4,MoRTH,N24001197,GUJARAT,3/2018,6/2021,7/2023,351.00,270.00,219.48,3/4
2023-10,Rehabilitation and up gradation to 2 lane with paved shoulder configuration from existing km. 122.00,MoRTH,N24000820,ANDAMAN AND NICOBAR ISLANDS,11/2017,11/2019,-,237.80,-,109.61,0/0
2023-10,JABALPUR TO HIREN RIVER SECTION OF NH-12 IN MADHYA PRADESH KM 11/400 TO 66/400,MoRTH,N24000475,MADHYA PRADESH,11/2015,1/2020,6/2021,628.45,-,501.70,0/0
2023-10,RECONSTRUCTION WITH GEOMETRIC IMPROVEMENT OF EXISTING 2 LANE/INTERMEDIATE LANE TO 2LANE WITH PAVED S,MoRTH,N24000773,UTTARAKHAND,12/2017,12/2019,-,200.34,-,141.39,0/0
2023-10,WIDENING AND PAVED SHOULDER OF TOHANA (IN HARYANA) PUNJAB/HARYANA BORDER TO MOONAK-JAKHAL-BUDHLADA,MoRTH,N24000907,PUNJAB,3/2018,8/2020,-,293.10,341.84,302.40,0/1
2023-10,RECONSTRUCTION WITH GEOMETIC IMPROVEMENT OF EXISTING TWO,,,,11/2017,11/2019,-,232.81,-,151.70,0/0
2023-10,WIDENING AND STRENGTHENING OF SECTION FROM BHARTHANA CHOWK TO KODARKOOT (KM. 0.00 TO KM. 40.00) OF,MoRTH,N24001587,UTTAR PRADESH,3/2020,9/2024,-,262.37,-,103.90,0/0
2023-10,REHABILITATION AND UPGRADATION TO INTERMEDIATE LANE CONFIGURATION OF SHRI KYARI-GUMMA SECTION (KM 75,MoRTH,N24001383,HIMACHAL PRADESH,8/2020,4/2021,-,349.20,-,316.84,0/0
2023-10,CONSTRUCTION OF 4 LANE WITH PAVED SHOULDERS THIRUVAYARU BYPASS IN BETWEEN EXISTING KM.55/926 TO 62/6,MoRTH,N24001455,TAMIL NADU,2/2022,8/2022,-,191.33,-,28.48,1/4
2023-10,CONSTRUCTION OF 2 LANE ROAD OF POTIN TO PANGIN SECTION OF NH 13 FROM KM 77.95 TO KM 117.56 (PACKAGE,MoRTH,N24001291,ARUNACHAL PRADESH,3/2019,3/2027,-,421.48,-,365.83,0/0
2023-10,RECONSTRUCTION WITH GEOMETRIC IMPROVEMENT OF EXISTING SINGLE/INTERMEDIATE LANE TO 2 LANE WITH EAR,MoRTH,N24000779,UTTARAKHAND,2/2018,2/2020,3/2023,418.88,-,264.67,0/0
2023-10,WIDENING TO TWO LANE WITH PAVED SHOULDERS FROM KM 40/410 TO KM 84/037OF THIRUMALAGIRI TO SURYAPET SE,MoRTH,N24000982,TELANGANA,1/2017,5/2019,8/2019,244.54,-,174.30,0/0
2023-10,REHABLITATION AND UPGRADATION OF AMBOLI JUNCTION (DESIGN CH. 71+530) TO AJARA (DESIGN CH.100+835) SE,MoRTH,N24001881,MAHARASHTRA,6/2021,11/2024,-,574.00,-,574.00,0/0
2023-10,UP GRADATION OF NH 930 SHERPAR TO KOHKA FROM KM 67.880 TO KM 114.860 TO TWO LANE WITH PAVED SHOULDER,MoRTH,N24001917,CHHATTISGARH,3/2020,5/2024,-,278.97,-,97.26,0/0
2023-10,SHEWALI (SAKRI) - NANDURBAR,MoRTH,N24001893,MAHARASHTRA,9/2022,4/2024,-,232.59,-,75.60,0/0
2023-10,CONSTRUCTION OF MANGALDOI BYPASS (NH-15) STARTING AT CH 26+400 AND TERMINATING AT CH 41+505 UNDER RA,MoRTH,N24001840,ASSAM,3/2022,4/2025,-,535.03,-,0.00,0/0
2023-10,REHABILITATION AND UPGRADATION OF NH 200 FROM KM 178.944 TO 241.553 BANARI VILLAGE TO MASANIA KALA V,MoRTH,N24001219,CHHATTISGARH,1/2016,9/2016,-,476.20,543.73,483.21,0/0
2023-10,UPGRADATIOBN AND REHABILITATION OF SECTION OF NH 361 F FROM PARLI (00/000) TO,,,,11/2021,9/2023,-,224.44,-,57.52,0/0
2023-10,VITA TO NAGAJ,MoRTH,N24001050,MAHARASHTRA,3/2018,12/2019,-,304.58,305.00,150.26,2/4
2023-10,WADI TO ASOLA,MoRTH,N24001022,MAHARASHTRA,1/2017,9/2019,-,363.82,364.00,154.65,2/4
2023-10,UPGRADATION OF NH 130A MUNGELI TO PONDI FROM NH KM. 51.600 TO KM. 77.870 KM. 80.970 TO 96.970 TO 2,MoRTH,N24001920,CHHATTISGARH,3/2021,9/2024,-,218.57,-,17.88,0/0
2023-10,UP-GRADATION TO TWO LANING WITH PAVED SHOULDER OF AJMER- NAGAUR SECTION BY EXECUTING BALANCE WORK FRO,MoRTH,N24001241,RAJASTHAN,3/2020,10/2022,-,255.23,-,194.80,3/4
2023-10,REHABILITATION AND UP GRADATION OF 2 LANE/ 2 LANE WITH PAVED SHOULDER FROM EXISTING KM. 172.900 TO K,MoRTH,N24000780,UTTARAKHAND,2/2018,/,4/2023,293.68,-,201.20,0/0
2023-10,NAGAJ TO VAIJAPUR,MoRTH,N24001023,MAHARASHTRA,1/2017,6/2019,-,376.72,377.00,273.87,2/4
2023-10,WIDENING TO 2 LANE WITH PAVED SHOULDERS FROM KM 0 TO 54 OF NH-50 UNDER EPC MODE IN THE STATE OF KARN,MoRTH,N24001164,KARNATAKA,10/2016,3/2017,7/2022,396.96,-,332.58,0/0
2023-10,WIDEINING TO TWO/FOUR LANE WITH PAVED SHOULDERS FROM EXISTING KM 180.60 TO KM 223.00 OF NH-63 ON NIZ,MoRTH,N24000981,TELANGANA,10/2016,3/2019,4/2023,248.83,-,167.21,0/0
2023-10,REHABILITATION AND UPGRADATION OF NH -565 FROM KM 1.00 TO 86.057 (NAKREKAL TO NAGARJUNSAGAR DAM SECT,MoRTH,N24000245,TELANGANA,1/2014,3/2016,9/2019,270.00,-,0.00,1/4
2023-10,CONSTRUCTION OF 2-LANE WITH PAVED SHOULDER GANGTOK BYPASS ROAD FROM RANIPOOL TO BURTUK (L=23.316KM),MoRTH,N24001442,SIKKIM,10/2021,5/2024,5/2024,385.15,-,113.05,0/0
2023-10,UMARIYA TO SHAHDOL SECTION OF NH-78 IN MADYA PRADESH KM 68/4 TO 142/200,MoRTH,N24000513,MADHYA PRADESH,3/2015,8/2017,12/2023,511.83,-,475.93,0/0
2023-10,BARASGAON TO RAHATEE,MoRTH,N24001113,MAHARASHTRA,7/2016,9/2018,-,289.11,290.00,232.56,2/4
2023-10,CONSTRUCTION OF MAJOR BRIDGE AT KM 180.865 ACROSS RIVER KRISHNA ON NH-167 HAGARI – JADERCELA SECTION,MoRTH,N24001173,KARNATAKA,2/2017,5/2019,-,157.32,188.00,43.16,0/0
2023-10,KANTE TO WAKED,MoRTH,N24001134,MAHARASHTRA,3/2016,11/2019,-,"1,230.02","1,230.00",791.80,2/4
2023-10,CONSTRUCTION OF RING ROAD FOR RAEBARELI CITY (PHASE -I) ON EASTERN SIDE OF NH 24B,MoRTH,N24000331,UTTAR PRADESH,12/2019,4/2022,-,282.41,-,252.29,0/0
2023-10,REHABILITATION AND UP- GRADATION OF EXISTING INTERMEDIATE LANE FLEXIBLE PAVEMENT TO 2L+PS FLEXIBLE PA,MoRTH,N24000875,MADHYA PRADESH,2/2018,3/2018,3/2024,169.63,-,105.13,0/0
2023-10,2 LANE + PS PIMPLNER TO SATANA,OF NH-752G] - [N24001889],DESIGN CHAINAGE KM 21.427 TO 64.00,MoRTH,9/2019,7/2021,-,277.81,-,143.54,0/0
2023-10,REHABILITATION AND UP- GRADATION TO 4 LANE ROAD WITH PAVED SHOULDER CONFIGURATION OF SECTION FROM UND,MoRTH,N24001880,MAHARASHTRA,3/2022,7/2025,-,778.18,-,39.43,0/0
2023-10,HIMAYATNAGAR TO PHULSAWANGI,MoRTH,N24001081,MAHARASHTRA,3/2018,12/2019,-,294.87,295.00,183.17,2/4
2023-10,UP GRADATION OF NH 130C ABHANPUR TO PAUND FROM NK KM 0.000 TO KM. 40.380 TO TWO LANE WITH PAVED SHOU,MoRTH,N24001919,CHHATTISGARH,12/2020,9/2023,6/2024,193.16,-,20.55,0/0
2023-10,CONSTRUCTION OF MARGOA WESTERN BYPASS FOR NH-17 (NEW NH-66 ) FROM KM. 26 /200 ( CHAINAGE 00/00) TO K,MoRTH,N24000257,GOA,3/2015,/,-,298.33,354.43,399.84,0/4
2023-10,WIDENING & STRENGTHENING TO TWO LANE WITH PAVED SHOULDER/TWO LANE+ PAVED SHOULDER WITH SERVICE ROAD,MoRTH,N24001924,JHARKHAND,3/2022,8/2025,-,514.22,-,0.00,0/0
2023-10,CONSTRUCTION OF A NEW 4 LANE BRIDGE PARALLEL TO EXISTING MG SETU WITH ITS APPROACHES FROM KM 0.00,MoRTH,N24001201,BIHAR,2/2019,/,9/2024,"2,926.42",-,810.82,0/0
2023-10,REHABILITATION AND UPGRADATION OF JAMKHED TO SAUTADA SECTION OF NH548 D (FROM KM 195.375 TO KM 208.7,MoRTH,N24001910,MAHARASHTRA,9/2022,7/2024,-,157.62,-,2.18,0/0
2023-10,WIDENING TO TWO LANE WITH PAVED SHOULDERS FROM KM 20.150 TO KM 40.00 OF BC ROAD KOTTIGEHARA SECTION,MoRTH,N24001159,KARNATAKA,1/2018,7/2018,3/2022,159.70,-,156.11,0/0
2023-10,WIDENING TO 2 LANES WITH PAVED SHOULDERS FROM KM.87/000 TO 133/720 (NATTUKAL TO THANAU JN. IN PALAKK,MoRTH,N24001369,KERALA,2/2017,8/2017,3/2022,294.28,296.53,275.51,0/0
2023-10,WIDENING TO TWO LANE WITH PAVED SHOULDERS FROM KM 0/970 TO KM 40/410 OF JANAGAON-,,,,1/2017,10/2019,10/2019,196.52,-,123.72,0/0
2023-10,2 LANE + PS ASTHAMODE - TIVATYAL,[KM 134.98-172.95 OF NH-63] - [N24001894],DESIGN CH. KM 24.300 - 62.00,MoRTH,9/2019,7/2021,-,228.82,-,140.34,0/0
2023-10,CONSTRUCTION OF 4 NOS GRADE SEPARATOR BETWEEN KM. 281.000 TO KM 307.600 KM. 286.400 KUMHARI KM. 299.,MoRTH,N24001227,CHHATTISGARH,3/2018,1/2019,-,349.03,-,287.33,0/0
2023-10,REHABILITATION AND UPGRADATION TO 2-LANE CONFIGURATION OF KALWAHAN- MANDI SECTION (KM 208.950 TO KM 2,MoRTH,N24001470,HIMACHAL PRADESH,8/2020,4/2025,-,314.32,-,24.78,0/0
2023-10,"STRENGTHING AND WIDINING OF EXISTING CARRIAGEWAY TO 10 M IN KM, 156/160 TO 229/160 (TEMBHURNI - KUSL",MoRTH,N24001909,MAHARASHTRA,11/2021,6/2024,-,157.72,-,55.38,0/0
2023-10,MULAKALACHERUVU TO MADANAPALLE SECTION OF NH42 FROM KM 202.050 TO KM 245.640 EXCLUDING RETAINED STRE,MoRTH,N24001933,ANDHRA PRADESH,12/2021,12/2024,-,480.10,-,211.68,0/0
2023-10,4L+PS OF BEAWAR-ASIND SECTION (KM 30.00 TO KM 74.00) OF NH-158 (GNHCP) WORLD BANK. PKG-II,MoRTH,N24001410,RAJASTHAN,8/2020,12/2022,-,216.72,-,168.12,3/4
2023-10,RALEGAON TO RAMTIRTH,MoRTH,N24001046,MAHARASHTRA,1/2017,7/2019,-,210.81,-,210.81,2/4
2023-10,REHABILITATION AND UPGRADATION OF NH326A FROM KM 0/0 TO 41/979 (EXCLUDING KM 2/255 TO 3/372 AND KM 3,MoRTH,N24000934,ANDHRA PRADESH,3/2018,8/2018,5/2022,228.32,-,175.77,3/4
2023-10,PUNE RAIGARH DISTRICT BORDER TO MANGAON,MoRTH,N24001082,MAHARASHTRA,3/2018,12/2019,-,223.46,-,123.46,0/0
2023-10,PARBHANI TO GANGKHED,MoRTH,N24001065,MAHARASHTRA,3/2018,12/2019,-,238.19,238.00,194.54,2/4
2023-10,UPGRADATION OF TWO LANE PAVED SHOULDER FROM SHAHPURA TO THANAGAZI OF NH- 248A ON EPC MODE IN THE STAT,MoRTH,N24001867,RAJASTHAN,3/2022,7/2024,-,174.34,-,16.00,0/0
2023-10,WIDENING TO EXISTING 2 LANE WITH PAVED SHOULDER TO 4 LANE WITH PAVED SHOULDER FROM DESIGN KM 153.00,MoRTH,N24001947,KARNATAKA,2/2023,2/2025,-,177.94,-,0.00,0/0
2023-10,REHABILITATION AND UPGRADATION TO 2-LANE WITH PAVED SHOULDERS CONFIGURATION OF PADERU- GONDIGUDA SECT -,,,,8/2020,3/2021,3/2024,222.61,-,79.64,2/4
2023-10,CONSTRUCTION OF 4 LANE FLYOVER AT NAGPUR RTO CHOWK TO NAGPUR UNIVERSITY CAMPUS FROM CH 2/250 TO 5/10,MoRTH,N24001883,MAHARASHTRA,3/2021,3/2024,-,478.83,-,197.08,0/0
2023-10,RECONSTRUCTION WITH GEOMETRIC IMPROVEMENT OF EXISTING SINGLE/INTERMEDIATE LANE TO 2LANE WITH PAVED S,MoRTH,N24000778,UTTARAKHAND,11/2017,11/2019,-,266.52,-,153.44,0/0
2023-10,2LPS FROM KM36.400 TO KM. 107.224 OF NH167BG FROM DUTTALUR TO KAVALI SECTION,MoRTH,N24001942,ANDHRA PRADESH,3/2021,7/2024,-,423.67,-,105.59,0/0
2023-10,CONSTRUCTION OF FOUR LANE PINJORE BYPASS FROM KM 0.00 TO 7.70 ON EPC MODE.,MoRTH,N24001513,HARYANA,12/2016,12/2017,-,170.27,-,100.46,0/0
2023-10,GUDIWADA TOWN 2 LANE ROB AND ROAD IMPROVEMENT OF NH165 IN REPLACEMENT OF LC NO 3ESPL3 AT KM 231.700,MoRTH,N24001955,ANDHRA PRADESH,3/2022,5/2025,-,317.22,-,38.78,0/0
2023-10,DHAD BHOKARDAN TO BHOKARDHAN SILLOD,MoRTH,N24001062,MAHARASHTRA,3/2018,12/2019,-,336.21,336.00,236.11,2/4
2023-10,2L+PS FROM KM 148/170 TO 211 /100 (DEVAL- DUNGARPUR-HIRATA - VARDA-SAGWARA) SECTION OF NH- 927A. PKG-,MoRTH,N24001413,RAJASTHAN,2/2021,1/2024,-,240.99,-,124.55,0/0
2023-10,UPGRADATION OF NH-81 WITH A MINIMUM OF 2-LANE WITH PAVED SHOULDER CONFIGURATION STARTING FROM KM 19.,MoRTH,N24000880,WEST BENGAL,2/2018,9/2020,1/2024,426.18,426.18,345.00,0/0
2023-10,REHABILITATION AND UPGRADATION OF NH-219 FROM KM 58-600 TO KM 140-750 IN THE STATE OF ANDHRA PRADES,MoRTH,N24000301,ANDHRA PRADESH,3/2015,10/2015,5/2021,271.45,-,241.89,4/4
2023-10,RECONSTRUCTION TO TWO LANE WITH PAVED SHOULDERS FROM DS. CH. 442+180 (EX. KM 448.00) TO DS. CH.485+2,MoRTH,N24001158,KARNATAKA,3/2018,6/2019,12/2023,159.97,-,161.08,0/0
2023-10,WIDENING TO 2LPS OF RAMPACHODAVARAM - KOYYURU SECTION OF NH516E FROM KM.43.700 TO KM 113.820,MoRTH,N24001954,ANDHRA PRADESH,3/2022,1/2025,-,568.12,-,133.40,0/0
2023-10,CONSTRUCTION OF SIX LANE ELEVATED CORRIDOR FROM KM.7.950 (UPPAL) TO KM.14.200 OF NH-163 TO DE-CONGES,MoRTH,N24000994,TELANGANA,3/2018,7/2020,6/2024,626.76,-,262.49,0/0
2023-10,"WIDENING TO 2 LANES WITH PAVED SHOULDERS FROM KM 24.400 TO 27.270, 40.500 TO 41.900, 84.300 TO 88.20",MoRTH,N24001946,KARNATAKA,11/2022,11/2024,-,218.93,-,0.00,0/0
2023-10,"CONSTRUCTION OF TWO LANE WITH PAVED SHOULDER FOR FATEHPUR BYPASS, MANDAWA BYPASS AND JHUNJHUNU BYPAS",MoRTH,N24001866,RAJASTHAN,3/2022,8/2024,-,186.29,-,29.40,0/0
2023-10,UPGRADATION OF DABOH-UP BORDER ROAD TO 2L + PS,MoRTH,N24000891,MADHYA PRADESH,3/2018,3/2018,10/2021,233.04,-,187.88,0/0
2023-10,2LPS FROM GONDIGUDA TO ARAKU BHALLAGUDA KM 27.480 TO KM 51.772 SECTION OF NH 516E,MoRTH,N24001956,ANDHRA PRADESH,8/2020,9/2023,-,296.66,-,156.02,0/0
2023-10,PUNE TO MALE VILLAGE,MoRTH,N24001078,MAHARASHTRA,3/2018,12/2019,-,228.31,-,100.97,0/0
2023-10,UPGRADATION OF ADHALGAON- JAMKHED SECTION OF NH-548 D FROM KM 132/600 TO KM 195/375 TO TWO LANE WITH,MoRTH,N24001448,MAHARASHTRA,11/2021,2/2022,-,223.35,-,141.07,0/0
2023-10,NANDED TO JALKOT,MoRTH,N24001069,MAHARASHTRA,12/2017,9/2019,-,456.93,457.00,278.22,2/4
2023-10,OSMANNAGAR TO KUNDRAL,MoRTH,N24001075,MAHARASHTRA,9/2017,8/2020,-,344.25,344.00,192.90,2/4
2023-10,AURANGABAD TO SILLOD,MoRTH,N24001124,MAHARASHTRA,2/2017,6/2019,-,456.32,541.93,342.78,2/4
2023-10,REHABILITATION AND UPGRADATION TO 2 LANE WITH PAVED SHOULDER OF MOGA (DESIGN CH 0.000) TO MAKHU (DES,MoRTH,N24000941,PUNJAB,3/2018,8/2020,-,293.64,326.84,295.46,0/0
2023-10,CONSTRUCTION OF SIGNATURE BRIDGE BETWEEN DWARKA AND BEY DWARKA AND ITS APPROACHES IN THE STATE OF GU,MoRTH,N24000926,GUJARAT,8/2017,9/2020,12/2023,962.43,978.93,852.54,3/4
2023-10,WIDENING TO 2LPS FROM 269/30 TO 328/20 OF NH-49 IN THE STATE OF ODISHA,MoRTH,N24000917,ODISHA,3/2018,8/2018,12/2023,199.16,-,154.58,0/0
2023-10,BALANCE WORK OF REHABILITATION AND UPGRADING TO 2LANE/2LANE WITH PAVED SHOULDER CONFIGURATION AND ST,MoRTH,N24001937,KARNATAKA,2/2023,2/2024,-,398.48,-,0.00,0/0
2023-10,BHOGAN KHURD TO KASHEDI,MoRTH,N24001132,MAHARASHTRA,9/2017,6/2021,-,743.21,743.00,911.64,2/4
2023-10,REHABILITATION AND UPGRADATION TO 2 LANE WITH PS OF RADHAITA TO PILIBHIT SECTION OF 46.130 KM,MoRTH,N24001456,UTTAR PRADESH,4/2020,2/2024,-,199.39,206.59,78.47,0/0
2023-10,REHABILITATION AND UPGRADATION OF NH 216 FROM KM 3.800 TO 90.460 RAIGARH TO SARAIPALLI SECTION,MoRTH,N24001226,CHHATTISGARH,12/2014,3/2015,-,496.02,-,240.11,0/0
2023-10,"WIDENING AND STRENGTHENING FROM KM.15.000 TO KM, 58.600 (BHADEWARA -DRAMANDGANJ SECTION) OF NATIONAL",MoRTH,N24001478,UTTAR PRADESH,12/2021,5/2024,-,257.97,-,81.66,0/0
2023-10,REHABILITATION AND UPGRADING TO 2 LANES/2 LANE WITH PAVED SHOULDERS CONFIGURATION OF BIRPUR - BIHPUR,MoRTH,N24000382,BIHAR,1/1991,/,12/2023,675.00,780.77,498.47,0/0
2023-10,WIDENING OF EXISTING SINGLE LANE ROAD TO INTERMEDIATE LANE ROAD FROM MOKOKCHUNG TO CHARE VIA DIKHU I,MoRTH,N24001855,NAGALAND,2/2021,6/2025,-,192.93,-,0.00,0/0
2023-10,CONSTRUCTION OF ROAD FROM KM 0/0 TO 72/0 OF NH-26 SUCH AS 4 LANE FROM KM 0/0 TO 21/0 (BARGARH TO BAR,MoRTH,N24001857,ODISHA,6/2020,12/2023,-,414.24,-,181.45,0/0
2023-10,UP-GRADATION TO 2 LANE WITH PAVED SHOULDER FROM CHARBHUJA AT DESIGN KM 0.00 (EXISTING KM 150.00) TO,MoRTH,N24001927,RAJASTHAN,2/2022,9/2025,-,838.43,-,0.00,0/0
2023-10,RECONSTRUCTION WITH GEOMETRIC IMPROVMENT OF EXISTING INTERMEDIATE LANE TO 2 LANE WITH PAVED SHOULDER,MoRTH,N24001130,UTTARAKHAND,8/2016,12/2017,-,234.88,-,174.51,0/0
2023-10,ESTIMATE FOR WIDENING TWO LANE TO FOUR LANE FROM FROM KM.129.00 TO 144.00 OF NH-63 ANKOLA-GOOTY SECT,MoRTH,N24001168,KARNATAKA,5/2018,5/2018,10/2023,171.60,-,169.49,0/0
2023-10,WIDENING TO INTERMEDIATE/TWO LANE TO 2 LANE WITH PAVED SHOULDER FROM EXISTING CHANAGES KM 112.750 TO,MoRTH,N24001944,KARNATAKA,1/2023,6/2024,-,255.88,-,0.00,0/0
2023-10,WIDENING TO TWO LANE WITH PAVED SHOULDER FROM KM 194.900 TO KM 243.200 OF NH-234 BANAVARA-HULIYAR,MoRTH,N24001160,KARNATAKA,9/2017,10/2018,4/2022,191.60,-,112.05,0/0
2023-10,MEHKAR TO AJISPUR,MoRTH,N24001048,MAHARASHTRA,1/2017,7/2019,-,232.77,-,151.60,0/0
2023-10,REHABILITATION AND,,,,2/2023,12/2024,-,261.82,-,58.28,0/0
2023-10,WIDENING TO 2-LANE WIH PAVED SHOULDER FROM KM. 544.20 TO 594.00 (HOSAMANE CROSS TO PANDAVAPURA) SECT,MoRTH,N24001387,KARNATAKA,1/2017,9/2017,6/2023,264.34,-,198.18,0/0
2023-10,4L+PS OF NH -58 FROM BEAWAR- GOMTI (OLD CH KM 58.245 TO KM. 108.600) PKG-I.,MoRTH,N24001411,RAJASTHAN,12/2020,10/2023,-,379.23,-,162.95,0/0
2023-10,REHABILITATION AND UPGRADATION OF MACHILIPATNAM TO AVANIGADDA SECTION FROM KM84/550 - 124/200 OF NH2,MoRTH,N24000968,ANDHRA PRADESH,11/2016,8/2017,10/2022,376.25,414.44,399.50,3/4
2023-10,REHABILITATION AND UPGRADATION OF NH 78 FROM KM 469.000 TO 531.000 PATTHALGAON TO KUNKURI,MoRTH,N24001222,CHHATTISGARH,3/2016,7/2016,-,452.94,-,226.35,0/0
2023-10,CONSTRUCTION OF 2-LANE MAJOR BRIDGE INCLUDING APPROACHESOVER BRAHMAPUTRA BETWEEN MAJULI ON NORTH BAN,MoRTH,N24001408,ASSAM,2/2021,7/2025,-,925.47,-,124.70,0/0
2023-10,4L+PS OF NH -58 FROM BEAWAR- GOMTI (OLD CH KM 108.600 TO KM 144 KM 158.419 TO KM 173.300 PKG- II.,MoRTH,N24001412,RAJASTHAN,12/2020,10/2023,-,339.65,-,175.13,0/0
2023-10,REHABILITATION AND UPGRADATION OF NEW NH-544E FROM KM. 0.000 TO KM 56.803 OF KODIKONDA - MADAKASIRA,MoRTH,N24000939,ANDHRA PRADESH,3/2018,11/2018,-,504.19,504.00,518.99,4/4
2023-10,PANGAON TO DHARMAPURI AND PARALI TO INJEGAON 2L+PS,MoRTH,N24001911,MAHARASHTRA,3/2018,7/2024,-,152.03,-,81.35,0/0
2023-10,NALDURG TO AKKALKOT,MoRTH,N24001051,MAHARASHTRA,2/2018,12/2019,-,274.50,275.00,143.39,2/4
2023-10,CONSTRUCTION OF A NEW 4 LANE MAJOR BRIDGE ACROSS RIVER KOSI AT PHULAUT INCLUDING RHABILITATION AND,MoRTH,N24000943,BIHAR,9/2018,/,-,"1,478.40",-,691.99,0/0
2023-10,REHABILITATION AND UPGRADATION OF NEW NH-544DD FROM DESIGN CHAINAGE KM 56.00 TO 102.20 OF KALYANDURG,MoRTH,N24000937,ANDHRA PRADESH,3/2018,8/2018,10/2022,289.67,285.29,254.19,3/4
2023-10,PATRADEVI TO KARASWADA 4L,MoRTH,N24001004,GOA,3/2017,5/2020,-,634.32,769.52,496.44,2/4
2023-10,SELDOH TO PANVAR,MoRTH,N24001097,MAHARASHTRA,7/2018,5/2020,-,404.33,404.00,140.65,2/4
2023-10,"CONSTRUCTION OF 5 HL BRIDGES AT KM 379/000 (PANGAM), KM 439/400 (POTTERU), KM 444/237 (KONGURUKONDA)",MoRTH,N24001863,ODISHA,3/2021,6/2024,-,154.05,-,17.02,0/0
2023-10,4 LANE WITH PAVED SHOULDER FROM KM 0.000 TO KM 51.119 OF TADIPATRI TO MUDDANUR OF NH67,MoRTH,N24001935,ANDHRA PRADESH,3/2022,8/2025,-,724.17,-,124.01,0/0
2023-10,WIDENING TO 2LPS FROM 0/0 TO 119/0 OF NH-157 IN THE STATE OF ODISHA.,MoRTH,N24000912,ODISHA,8/2016,2/2017,12/2023,287.70,-,262.05,0/0
2023-10,IMPROVEMENT TO TWO LANE WITH PAVED SHOULDERS OF NH-319A FROM KM 0 TO KM 45 IN STATE OF BIHAR UNDER,MoRTH,N24001878,BIHAR,2/2022,12/2024,-,427.29,-,5.21,0/0
2023-10,44 LANE DIVIDED CARRIAGEWAY OF BARMER BYPASS OF NH-15 (NEW NH-68) IN THE STATE OF RAJASTHAN ON EPC M,MoRTH,N24001529,RAJASTHAN,12/2021,8/2024,-,451.66,-,221.09,0/0
2023-10,BALANCE WORK OF CONTSRUCTION OF TWO/FOUR LANE WITH PAVED SHOULDER FROM KM. 54.370 TO KM. 101.400 (BI,MoRTH,N24001936,KARNATAKA,3/2021,3/2023,-,344.79,-,0.00,0/0
2023-10,WIDENING TO 2 LANE WITH PAVED SHOULDERS FROM DESIGN KM 103.200 (EXISTING KM 103.200) TO DESIGN KM 11,MoRTH,N24001940,KARNATAKA,1/2023,1/2026,-,166.58,-,0.30,0/0
2023-10,REHABILITATION AND UPGRADATION OF NONGSTOIN TO WAHKAJI SECTION OF PROJECT ROAD KM 0.000 TO KM 43.06,MoRTH,N24001441,MEGHALAYA,8/2020,2/2022,12/2023,302.88,-,91.62,0/0
2023-10,WIDENING FROM TWO LANE TO TWO LANE WITH PAVED SHOULDER FROM KM 34/000 TO 49/000 AND TWO LANE TO FOUR,MoRTH,N24001454,TAMIL NADU,2/2022,8/2022,-,184.15,-,102.81,2/4
2023-10,6 LANING FROM KM 9.90 TO KM 19.948 (ARAMGARH-SAMSHABAD SECTION) OF HYDERABAD- SAMSHABAD SECTION OF NH,MoRTH,N24000987,TELANGANA,1/2018,5/2020,12/2022,283.15,-,260.07,0/0
2023-10,REHABILITAITON AND UPGRADATION OF REPALLE TO EEPPURPALEM SECTION FROM KM 128/927 TO KM 195/000 OF NH,MoRTH,N24000970,ANDHRA PRADESH,1/2017,1/2018,2/2023,576.48,686.13,669.74,3/4
2023-10,WIDENING AND STRENTHENING FROM KM 70.15 TO KM 121.025 OF NH-80,MoRTH,N24001875,BIHAR,3/2021,1/2025,-,477.54,-,61.57,0/0
2023-10,CONSTRUCTION OF MISSING LINKS (SINGLE LANE) IN LAKHPAT GADULI,,,,10/2018,11/2020,5/2024,400.76,394.44,278.95,3/4
2023-10,WIDENING AND STRENGTHENING OF EXISTING CARRIAGEWAY IN 2 LANE WITH PAVED SHOULDERS FROM KM.25/0 TO 59,MoRTH,N24000989,TELANGANA,2/2018,6/2020,1/2021,206.13,-,187.55,0/0
2023-10,REHABILITATION AND UPGRADING TO 2 LANES/2 LANE WITH PAVED SHOULDERS (KM 40 TO KM 219.945) OF NH-104,MoRTH,N24000531,BIHAR,1/1991,/,12/2023,319.68,404.10,407.91,0/0
2023-10,"CONSTRUCTION OF ELEVATED CORRIDOR FROM KM. 135.650 TO 136.300 ON 63, FROM KM. 249 TO KM. 250.050 ON",MoRTH,N24001938,KARNATAKA,6/2021,6/2024,-,298.00,-,0.00,0/0
2023-10,CONSTRUCTION OF BYPASS ON NH- 59 FROM KM 336/350 TO 349/910 (13.56 KM) NEAR BERHAMPUR TOWN INCLUDING,MoRTH,N24001859,ODISHA,3/2021,3/2024,-,196.94,-,15.82,0/0
2023-10,WIDENING TO 4 LANE FROM KM. 133.00 TO 158.04 (DESIGN CHAINAGE KM. 130.88 TO 155.145) (SHIRUR CROSS T,MoRTH,N24001941,KARNATAKA,1/2023,1/2025,-,350.69,-,0.00,0/0
2023-10,WIDENING AND STRENGTHENING TO TWO LANE WITH PAVED SHOULDERS FROM KM 491/000 TO KM 525/200 OF RAIPUR,MoRTH,N24001385,ANDHRA PRADESH,6/2020,5/2021,11/2022,221.40,-,170.88,2/4
2023-10,KOLDE TO KHETIYA,MoRTH,N24001090,MAHARASHTRA,1/2017,7/2019,-,509.18,-,283.13,2/4
2023-10,BALANCE WORK 2-LANING OF LALPUL MANMAO CHANGLANG ROAD (NH-215) ON EPC MODE IN THE STATE OF ARUNACH,MoRTH,N24001372,ARUNACHAL PRADESH,2/2021,3/2024,-,588.09,-,290.92,0/0
2023-10,CONSTRUCTION OF NEW FOUR LANE BYPASS TO PARBHANI CITY (PARWA TO ASOLA) KM 463/265 TO KM 481/180 (DES,MoRTH,N24001882,MAHARASHTRA,3/2022,10/2024,-,496.64,-,0.00,0/0
2023-10,4-LANNING OF NH17 AND NEW NO. NH66 FROM KM 241/300 TO 281/300 UNDER HYBRID ANNUITY MODE,MoRTH,N24000585,MAHARASHTRA,3/2016,/,-,"1,101.58",-,608.53,0/0
2023-10,STRENGTHENING AND WIDENING TO TWO LANE WITH PAVED SHOULDERS FROM KM.106.00 TO 153.00 OF NH-218 BIJAP,MoRTH,N24000334,KARNATAKA,3/2015,11/2015,6/2023,165.67,-,126.47,0/0
2023-10,CHIKALI TO DHAD,MoRTH,N24001061,MAHARASHTRA,3/2018,12/2019,-,189.46,189.00,111.73,2/4
2023-10,CONSTRUCTION OF FOUR LANE ROB AND ITS APPROACHES IN LIEU,,,,11/2021,6/2025,-,154.49,-,28.89,0/0
2023-10,CONSTRUCTION OF NEW 4-LANE BRIDGE (PARALLEL TO EXISTING VIKRAMASHILA SETU)FROM KM 8+920 TO KM 13+375,MoRTH,N24001877,BIHAR,7/2020,5/2027,-,"1,110.23",-,92.11,0/0
2023-10,"UP-GRADATION OF TIRORA-GONDIA, STATE HIGHWAY FROM EXISTING KM 163+213 (ON SH-335, TIRORA) TO KM 191+",MoRTH,N24001888,MAHARASHTRA,8/2021,4/2023,-,288.14,-,53.99,0/0
2023-10,WIDENING OF EXISTING ROAD TO 2 LANE WITH PAVED SHOULDER FROM HUKANJURI TO KHONSA SECTION OF NH-315A,MoRTH,N24001376,ARUNACHAL PRADESH,3/2021,3/2027,-,182.55,-,79.09,0/0
2023-10,SATARA TO MHASWAD,MoRTH,N24001092,MAHARASHTRA,1/2017,7/2019,-,653.46,-,369.62,2/4
2023-10,RECONSTRUCTION WITH GEOMETRIC IMPROVEMENT OF EXISTING 2 LANE/INTERMEDIATE LANE TO 2LANE WITH PAVED S,MoRTH,N24000772,UTTARAKHAND,12/2017,12/2019,-,257.34,-,156.63,0/0
2023-10,WIDENING OF EXISTING SINGLE LANE / INTERMEDIATE LANE ROAD TO 2 LANE FROM KM 101 TO KM 125 OF NH 61 I,MoRTH,N24001465,NAGALAND,6/2020,9/2024,9/2024,252.19,-,0.28,0/0
2023-10,WIDENING TO 4/6/8 LANES OF EXISTING NH-17 FROM KM 522/615 (NEAR GMC) TO KM 530/850 JOINING NEW ZUIAR,MoRTH,N24000516,GOA,12/2015,/,-,819.95,-,709.30,0/0
2023-10,BALANCE WORK FOR REHABILITATION AND UPGRADATION OF SATNA-BELA SECTION OF NH-75 FROM KM. 155.0 TO KM.,MoRTH,N24001151,MADHYA PRADESH,11/2017,3/2018,3/2022,392.33,470.72,436.44,0/0
2023-10,NH440 RAYACHOTY TOVEMPALLI 2LPS,MoRTH,N24001934,ANDHRA PRADESH,12/2021,5/2024,-,439.82,-,112.56,0/0
2023-10,"DEVELOPMENT OF 4-LANING SECTION OF NH-31 FROM KM 551.36 (GHOSHPUKUR) TO KM 563.26 (BIHAR MORE, BAGDO",MoRTH,N24000883,WEST BENGAL,3/2018,10/2020,1/2024,254.30,254.30,178.91,0/0
2023-10,UPGRADATION AND REHABILITATION TO TWO LANE WITH PAVED SHOULDER OF GHAGARIYA- MUNABAO SECTION FROM KM,MoRTH,N24001869,RAJASTHAN,12/2022,8/2025,-,235.15,-,0.00,0/0
2023-10,CONSTRUCTION OF BYPASS TO NAYAGARH TOWN FROM KM 235.469 TO 252.482 OF NH-57 INCLUDING,,,,1/2022,4/2025,-,300.33,-,130.56,0/0
2023-10,WIDENING TO TWO LANE WITH PAVED SHOULDER FROM KM 544.200 TO KM 594.000 OF NH-150A HOSMANE CROSS – PA,MoRTH,N24001156,KARNATAKA,1/2017,9/2017,5/2023,166.67,-,198.17,0/0
2023-10,DHANGIPIMPRI TO JALNA AND AMBAD CHOWK TO MANTH CHOWK,MoRTH,N24001064,MAHARASHTRA,3/2018,2/2020,-,217.14,217.00,157.89,2/4
2023-10,CONSTRUCTION OF BRIDGE INCLUDING APPROACHES ACROSS RIVER ZUARI ON NH-17 (NH-66) ON PANJIM-MANGALORE,MoRTH,N24000444,GOA,10/2015,/,-,936.40,-,708.69,0/0
2023-10,WAKAN PALI KHOPOLI,MoRTH,N24001026,MAHARASHTRA,1/2017,5/2019,-,376.19,-,118.74,2/4
2023-10,IMPROVEMENT AND UPGRADATION TO TWO LANE WITH PAVED SHOULDER CONFIGURATION FROM EXISTING KM 55.00 TO,MoRTH,N24001469,UTTAR PRADESH,11/2021,5/2024,-,307.11,-,74.42,0/0
2023-10,PARLI PIMPLA DAHIGUDA,MoRTH,N24001138,MAHARASHTRA,2/2017,6/2019,-,205.72,206.00,85.71,2/4
2023-10,WIDENING AND STRENGTHENING TO 2L+PS INCLUDING LA OF KANDARPUR-BALIKUDA FROM KM 277/500 TO 318/970 OF,MoRTH,N24001858,ODISHA,3/2022,6/2025,6/2025,499.79,-,148.28,0/0
2023-10,WIDENING TO TWO LANE WITH PAVED SHOULDERS FROM 24.600 TO 70.063 OF MUDIGERE TO KADUR SECTION OF NH-,MoRTH,N24001161,KARNATAKA,12/2017,1/2019,4/2022,297.30,-,279.03,0/0
2023-10,WIDENING AND STRENGTHENING/RECONSTRUCTIO N TO TWO LANE WITH PAVED SHOULDER/ TWO LANE WITH PAVED SHOUL,MoRTH,N24001925,JHARKHAND,3/2022,8/2025,-,423.18,-,0.00,0/0
2023-10,ALLAHGANJ TO MIRANPUR KATRA SECTION OF NH-730C FROM KM.52.770 TO 114.00,MoRTH,N24001463,UTTAR PRADESH,4/2020,7/2024,-,294.84,-,174.77,0/0
2023-10,REHABILITATION AND UPGRADATION OF LOSARI- MACHAVARAM SECTION FROM KM34/230 TO KM84/550 OF NH214(NH216,MoRTH,N24000967,ANDHRA PRADESH,3/2016,9/2016,10/2022,444.84,459.37,420.74,3/4
2023-10,WIDENING TO 2-LANE WITH PAVED SHOULDER FROM KM 0.00 TO 44.00 (KURU-GHAGHRA SECTION) OF NH- 143A INCLU,MoRTH,N24001922,JHARKHAND,2/2020,8/2023,-,153.01,-,76.62,0/0
2023-10,4 LANING OF ITANAGAR TO BANDARDEWA SECTION OF NH-415,,,,6/2020,3/2027,-,496.47,-,104.15,0/0
2023-10,BARELA-MANDLA SECTION OF NH- 12A IN MADHYA PRADESH KM 22/8 TO KM 89/6 OF NH-12A,MoRTH,N24000378,MADHYA PRADESH,6/2015,/,-,390.51,-,306.63,0/0
2023-10,JALGAON TO NANDURA,MoRTH,N24001088,MAHARASHTRA,3/2018,12/2019,-,177.84,177.00,110.20,0/0
2023-10,NH167AD FROM MACHERLA TO DACHEPALLI FROM KM.0.000 TO 43.659 TO 2LPS,MoRTH,N24001951,ANDHRA PRADESH,1/2022,1/2025,-,403.22,-,91.69,0/0
2023-10,MANTHA TALUKAS BORDER TO PARTUR,MoRTH,N24001033,MAHARASHTRA,1/2017,7/2019,-,486.19,-,315.19,3/4
2023-10,CONSTRUCTION OF 4-LANE GREEN FIELD HIGHWAY FROM KM. 35.000 TO KM. 49.155 OF NH-731A WITH PAVED SHOUL,MoRTH,N24001929,UTTAR PRADESH,1/2022,10/2025,-,697.66,-,113.26,0/0
2023-10,NASRATPUR TO BARASGAON,MoRTH,N24001112,MAHARASHTRA,7/2016,9/2019,-,406.54,407.00,274.30,3/4
2023-10,REHABILITATION AND UPGRADATION OF KARNATATKA/AP BORDER-GOOTY SECTION FROM KM 368.920 TO KM 424.225 O,MoRTH,N24000940,ANDHRA PRADESH,3/2016,5/2016,2/2023,995.09,995.00,643.54,3/4
2023-10,AHMADPUR TO PIMPLA,MoRTH,N24001029,MAHARASHTRA,1/2017,8/2019,-,422.38,-,262.59,3/4
2023-10,NH165 FROM KM 0.000 TO KM 64.020 PAMARRU TO AKIVEEDU SECTION TO TWO LANE WITH PAVED SHOULDERS,MoRTH,N24001939,ANDHRA PRADESH,3/2020,9/2023,-,529.24,-,196.34,0/0
2023-10,CONSTRUCTION OF 2 LANE ROAD OF POTIN TO PANGIN SECTION OF NH 13 FROM KM 163.59 TO KM 206.66 (PACKAGE,MoRTH,N24001297,ARUNACHAL PRADESH,3/2019,3/2027,-,450.65,-,308.97,0/0
2023-10,CONSTRUCTION OF 2 LANE ROAD OF POTIN TO PANGIN SECTION OF NH 13 FROM KM 247.05 TO KM 284.92 (PACKAGE,MoRTH,N24001294,ARUNACHAL PRADESH,3/2019,3/2027,-,560.39,-,563.29,0/0
2023-10,KARWANDI TO RAJURI,MoRTH,N24001058,MAHARASHTRA,3/2018,12/2019,-,276.95,277.00,160.94,2/4
2023-10,BALANCE WORK OF REHABILITATION AND UP- GRADATION TO NH-166F FROM,,,,7/2021,11/2023,-,256.54,-,64.22,0/0
2023-10,ANJANGAON TO MAH/MP BORDER,MoRTH,N24001007,MADHYA PRADESH,1/2017,6/2019,-,359.00,359.00,326.56,2/4
2023-10,KOTHARI TO DHANORA,MoRTH,N24001073,MAHARASHTRA,9/2018,8/2020,-,301.38,377.18,240.32,0/0
2023-10,WIDENING TO 2-LANE WITH PAVED SHOULDERS FROM KM 119/017 TO KM 161/300 ON NH 85 (OLD NH 49),MoRTH,N24001370,KERALA,2/2017,9/2017,1/2023,380.76,372.87,331.40,0/0
2023-10,CONSTRUCTION OF 4 LANE ELEVATED VIADUCT AT KM. 7.500 MUNSHI PULIA OF NH-24A,MoRTH,N24001460,UTTAR PRADESH,12/2021,9/2024,-,170.60,-,83.45,0/0
2023-10,WIDENING OF PACHPADRA- BAGUNDI SECTION TO 4 LANE FROM KM 73/60 TO 95/70 OF NH-25 ON EPC MODE IN THE,MoRTH,N24001528,RAJASTHAN,1/2022,12/2024,-,194.88,-,15.72,0/0
2023-10,REHABILITATION AND UP GRADATION TO 2 LANE WITH PAVED SHOULDER OF NH-703A FROM MAKHU (DESIGN CH 0 000,MoRTH,N24000910,PUNJAB,3/2018,11/2020,-,170.57,192.48,94.84,0/1
2023-10,WIDENING TO TWO LANE WITH PAVED SHOULDER FROM KM 4.40 TO KM 56.00 OF NH-218 BIJAPURA- HUBLI SECTION U,MoRTH,N24001172,KARNATAKA,1/2017,8/2017,6/2022,291.49,-,243.14,0/0
2023-10,WIDEINING TO TWO/FOUR LANE WITH PAVED SHOULDERS FROM EXISTING KM 182.120 TO KM 227.600 OF NH-167 ON,MoRTH,N24000980,TELANGANA,10/2016,2/2019,6/2022,298.32,-,178.25,0/0
2023-10,NH167B FROM KM 99.103 CS PURAM TO KM 143.320 MALAKONDA TO 2LPS,MoRTH,N24001949,ANDHRA PRADESH,12/2021,3/2024,-,277.30,-,24.81,0/0
2023-10,PANDHARPUR TO SANGOLA,MoRTH,N24001102,MAHARASHTRA,7/2017,7/2019,-,218.38,-,182.63,2/4
2023-10,RECONSTRUCTION WITH GEOMETRIC IMPROVEMENT OF EXISTING 2 LANE/INTERMEDIATE LANE TO 2LANE WITH PAVED S,MoRTH,N24000775,UTTARAKHAND,6/2017,6/2019,3/2023,282.08,-,206.46,0/0
2023-10,JINTUR TO PARBHANI,MoRTH,N24001039,MAHARASHTRA,1/2017,/,-,356.66,-,209.48,2/4
2023-10,CONSTRUCTION OF ROB WITH APPROACHES IN LIEU OF L C NO 165 OF AHMEDABAD PALANPUR BETWEEN RAILWAY STAT,MoRTH,N24001427,GUJARAT,6/2020,4/2023,11/2023,166.21,-,97.12,3/4
2023-10,REHABILITATION AND UPGRADATION OF NH219(NEW NH42) FROM KM 244.930 TO 299.775,,,,9/2016,2/2017,1/2022,372.68,-,275.18,4/4
2023-10,"ENGINEERING, PROCUREMENT, AND CONSTRUCTION OF REHABILITATION AND UPGRADING TO 2-LANES/2 -LANE WITH P",MoRTH,N24000576,BIHAR,2/2016,5/2016,10/2023,178.85,225.06,228.63,0/0
2023-10,REHABILITATION AND UPGRADATION OF NH 43 KANKER TO BEDMA SECTION KM. 130 TO 180,MoRTH,N24001217,CHHATTISGARH,1/2016,8/2016,-,497.14,572.66,314.55,0/0
2023-10,NH-30-BHADRACHALAM TO KONTA SECTION 2LPS,MoRTH,N24001953,ANDHRA PRADESH,12/2021,9/2024,-,388.71,-,129.93,0/0
2023-10,CONSTRUCTION OF 2 LANE WITH PAVED SHOULDER FROM KM. 168 TO 183.783 (YESEMYONG TO UNGER) ON MOKOKCHUN,MoRTH,N24001179,NAGALAND,3/2017,11/2020,2/2023,217.35,-,203.31,0/0
2023-10,FOUR LANING OF GAYA-HISUA- RAJGIRI-NALANDA-BIHARSHARIF SECTION (KM0.00 TO 92.935) ON NH- 82 IN BIHAR,MoRTH,N24000579,BIHAR,1/2014,10/2016,-,"1,408.85","2,138.16","1,628.22",0/0
2023-10,4 LANING OF BATHALAPALLI TO MUDIGUBBA SECTION (DESIGN CHAINAGE KM. 96.300 TO 129.300) INCLUDING BATH,MoRTH,N24001931,ANDHRA PRADESH,3/2022,2/2025,-,536.00,-,157.79,0/0
2023-10,WIDENING OF EXISTING SINGLE/INTERMEDIATE LANE ROAD TO 2 LANE ROAD FROM KM. 83.00 TO KM 101.00 ON NH-,MoRTH,N24001180,NAGALAND,3/2019,12/2022,1/2023,237.51,-,200.01,0/0
2023-10,REHABILITATION AND UPGRADATION OF NH-167 FROM DESIGN KM.187.723 TO 234.434 (MIRYALAGUDA TO KODAD SEC,MoRTH,N24000993,TELANGANA,3/2018,9/2020,6/2022,322.81,-,311.63,0/0
2023-10,PALPHATA TO PHULAMBARI,MoRTH,N24001060,MAHARASHTRA,3/2018,12/2019,-,227.19,227.00,141.92,2/4
2023-10,WIDENING AND STRENGTHENING OF EXISTING PAVEEMNT TO TWO LANE WITH PAVED SHOULDERS FROM KM 116.00 TO K,MoRTH,N24001923,JHARKHAND,1/2022,7/2024,-,315.21,-,20.57,0/0
2023-10,2-LANE WITH PS OF BEWAR TO NEAR KARRI VILLAGE SECTION OF NH-92 FROM KM.0.00 TO 30.00 UNDER GNHCP,MoRTH,N24001461,UTTAR PRADESH,4/2020,3/2024,-,236.47,-,61.74,0/0
2023-10,REHABILITATION UPGRADATION OF NH214(NH216) FROM KM41.161 TO KM59.800(GURJANAPALLI TO POLEKURU SECT,MoRTH,N24000966,ANDHRA,1/2016,8/2016,11/2022,348.95,355.69,316.35,3/4
2023-10,DAHEGAON TO KUHI,MoRTH,N24001017,MAHARASHTRA,1/2017,6/2019,-,228.89,229.00,154.82,4/4
2023-10,REHABILITATION AND UPGRADATION OF NH 78 FROM KM 531.250 TO KM 597.946 KUNKURI TO CG JH BORDER SECTIO,MoRTH,N24001224,CHHATTISGARH,3/2017,1/2018,-,423.79,-,328.28,0/0
2023-10,REHABILITATION AND UPGRADATION OF NH 78 FROM KM 373.505 TO 469.300 AMBIKAPUR TO PATHALGAON SECTION,MoRTH,N24001221,CHHATTISGARH,1/2016,10/2016,-,624.98,731.50,568.93,0/0
2023-10,CONSTRUCTION OF 2 LANE ROAD OF POTIN TO PANGIN SECTION OF NH 13 FROM KM 206.66 TO KM 247.05 (PACKAGE,MoRTH,N24001293,ARUNACHAL PRADESH,3/2019,3/2027,-,486.70,-,474.02,0/0
2023-10,WIDENING TO EXISTING SINGLE LANE /INTERMEDIATE LANE TO 2 LANE FROM KM185.00 TO KM 220.00 OF NH-61 (N,MoRTH,N24001466,NAGALAND,3/2021,7/2024,7/2024,297.24,-,69.98,0/0
2023-10,DIGRAS DARWAH KARANJA,MoRTH,N24001013,MAHARASHTRA,1/2017,6/2019,-,391.06,391.00,270.40,0/0
2023-10,CONSTRUCTION OF 2L+PS FROM PASARLAPUDI-DHINDI (105/700 TO 127.500 OF NH-214) OF NH-216,MoRTH,N24000969,ANDHRA PRADESH,1/2017,9/2017,5/2023,263.45,263.45,187.48,1/4
2023-10,CONSTRUCTION OF BYPASS FOR PROVIDING INTER CONNECTIVITY AMONG (NHS) AROUND THE PRATAPGARH CITY (PRAT,MoRTH,N24001423,UTTAR PRADESH,4/2021,9/2023,-,309.48,-,92.51,0/0
2023-10,WIDENING TO TWO LANE WITH PAVED SHOULDERS FROM KM. 33.13 TO KM. 40.23 AND KM. 52.00 TO KM. 71.00 (EX,MoRTH,N24001943,KARNATAKA,9/2022,3/2024,-,172.98,-,0.00,0/0
2023-10,WIDENING TWO LANE WITH PAVED SHOULDERS FROM FROM KM.56.00 TO 106.00 OF NH-218 (218-KNT-2014- 15-775),MoRTH,N24001166,KARNATAKA,3/2015,1/2016,7/2023,159.12,-,131.48,0/0
2023-10,REHABILITATION AND UPGRADATION OF NH 111 FROM KM 163.400 TO 215.800 SHIVNAGAR TO AMBIKAPUR SECTION,MoRTH,N24001218,CHHATTISGARH,11/2015,6/2017,-,335.32,-,329.79,0/0
2023-10,KOPARGAON TO SAVALI VIHIR SECTION,MoRTH,N24001904,MAHARASHTRA,9/2022,7/2024,-,195.38,-,20.85,0/0
2023-10,4-LANING OF ITANAGAR TO BANDARDEWA SECTION OF NH-415 FROM KM 51+700 TO KM 59+199 (PACKAGE-C) ON EPC,MoRTH,N24001374,ARUNACHAL,6/2020,3/2027,-,437.60,-,268.65,0/0
2023-10,REHABILITATION AND UPGRADATION OF NH-42 FROM KM 4-350 TO KM 75-600,MoRTH,N24000422,ANDHRA PRADESH,3/2015,9/2015,8/2017,309.01,-,309.01,0/0
2023-10,SATARA MURVAD PILLOV PANDHARPUR,MoRTH,N24001095,MAHARASHTRA,1/2017,/,-,388.44,-,240.05,0/0
2023-10,SHIROD SHAHPURER TO NANDED,MoRTH,N24001041,MAHARASHTRA,1/2017,7/2019,-,211.34,-,136.33,3/4
2023-10,PAITHAN TO SHIRUR,MoRTH,N24001122,MAHARASHTRA,3/2017,6/2019,-,341.80,-,203.09,2/4
2023-10,REHABILITATION AND UP- GRADATION OF JINTUR- SHIRAD SHAHAPUR SECTION KM 258.300 TO KM 306.300,MoRTH,DESIGN - [N24001885,MAHARASHTRA,2/2023,12/2024,-,414.81,-,0.00,0/0
2023-10,CONSTRUCTION OF BYPASS TO KHORDHA TOWN FROM KM 294/000 TO 300/300 ON NH-57 INCLUDING LA IN THE STATE,MoRTH,N24001861,ODISHA,2/2022,11/2024,-,157.49,-,52.31,0/0
2023-10,WARDHA TO ARVI,MoRTH,N24001150,MAHARASHTRA,2/2018,4/2020,-,313.58,-,230.41,2/4
2023-10,4-LANING OF DERGAON TOWN,NHIDCL,N24001435,ASSAM,3/2020,6/2022,-,287.63,-,395.10,0/4
2023-10,REHABILITATION AND UP GRADATION OF SECTION FROM KM 107.760 TO KM 129.445 (AFTER MIDDLE STRAIT TO HUM,NHIDCL,N24000748,ANDAMAN AND NICOBAR ISLANDS,2/2018,9/2020,1/2023,391.00,-,170.37,2/4
2023-10,AKASH BRIDGE - JESSAMI SECTION PKG-2,NHIDCL,N24001540,MANIPUR,3/2022,2/2025,-,152.11,-,19.35,0/4
2023-10,JORAM – KOLORIANG ROAD FROM EXISTING KM104.850 TO KM 122.60 (PKG-6),NHIDCL,N24001392,ARUNACHAL PRADESH,8/2020,4/2022,7/2023,199.03,-,101.75,3/4
2023-10,UP-GRADATION TO 4-LANE WITH PAVED SHOULDER OF JAMMU- AKHNOOR ROAD SECTION OF NH- 144A FROM GANESH VIHA,NHIDCL,N24000868,JAMMU AND KASHMIR,3/2018,7/2021,8/2023,253.44,-,170.23,2/4
2023-10,2 LANING OF KOHIMA - JESSAMI SECTION (PACKAGE II),NHIDCL,N24001282,NAGALAND,3/2020,6/2022,2/2023,355.79,-,109.24,2/4
2023-10,KARGIL-ZANSKR PACKAGE-2,NHIDCL,N24001344,LADAKH,3/2021,1/2023,11/2023,404.89,-,56.24,1/4
2023-10,REHABILITATION AND UP GRADATION OF SECTION FROM KM,,,,3/2018,9/2020,11/2022,234.27,-,126.50,3/4
2023-10,2-LANING FROM JOLAIBARI - BELONIA,NHIDCL,N24001317,TRIPURA,6/2020,1/2022,6/2023,201.99,287.47,121.50,3/4
2023-10,CONSTRUCTION OF 2-LANE WITH PAVED SHOULDER OF KOHIMA- BYPASS ROAD FROM DESIGN KM10.500 TO 21.00KM,NHIDCL,D - [N24001255,NAGALAND,9/2020,10/2022,4/2024,277.44,-,143.80,2/4
2023-10,KEIFANG - TUVAI PKG-1,NHIDCL,N24001440,MIZORAM,9/2021,5/2023,2/2024,492.94,492.94,257.78,0/4
2023-10,KAILASHAHAR TO KHOWAI PKG-4,NHIDCL,N24001309,TRIPURA,11/2020,6/2022,6/2023,159.13,171.50,70.02,3/4
2023-10,LADDA - BASAI,NHIDCL,N24001316,ARUNACHAL PRADESH,2/2021,4/2023,2/2024,445.96,-,84.92,2/4
2023-10,CHURACHANPUR TUIVAI PKG-3,NHIDCL,N24001405,MANIPUR,7/2021,10/2023,2/2024,673.27,-,281.57,2/4
2023-10,MARIAM - PEREN (PKG 1B),NHIDCL,N24001350,MANIPUR,2/2021,12/2022,-,188.36,-,85.97,3/4
2023-10,CONSTRUCTION OF 2-LANE WITH PAVED SHOULDER OF NEW GREEN FIELD ALIGNMENT FROM CHOCHENPHERI AT KM 52.0,NHIDCL,N24001338,SIKKIM,10/2020,12/2023,9/2024,816.79,786.60,208.67,1/4
2023-10,CONSTRUCTION AND UPGRADATION OF EXISTING ROAD TO 2-LANE WITH PAVED SHOULDER FROM KM27.200 (END OF RO,NHIDCL,N24001336,SIKKIM,8/2020,4/2023,9/2023,230.45,244.91,193.48,3/4
2023-10,RECONSTRUCTION WITH GEOMETRIC IMPROVEMENT OF EXISTING 2 LANE/INTERMEDIATE LANE TO 2LANE WITH PAVED S,NHIDCL,N24000821,ANDAMAN AND NICOBAR ISLANDS,11/2017,11/2019,-,257.34,-,214.90,0/0
2023-10,WIDENING AND UP-GRADATION TO 2-LANE WITH PAVED SHOULDER CONFIGURATION AND GEOMETRIC IMPROVEMENTS FRO,NHIDCL,N24000864,MIZORAM,4/2017,4/2024,7/2024,404.29,723.80,467.71,2/4
2023-10,CONSTRUCTION OF 2-LANE ROAD WITH PAVED SHOULDERS FROM KM16.00 OF ROING-HUNLI SECTION TO KM 21.500 OF,NHIDCL,N24000946,ARUNACHAL PRADESH,3/2017,3/2022,12/2023,"1,718.59","1,718.59",656.26,2/4
2023-10,4 LANING FROM JAMUGURI TO BISWANATH CHARIALI FROM KM 182 TO KM 208 OF NH-52,NHIDCL,N24000431,ASSAM,1/1991,6/2019,6/2019,520.01,-,284.45,3/4
2023-10,2-LANING OF KHOWAI -AGARTALA SECTION FROM DESIGN KM 6.500 TO KM 19.300 OF NH-208A PKG-1,,,,3/2020,7/2022,3/2023,165.54,-,85.02,3/4
2023-10,CONSTRUCTION OF 4.5 KM LONG SILKYARA TUNNEL BETWEEN KM 25.40 TO 50.25 KM (TUNNEL WORK),NHIDCL,N24000855,UTTARAKHAND,3/2018,7/2022,7/2022,"1,383.78",-,581.00,3/5
2023-10,RISHI BORDER- ROLEP- MENLA PKG- 2A,NHIDCL,N24001361,SIKKIM,1/2021,9/2023,1/2025,332.20,-,125.78,1/4
2023-10,WIDENING/IMPROVEMENT TO 4- LANE WITH PAVED SHOULDER FROM CH.75.330KM TO CH.88.00KM (DESIGN CH.71.800,NHIDCL,N24001248,ASSAM,8/2020,4/2022,-,208.84,-,102.78,1/4
2023-10,(I) CONSTRUCTION OF FOUR/SIX LANING FROM KM 132.375 TO KM 158.058 (TOTAL NEW ALIGNMENT LENGTH OF 20.,NHIDCL,N24000752,NAGALAND,2/2017,9/2020,8/2022,387.00,-,385.45,3/4
2023-10,4 LANING OF NH-37 SECTION BETWEEN DEMOW TO END OF MORAN BYPASS (FROM KM. 534.800 TO KM. 561.700) O,NHIDCL,N24000582,ASSAM,1/2016,1/2016,-,294.17,-,254.17,3/4
2023-10,FOUR LANING OF DIMAPUR KOHIMA ROAD FROM DESIGN KM 123.840 TO KM 138.775 (EXISTING KM 124.100 TO KM 1,NHIDCL,N24000686,NAGALAND,3/2016,9/2019,9/2019,373.07,489.01,377.90,3/4
2023-10,KHELLANI-KHANABAL PKG-2,NHIDCL,N24001394,JAMMU AND KASHMIR,7/2021,2/2023,-,512.43,-,44.12,1/4
2023-10,2 LANING OF KOHIMA - JESSAMI SECTION (PACKAGE I),NHIDCL,N24001280,NAGALAND,3/2020,6/2022,3/2023,320.97,-,178.64,3/4
2023-10,CONSTRUCTION OF 2 LANING OF EXISTING HUNLI-ANINI ROAD ON EPC BASIS FROM DESIGN KM 106.200 TO KM 120.,NHIDCL,N24000944,ARUNACHAL PRADESH,12/2016,1/2020,1/2023,200.44,200.44,152.14,3/4
2023-10,CONSTUCTION/UPGRADATION OF EXISTING HIGHWAY TO 2 LANE WITH PAVED SHOULDER FROM KM 26.10 TO KM 40.00,NHIDCL,N24001254,SIKKIM,3/2020,6/2022,7/2023,242.97,-,212.10,3/4
2023-10,TWO-LANING OF HAYULIANG– HAWAI BYPASS ROAD ON EPC BASIS FROM DESIGN KM. 51.825 TO KM. 63.131 EXISTI,NHIDCL,N24000979,ARUNACHAL PRADESH,1/2017,5/2023,5/2023,256.66,-,0.00,1/4
2023-10,WIDENING AND UP-GRADATION TO 2-LANE WITH PAVED SHOULDER CONFIGURATION AND GEOMETRIC IMPROVEMENTS FRO,NHIDCL,N24000862,MIZORAM,4/2017,4/2023,10/2023,537.82,820.42,643.95,3/4
2023-10,CONSTRUCTION OF TWO LANE WITH PAVED SHOULDER OF SELLING-DULTE SECTION OF NH-06 (PKG-III),NHIDCL,N24001281,MIZORAM,3/2020,7/2022,8/2023,292.24,331.17,241.27,2/4
2023-10,2 LANING OF KOHIMA - JESSAMI SECTION (PACKAGE V),NHIDCL,N24001287,NAGALAND,4/2020,12/2021,12/2022,330.80,-,83.11,2/4
2023-10,2 LANING FROM MANU-SIMLUNG PKG-2,NHIDCL,N24001542,TRIPURA,2/2022,1/2025,-,456.88,-,25.80,1/4
2023-10,MARIAM - PEREN PKG-1A,NHIDCL,N24001349,MANIPUR,2/2021,12/2022,-,226.32,-,52.05,1/4
2023-10,CONSTRUCTION OF TWO LANE WITH HARD SHOULDERS OF MERANGKONG-TAMLU-MON ROAD FROM EXISTING KM 41.065 TO,NHIDCL,N24000764,NAGALAND,3/2018,10/2022,10/2022,272.89,-,154.00,0/4
2023-10,CONSTRUCTION OF 2-LANE SPECIFICATION ROAD WITH PAVED SHOULDER AS REALIGNMENT (GREENFIELD ALIGNMENT),NHIDCL,N24001325,SIKKIM,9/2020,5/2023,-,262.84,414.20,202.40,1/4
2023-10,KHELLANI-KHANABAL PKG-6,NHIDCL,N24001324,JAMMU AND KASHMIR,2/2021,9/2022,-,285.28,-,218.89,3/4
2023-10,UP-GRADATION TO 2-LANE WITH PAVED SHOULDER FROM KM 20.300 TO KM 29.030 OF 8.730 KM LENGTH ON GOHA-K,NHIDCL,N24001266,JAMMU AND KASHMIR,7/2020,4/2022,1/2024,210.79,-,50.36,3/4
2023-10,MARIAM - PEREN (PKG 2A),NHIDCL,N24001398,MANIPUR,7/2021,3/2023,-,204.58,-,126.78,3/4
2023-10,2-LANING OF KHOWAI -AGARTALA SECTION FROM DESIGN KM 31.300 TO KM 45.300 OF NH-208A PKG-3,NHIDCL,N24001318,TRIPURA,9/2020,4/2022,10/2022,173.17,-,71.74,1/4
2023-10,WIDENING AND UP-GRADATION TO 2-LANE WITH PAVED SHOULDER CONFIGURATION AND GEOMETRIC IMPROVEMENTS FRO,NHIDCL,N24000858,MIZORAM,4/2017,7/2023,2/2024,640.07,"1,134.72",978.96,3/4
2023-10,CONSTRUCTION OF TWO LANE WITH PAVED SHOULDERS OF JORAM KOLORIANG ROAD (NH 713) ON EPC BASIS FROM EXI,NHIDCL,N24000685,ARUNACHAL PRADESH,2/2017,4/2022,7/2023,167.28,229.70,144.44,3/4
2023-10,DABOKA KATHKATI PACKAGE-5,NHIDCL,N24001366,ASSAM,3/2021,1/2023,-,288.85,-,124.59,0/4
2023-10,CONSTRUCTION OF 2-LANING WITH HARD SHOULDERS OF DEMWE- BRAHMAKUND SECTION OF NH-13 FROM CH.0.00 KM TO,NHIDCL,N24001245,ARUNACHAL PRADESH,9/2020,5/2022,10/2022,353.90,-,41.82,1/4
2023-10,RANIKOR-MAHESHKHOLA-,,,,3/2021,12/2022,-,260.21,-,152.81,2/4
2023-10,DULTE- KWALKULH - CHAMPAI PKG.2,NHIDCL,N24001356,MIZORAM,3/2021,12/2022,7/2023,233.25,233.25,157.59,3/4
2023-10,4 LANING FROM RANGAGARA TO KALIABHOR TINALI FROM KM 297.00 TO KM 315.315 OF NH-37 ON EPC BASIS.,NHIDCL,N24000438,ASSAM,12/2015,12/2018,7/2021,289.99,-,224.57,2/4
2023-10,DEMBUEN - BRUNI,NHIDCL,N24001321,ARUNACHAL PRADESH,12/2020,3/2023,3/2024,606.63,606.63,278.25,3/4
2023-10,OUR LANNNING OF DOLABARI TO JAMUGURI SECTION FROM KM 17.300 OF NH 37A TO KM 182.00 OF NH52 IN THE ST,NHIDCL,N24001196,ASSAM,3/2017,8/2023,-,"1,049.51",-,315.55,2/4
2023-10,"2 LANE WITH HARD SHOLDER , REHABILITATION AND UP GRADATION OF SECTION FROM KM 242.0 TO KM 298.0 OF N",NHIDCL,N24000745,ANDAMAN AND NICOBAR ISLANDS,3/2017,12/2019,3/2023,409.85,-,209.68,3/4
2023-10,KAILASHAHAR TO KHOWAI PKG-3,NHIDCL,N24001310,TRIPURA,11/2020,7/2022,4/2023,280.91,296.48,202.06,3/4
2023-10,CONSTRUCTION OF 2-LANE WITH HARD SHOULDER OF PEREN- DIMAPUR SECTION ON NH129A FROM DESIGN KM109.494 T,NHIDCL,N24001260,NAGALAND,9/2020,4/2022,2/2023,257.15,-,127.43,2/4
2023-10,CONSTRUCTION AND UPGRADATION OFEXISTINGROAD TO 2-LANE WITH PAVED SHOULDER INCLUDING GEOMETRIC IMPROV,NHIDCL,N24001261,SIKKIM,8/2020,4/2023,1/2024,311.00,273.78,202.59,2/4
2023-10,UPGRADATION OF EXISTING ROAD TO 2-LANE WITH PAVED SHOULDER FROM KOHIMA TO MAO FROM KM 185.540 TO KM,NHIDCL,N24001259,NAGALAND,9/2020,4/2022,3/2023,315.63,-,59.24,2/4
2023-10,IMPROVEMENT/WIDENING TO 2-L WITH PAVED SHOULDER FROM (DESIGN KM 0.00 TO KM 10.670) / 4- LANING FROM (,NHIDCL,N24001313,MEGHALAYA,11/2020,12/2023,10/2025,351.12,-,181.82,0/4
2023-10,IMPROVEMENT/UPGRADATION OF EXISTING 2-LANE TO 4-LANE DIVIDED HIGHWAY FROM TAPHOU KUKI TO DAILI SECTI,NHIDCL,N24001274,MANIPUR,8/2020,4/2022,-,379.39,-,186.51,2/4
2023-10,CONSTRUCTION OF 2-LANE ROAD WITH PAVED SHOULDER (GREENFIELD ALIGNMENT) OF EXISTING STRETCH BETWEEN L,NHIDCL,N24001322,SIKKIM,9/2020,5/2022,-,183.31,439.56,328.18,1/4
2023-10,IMPHAL - KHONGSANG PKG-4,NHIDCL,N24001453,MANIPUR,8/2021,12/2023,-,579.63,-,61.46,1/4
2023-10,TAMENGLONG - MAHUR PKG-3,,,,3/2021,12/2022,-,234.08,-,112.75,3/4
2023-10,DABOKA KATHKATI PACKAGE-4,NHIDCL,N24001365,ASSAM,2/2021,12/2023,-,260.07,-,290.49,3/4
2023-10,TLABUNG - LUNGLEI PKG-A,NHIDCL,N24001358,MIZORAM,3/2021,12/2022,10/2023,698.44,698.45,237.41,1/4
2023-10,2-LANING FROM MANU-SIMLUNG ( PKG I),NHIDCL,N24001247,TRIPURA,3/2020,1/2022,10/2022,247.76,251.89,151.36,3/4
2023-10,WIDENING AND UP-GRADATION TO 2-LANE WITH PAVED SHOULDER CONFIGURATION AND GEOMETRIC IMPROVEMENTS FRO,NHIDCL,N24000863,MIZORAM,4/2017,6/2023,2/2024,518.53,902.20,643.26,3/4
2023-10,CONSTRUCTION OF 2 LANING OF EXISTING HUNLI-ANINI ROAD ON EPC BASIS FROM DESIGN KM 53.500 TO KM 92.50,NHIDCL,N24000948,ARUNACHAL PRADESH,9/2016,12/2019,3/2023,568.92,568.92,508.65,3/4
2023-10,IMPROVEMENT AND WIDENING TO 2-LANE WITH EARTHEN PAVED SHOULDER FROM UDAIPUR TO SRIMANTAPUR,NHIDCL,N24001914,TRIPURA,5/2023,11/2024,-,195.95,-,0.00,0/0
2023-10,TWO LANING OF JORAM KOLORIANG ROAD (NH 713) ON EPC BASIS FROM DESIGN KM. 138+000 TO KM. 154+036,NHIDCL,EX - [N24000683,ARUNACHAL PRADESH,2/2017,11/2023,11/2023,180.57,244.10,104.80,2/4
2023-10,"CONSTRUCTION, OPERATION AND MAINTENANCE OF Z-MORH TUNNEL INCLUDING APPROACHES ON NH-01 SRINAGAR-SONA",NHIDCL,N24001253,JAMMU AND KASHMIR,12/2019,12/2023,-,"2,680.42",-,0.00,2/4
2023-10,2-LANING OF CHURACHANDPUR TUIVAI SECTION OF NH-102B (PKG- 2B),NHIDCL,N24001271,MANIPUR,6/2020,8/2022,-,365.53,-,142.51,2/4
2023-10,TULUNGIA-JOGIGHOPA-PAIKAN ROAD PKG-7,NHIDCL,N24001368,ASSAM,3/2021,1/2024,-,286.72,-,37.25,0/4
2023-10,JOGIGHOPA BRIDGE,NHIDCL,N24001434,ASSAM,8/2021,11/2024,-,746.76,-,160.63,0/4
2023-10,WIDENING AND UP-GRADATION TO 2-LANE WITH PAVED SHOULDER CONFIGURATION AND GEOMETRIC IMPROVEMENTS FRO,NHIDCL,N24000865,MIZORAM,4/2017,9/2023,5/2024,428.11,777.50,444.45,3/4
2023-10,IMPROVEMENT/WIDENING TO 2- LANE WITH EARTHEN SHOULDERS FROM RANIKOR TO NONGJRI EXISTING CHAINAGE FROM,NHIDCL,N24000903,MEGHALAYA,3/2019,3/2022,5/2023,306.28,-,196.91,3/4
2023-10,CHANGTONGYA TO LONGLENG ROAD PKG-2,,,,3/2020,6/2022,9/2022,206.53,-,98.69,3/4
2023-10,2 LANING OF KOHIMA - JESSAMI SECTION (PACKAGE III),NHIDCL,N24001284,NAGALAND,3/2020,6/2022,6/2023,361.53,-,120.08,2/4
2023-10,IMPHAL – MOREH (PACKAGE 4),NHIDCL,N24001399,MANIPUR,3/2021,1/2023,-,277.99,-,129.71,3/4
2023-10,CONSTRUCTION OF 2-LANING WITH HARD SHOULDER ROAD OF UKHRUL - TOLOI - TADUBI SECTION OF NH- 102A FROM,NHIDCL,N24001473,MANIPUR,9/2021,2/2024,-,310.76,-,72.39,2/4
2023-10,CONSTRUCTION OF TWO LANE WITH HARD SHOULDERS OF MERANGKONG-TAMLU-MON ROAD FROM EXISTING KM 20.456 TO,NHIDCL,N24000763,NAGALAND,3/2018,12/2021,8/2022,215.79,-,97.45,1/4
2023-10,2-LANING FROM YAINGANGPOKPI TO FINCH CORNER (PKG-II),NHIDCL,N24001332,ASSAM,3/2020,6/2022,5/2024,217.50,-,49.97,1/4
2023-10,2-LANING FROM YAINGANGPOKPI TO FINCH CORNER (PKG-I),NHIDCL,N24001331,ASSAM,3/2020,6/2022,-,261.13,-,51.90,1/4
2023-10,PEREN-DIMAPUR PKG-5,NHIDCL,N24001407,NAGALAND,2/2021,3/2023,-,207.33,-,0.00,0/0
2023-10,TWO- LANE WITH PAVED SHOULDER CONFIGURATION OF IMPHAL - MOREH SECTION OF NH-39 FROM KM 330 TO KM 350,NHIDCL,N24001333,ASSAM,9/2019,5/2023,-,761.54,820.56,430.31,3/4
2023-10,KHELLANI-KHANABAL PKG-4,NHIDCL,N24001395,JAMMU AND KASHMIR,7/2021,8/2023,9/2024,859.67,-,88.31,1/4
2023-10,CONSTRUCTION OF 2-LANING WITH HARD SHOULDERS OF ARROWA- KHUPA-HAYULIANG SECTION OF NH- 113 FROM CH.68.,NHIDCL,N24001244,ARUNACHAL PRADESH,8/2020,4/2022,5/2024,301.06,-,111.78,2/4
2023-10,2 LANE WITH PAVED SHOULDER FROM KM 399.00 TO KM 430.00 OF KARANPARYAG TO CHAMOLI UNDER CHARDHAM PARI,NHIDCL,N24000742,UTTARAKHAND,3/2018,11/2020,12/2022,403.36,-,328.94,3/4
2023-10,KARGIL-ZANSKR PACKAGE-1,NHIDCL,N24001343,LADAKH,3/2021,1/2023,11/2023,384.23,-,54.68,2/4
2023-10,CONSTRUCTION OF 2-LANE WITH PAVED SHOULDER INCLUDING GEOMETRIC IMPROVEMENT FROM KM 16.000 TO KM 32.5,NHIDCL,N24000768,SIKKIM,11/2017,10/2020,8/2023,290.05,-,218.36,3/4
2023-10,IMPHAL - KHONGSANG PKG-3,NHIDCL,N24001401,MANIPUR,7/2021,3/2023,2/2024,467.00,-,144.76,2/4
2023-10,2-LANING OF CHURACHANDPUR TUIVAI SECTION OF NH-102B (PKG- IB),NHIDCL,N24001269,ASSAM,3/2020,3/2022,12/2023,216.49,241.52,101.02,3/4
2023-10,FOUR LANING OF EXISTING,,,,3/2016,8/2022,-,429.52,-,267.69,3/4
2023-10,TAMENGLONG - MAHUR PKG-5,NHIDCL,N24001436,MANIPUR,8/2021,5/2023,12/2023,477.86,-,68.12,1/4
2023-10,KHELLANI-KHANABAL PKG-1,NHIDCL,N24001323,JAMMU AND KASHMIR,3/2021,9/2022,2/2024,486.45,-,98.81,3/4
2023-10,2 LANING OF KOHIMA - JESSAMI SECTION (PACKAGE IV),NHIDCL,N24001285,NAGALAND,3/2020,12/2021,3/2023,330.78,-,204.26,4/4
2023-10,4-L DHUBRI PHULBARI BRIDGE WITH APPROACH ROAD,NHIDCL,N24001326,ASSAM,11/2020,9/2028,-,"4,997.04",-,"1,418.46",1/4
2023-10,IMPROVEMENT/WIDENING TO 2 LANING OF STRETCH FROM KHONGSANG TO TAMENGLONG OF NH-137,NHIDCL,N24001268,MANIPUR,3/2019,7/2022,-,471.00,-,319.81,4/4
2023-10,IMPROVEMENT/UPGRADATION OF EXISTING 2-LANE TO 4-LANE DIVIDED HIGHWAY FROM KURAOPOKPI TO SEKMAI SECTI,NHIDCL,N24001276,MANIPUR,8/2020,4/2022,-,228.97,-,0.00,0/4
2023-10,KAILASHAHAR TO KHOWAI PKG-5,NHIDCL,N24001308,TRIPURA,11/2020,7/2022,4/2023,332.14,-,148.07,3/4
2023-10,KARGIL-ZANSKR PACKAGE-7,NHIDCL,N24001347,LADAKH,1/2021,6/2024,-,308.86,328.60,267.26,3/4
2023-10,4 LANING OF NH 37 SECTION BETWEEN END OF MORAN BYPASS TO BOGIBEEL JUNCTION NEAR LAPETKETA (KM. 561,NHIDCL,N24000583,ASSAM,1/2016,12/2021,12/2019,252.00,330.30,146.28,2/4
2023-10,KARGIL-ZANSKR PACKAGE-6,NHIDCL,N24001346,LADAKH,1/2021,5/2024,-,239.81,265.41,262.67,3/4
2023-10,JAMMU - AKHNOOR SECTION OF NH 144A PKG-3B,NHIDCL,N24001833,JAMMU AND KASHMIR,7/2022,3/2025,-,198.28,-,7.65,0/4
2023-10,JIA BHARALI BRIDGE ALONG WITH ITS APPROACH ROAD,NHIDCL,N24001328,ASSAM,12/2020,8/2023,-,804.00,-,550.26,2/4
2023-10,CONSTRUCTION OF TWO LANE WITH HARD SHOULDERS OF CHAKABAMA-ZUNHEBOTO ROAD FROM EXISTING KM100.345 TO,NHIDCL,N24000758,NAGALAND,3/2018,12/2021,3/2023,240.64,255.58,172.36,0/4
2023-10,KHELLANI-KHANABAL PKG-5,NHIDCL,N24001396,JAMMU AND KASHMIR,7/2021,2/2023,1/2024,497.09,-,88.65,2/4
2023-10,CONSTRUCTION AND UPGRADATION OFEXISTINGROAD TO 2-LANE WITH PAVED SHOULDER INCLUDING GEOMETRIC IMPROV,NHIDCL,N24001262,SIKKIM,7/2020,4/2023,10/2023,345.38,395.59,315.46,3/4
2023-10,REHABILITATION AND,,,,8/2020,5/2022,-,292.80,-,110.53,1/4
2023-10,DIBRUGARH-LAHOAL-CHABUA BYPASS PACKAGE-3,NHIDCL,N24001832,ASSAM,1/2023,5/2025,-,458.59,-,34.06,0/4
2023-10,DABOKA KATHKATI PACKAGE-2,NHIDCL,N24001364,ASSAM,3/2021,1/2024,-,335.88,-,220.39,2/4
2023-10,RANIKOR- MAHESHKHOLA- BAGHMARA PKG-2,NHIDCL,N24001541,MEGHALAYA,11/2021,6/2024,-,283.50,261.40,98.20,1/4
2023-10,KARGIL-ZANSKR PACKAGE-8,NHIDCL,N24001348,LADAKH,3/2021,1/2023,8/2023,398.37,-,117.30,2/4
2023-10,DULTE- KWALKULH - CHAMPAI PKG.1,NHIDCL,N24001355,MIZORAM,3/2021,12/2022,11/2023,374.39,374.39,272.49,3/4
2023-10,DIBRUGARH-LAHOAL-CHABUA BYPASS PACKAGE-1,NHIDCL,N24001451,ASSAM,3/2022,7/2024,-,215.27,-,67.58,0/4
2023-10,MARIAM - PEREN PKG-2B,NHIDCL,N24001351,MANIPUR,2/2021,12/2022,-,232.26,-,147.43,3/4
2023-10,FOUR LANING OF SRIRAMPUR- DHUBRI PKG-2,NHIDCL,N24001544,ASSAM,3/2022,1/2025,-,909.02,-,104.25,0/4
2023-10,CONSTRUCTION OF 2 LANE WITH HARD SHOULDER FROM DESIGN CHAINAGE KM 283.000 TO KM 325.440 (5- LEGGED J,NHIDCL,N24001475,NAGALAND,3/2022,12/2024,-,605.36,-,96.52,2/4
2023-10,TAMENGLONG - MAHUR PKG-6,NHIDCL,N24001437,MANIPUR,9/2021,5/2023,10/2023,311.18,-,127.75,2/4
2023-10,WIDENING AND UP-GRADATION TO 2-LANE WITH PAVED SHOULDER CONFIGURATION AND GEOMETRIC IMPROVEMENTS FRO,NHIDCL,N24000857,MIZORAM,4/2017,4/2023,1/2024,519.09,775.47,540.34,3/4
2023-10,FOUR LANING OF NH-52 FROM END OF BISWANATH CHARIALI BY-PASS (KM 208.00) TO GOHPUR (KM 265.50) (TOTAL,NHIDCL,N24000823,ASSAM,3/2015,1/2016,-,829.00,-,860.48,2/3
2023-10,CONSTRUCTION OF MAJOR BRIDGE OVER MIDDLE STRAIT CREEK BETWEEN KM. 106.590 TO KM. 107.762 OF NH 223 (,NHIDCL,N24000744,ANDAMAN AND NICOBAR ISLANDS,3/2015,1/2022,-,262.97,-,92.73,2/4
2023-10,2-LANING OF CHURACHANDPUR TUIVAI SECTION OF NH-102B (PKG- 4B),NHIDCL,N24001273,MANIPUR,7/2020,8/2022,-,177.76,-,70.23,2/4
2023-10,KARGIL-ZANSKR PACKAGE-5,NHIDCL,N24001330,LADAKH,8/2020,12/2023,-,169.79,217.99,200.80,3/4
2023-10,TLABUNG - LUNGLEI PKG-B,NHIDCL,N24001359,MIZORAM,3/2021,1/2023,11/2023,740.58,740.58,125.41,0/4
2023-10,REHABITITATION AND UP GRADATION OF NONGSTOIN- RAMBRAI-KYRSHAI ROAD UP TO MEGHALAYA-ASSAM BORDER FROM,NHIDCL,N24001474,MEGHALAYA,9/2021,5/2024,5/2024,359.86,-,181.47,2/4
2023-10,PEREN-DIMAPUR SECTION PKG-2,NHIDCL,N24001406,NAGALAND,7/2021,3/2023,2/2023,258.52,-,57.58,0/4
2023-10,FOUR LANING OF JAMMU-AKHNOOR PKG-1,NHIDCL,N24001543,JAMMU AND KASHMIR,7/2022,1/2025,-,245.34,-,13.52,1/4
2023-10,IMPROVEMENT/UPGRADATION OF EXISTING 2-LANE TO 4-LANE DIVIDED HIGHWAY FROM DAILI TO KURAOPOKPI SECTIO,NHIDCL,N24001275,MANIPUR,8/2020,4/2022,-,268.98,-,22.08,0/4
2023-10,IMPHAL - KHONGSANG PKG-2,NHIDCL,N24001353,MANIPUR,3/2021,12/2022,11/2023,195.14,-,38.85,1/4
2023-10,DABOKA KATHKATI PACKAGE-7,NHIDCL,N24001537,ASSAM,11/2021,7/2024,-,204.10,-,58.42,0/4
2023-10,KHELLANI-KHANABAL PKG-3,NHIDCL,N24001341,JAMMU AND KASHMIR,3/2021,12/2022,11/2023,398.51,-,62.31,2/4
2023-10,IMPHAL – MOREH PACKAGE- 3,NHIDCL,N24001352,MANIPUR,3/2021,12/2022,-,259.31,-,139.57,3/4
2023-10,RISHI BORDER- ROLEP- MENLA PKG- 3B,NHIDCL,N24001362,SIKKIM,12/2020,2/2024,2/2024,410.60,379.30,159.09,1/4
2023-10,CONSTRUCTION OF (I) CONNECTING ROAD FROM Z-MORH TUNNEL TO ZOJILA TUNNEL AND (II) 14.150 KM LONG BI-D,NHIDCL,N24001256,JAMMU AND KASHMIR,8/2020,9/2026,-,"6,808.69",-,"2,674.47",3/7
2023-10,4 LANING OF JORHAT TO JHANJI SECTION FROM KM. 453.00 TO KM. 491.08 (DESIGN KM 403.200 TO KM 454.240),NHIDCL,N24000319,ASSAM,6/2015,8/2023,-,437.39,-,235.64,1/4
2023-10,FOUR LANING OF NUMALIGARH TO JORHAT SECTION FROM KM. 402.500 TO KM. 453.000 (DESIGN KM 403.200 TO KM,NHIDCL,N24000305,ASSAM,5/2015,5/2018,-,454.89,814.56,514.27,3/4
2023-10,WIDENING TO 2-LANE WITH GEOMETRIC IMPROVEMENTS OF TURA DALU ROAD UNDER JICA FUNDING FROM KM 85.000 T,NHIDCL,N24000771,MEGHALAYA,4/2017,9/2021,7/2023,553.51,610.09,294.41,2/4
2023-10,IMPHAL - KHONGSANG PKG-5,NHIDCL,N24001538,MANIPUR,12/2021,5/2024,-,410.68,-,48.66,0/4
2023-10,CONSTRUCTION OF TWO LANE WITH HARD SHOULDERS OF CHAKABAMA-ZUNHEBOTO ROAD,,,,3/2018,9/2022,1/2023,285.68,-,155.93,2/4
2023-10,CONSTRUCTION OF TWO LANE WITH HARD SHOULDERS OF CHAKABAMA-ZUNHEBOTO ROAD FROM EXISTING KM 79.040 TO,NHIDCL,N24000757,NAGALAND,3/2018,12/2021,3/2023,315.03,-,212.85,0/4
2023-10,MERANGKONG-TAMLU-MON (MTM) PKG-5,NHIDCL,N24001438,NAGALAND,7/2021,12/2023,-,161.73,-,32.41,1/4
2023-10,CONSTRUCTION AND UPGRADATION OF EXISTING ROAD TO 2-LANE WITH PAVED SHOULDER FROM NEW ROLEP BRIDGE AT,NHIDCL,N24001337,SIKKIM,10/2020,11/2023,1/2025,493.42,478.79,230.22,1/4
2023-10,CONSTRUCTION OF TWO LANE WITH HARD SHOULDERS OF MERANGKONG-TAMLU-MON ROAD FROM EXISTING KM 60.345 TO,NHIDCL,N24000765,NAGALAND,3/2018,9/2018,6/2023,323.98,-,70.01,0/4
2023-10,REHABILITATION AND UP- GRADATION OF ROAD FROM DESIGN KM 11.800 TO KM 25.250 OF KAILASHAHAR-KURTI BRID,NHIDCL,N24001267,TRIPURA,3/2020,7/2022,8/2023,178.43,-,86.76,4/4
2023-10,JORAM – KOLORIANG ROAD FROM EXISTING KM 70.00 TO KM 88.700 (PKG-4),NHIDCL,N24001391,ARUNACHAL PRADESH,8/2020,4/2022,7/2023,294.04,-,132.18,3/4
2023-10,SPECIAL PROTECTION WORK ON REHABILITATION AND RESTORATION OF SLIDING AND SINKING ZONE FROM RANGPO TO,NHIDCL,N24001913,SIKKIM,3/2017,6/2022,-,165.56,-,0.00,0/0
2023-10,TAMENGLONG - MAHUR PKG-2,NHIDCL,N24001403,MANIPUR,7/2021,3/2023,5/2024,483.87,-,216.98,2/4
2023-10,DIBRUGARH-LAHOAL-CHABUA BYPASS PACKAGE-2,NHIDCL,N24001452,ASSAM,4/2022,7/2024,-,170.95,-,32.09,0/4
2023-10,2-LANING OF CHURACHANDPUR TUIVAI SECTION OF NH-102B (PKG- 4A),NHIDCL,N24001272,MANIPUR,3/2020,6/2022,-,167.95,204.12,77.72,2/4
2023-10,IMPROVEMENT/WIDENING TO 2- LANE WITH PAVED SHOULDER / 4- LANING FROM (DESIGN KM 63.530 TO KM 71.520) B,NHIDCL,N24001335,MEGHALAYA,11/2020,12/2023,-,284.21,-,45.46,0/4
2023-10,IMPROVEMENT/WIDENING TO 2- LANE WITH PAVED SHOULDER FROM (DESIGN KM 45.760 TO KM 63.530) BETWEEN SHIL,NHIDCL,N24001334,MEGHALAYA,11/2020,12/2023,-,445.51,-,191.35,1/4
2023-10,RANIKOR-MAHESHKHOLA- BAGHMARA (RMB) PKG-4 (KANAI- RONGARA),NHIDCL,N24001339,MEGHALAYA,10/2020,4/2022,1/2024,157.86,-,105.01,2/4
2023-10,CONSTUCTION/UPGRADATION OF EXISTING HIGHWAY TO 2 LANE WITH,,,,8/2020,4/2023,8/2023,295.97,-,198.98,2/4
2023-10,CONSTUCTION/UPGRADATION OF EXISTING HIGHWAY TO 2 LANE WITH PAVED SHOULDER FROM KM 0.00 TO KM 13.00 N,NHIDCL,N24001251,SIKKIM,3/2019,4/2022,2/2024,402.94,-,192.94,2/4
2023-10,MANU-SIMLUNG ( PKG 4),NHIDCL,N24001363,TRIPURA,3/2021,12/2022,6/2023,354.79,-,34.08,1/4
2023-10,2-LANING FROM MANU-SIMLUNG ( PKG III),NHIDCL,N24001249,TRIPURA,6/2020,1/2022,7/2023,347.36,-,224.48,4/4
2023-10,DABOKA KATHKATI PACKAGE-6,NHIDCL,N24001450,ASSAM,9/2021,7/2024,-,625.64,-,309.56,0/4
2023-10,4 LANING FROM KALIABOR TINALI TO DOLABARI SECTION FROM KM 0.0 TO KM 17.3 OF NH 37A INCL. ADDITIONAL,NHIDCL,N24000323,ASSAM,10/2014,11/2018,2/2022,588.95,811.28,653.04,3/4
2023-10,(II) CONSTRUCTION OF DIMAPUR BYPASS (ASSAM PORTION) OF 4/6 LANE PAVEMENT ON EPC BASIS FROM EXISTING,NHIDCL,N24000753,NAGALAND,3/2018,11/2022,6/2023,500.09,583.31,299.49,2/4
2023-10,DULTE- KWALKULH - CHAMPAI PKG.3,NHIDCL,N24001357,MIZORAM,3/2021,6/2023,1/2024,674.71,674.71,534.09,3/4
2023-10,REHABILITATION AND UPGRADATION OF ROAD FROM DESIGN KM 0.00 TO KM 11.800 OF KAILASHAHAR-KURTI BRIDGE,NHIDCL,N24001265,TRIPURA,3/2020,7/2022,8/2023,154.51,-,85.73,3/4
2023-10,2-LANING OF CHANGTONGYA TO LONGLENG ROAD OF NH-702 (PKG-I),NHIDCL,N24001286,NAGALAND,3/2020,6/2022,10/2022,278.95,-,161.69,4/4
2023-10,DONIPAWA TO ASHAJIPORA BYPASS PKG-7,NHIDCL,N24001342,JAMMU AND KASHMIR,3/2021,12/2022,-,260.40,-,176.10,2/4
2023-10,CONSTRUCTION OF CHHIATHLANG - SERCHHIP BYPASS (PKG-1) ON AIZAWL-TUIPANG SECTION OF NH- 54,NHIDCL,N24001277,MIZORAM,9/2020,10/2022,7/2023,275.02,-,170.79,1/4
2023-10,FOUR LANING OF BALACHERA- HARANGAJAO SECTION OF NH-54 (EXT) FROM KM 275.00 TO KM 244.000 IN THE STATE,NHIDCL,N24000902,ASSAM,10/2017,6/2020,6/2020,818.00,887.68,712.07,2/4
2023-10,SENAPATI- IMPHAL PKG-5B,NHIDCL,N24001400,MANIPUR,3/2021,1/2023,-,211.70,-,3.49,0/4
2023-10,SRIRAMPUR - DHUBRI PKG-1,NHIDCL,N24001831,ASSAM,3/2022,2/2025,-,613.89,-,0.05,0/4
2023-10,CONSTRUCTION OF TWO LANE WITH PAVED SHOULDER OF SELLING-DULTE SECTION OF NH-06,,,,3/2020,7/2022,7/2023,281.78,253.41,231.12,3/4
2023-10,TULUNGIA-JOGIGHOPA-PAIKAN PKG-5,NHIDCL,N24001367,ASSAM,3/2021,12/2022,-,636.42,-,609.56,1/4
2023-10,CONSTRUCTION OF 2-LANE WITH PAVED SHOULDER OF KOHIMA- BYPASS ROAD FROM DSIGN KM32.0 TO KM43.454,NHIDCL,DES - [N24001258,NAGALAND,8/2020,4/2022,4/2023,202.36,-,62.71,1/4
2023-10,TADADEGE - HENKAR,NHIDCL,N24001315,ARUNACHAL PRADESH,2/2021,3/2023,-,550.45,-,79.79,1/4
2023-10,GOHA-KHELLANI PKG-3,NHIDCL,N24001397,JAMMU AND KASHMIR,2/2021,3/2023,3/2024,431.28,-,206.70,2/4
2023-10,WIDENING AND UP-GRADATION TO 2-LANE WITH PAVED SHOULDER CONFIGURATION AND GEOMETRIC IMPROVEMENTS FRO,NHIDCL,N24000861,MIZORAM,4/2017,4/2023,11/2023,473.18,667.06,474.10,3/4
2023-10,JORAM – KOLORIANG ROAD FROM EXISTING KM122.600 TO KM138.00 (PKG-7),NHIDCL,N24001393,ARUNACHAL PRADESH,8/2020,4/2022,11/2023,184.88,-,76.50,3/4
2023-10,IMPHAL - KHONGSANG PKG-6,NHIDCL,N24001539,MANIPUR,12/2021,2/2025,-,504.76,-,26.41,1/4
2023-10,2-LANING OF CHURACHANDPUR TUIVAI SECTION OF NH-102B (PKG- 2A),NHIDCL,N24001270,MANIPUR,3/2020,6/2022,12/2023,292.24,-,127.86,3/4
2023-10,CONSTRUCTION AND UPGRADATION OF EXISTING ROAD TO 2 LANE WITH PAVED SHOULDER FROM KM 368.00 TO KM 399,NHIDCL,N24000741,UTTARAKHAND,3/2018,11/2020,12/2022,274.31,-,247.81,3/4
2023-10,JORAM – KOLORIANG ROAD FROM EXISTING KM 50.050 TO KM 70.00 (PKG-3),NHIDCL,N24001390,ARUNACHAL PRADESH,8/2020,4/2022,7/2023,228.71,-,93.90,3/4
2023-10,2 LANE WITH PAVED SHOULDER FROM KM 430.00 TO KM 468.00 OF CHAMOLI TO PAINI UNDER CHARDHAM PARIYOJNA,NHIDCL,N24000743,UTTARAKHAND,3/2018,11/2020,12/2022,417.24,-,339.56,3/4
2023-10,MARAM - PEREN PKG-3,NHIDCL,N24001439,MANIPUR,8/2021,5/2023,-,467.41,-,151.84,2/4
2023-10,PEREN-DIMAPUR PKG-3,NHIDCL,N24001912,NAGALAND,2/2021,6/2025,-,177.77,-,0.00,0/0
2023-10,WIDENING AND UP-GRADATION TO 2-LANE WITH PAVED SHOULDER CONFIGURATION AND GEOMETRIC IMPROVEMENTS FRO,NHIDCL,N24000859,MIZORAM,4/2017,6/2023,12/2023,642.96,"1,139.85",548.78,3/4
2023-10,TAMENGLONG - MAHUR PKG-1,NHIDCL,N24001402,MANIPUR,7/2021,3/2023,10/2023,185.80,-,63.79,2/4
2023-10,UP-GRADATION TO 2-LANE WITH PAVED SHOULDER FROM KM 12.850 TO KM20.300 OF 7.450KM LENGTH ON GOHA-KHEL,NHIDCL,N24001264,JAMMU AND KASHMIR,7/2020,4/2022,3/2024,228.39,-,46.12,2/4
2023-10,CONSTRUCTION OF TWO LANE WITH PAVED SHOULDER OF SELLING-DULTE SECTION OF NH-06 (PKG-I),NHIDCL,N24001278,MIZORAM,3/2020,7/2022,8/2023,206.88,219.33,234.02,2/4
2023-10,IMPROVEMENT/WIDENING TO 2- LANE WITH PAVED SHOULDER FROM (DESIGN KM 10.670 TO KM 37.550) BETWEEN SHIL,NHIDCL,N24001314,MEGHALAYA,11/2020,12/2023,-,525.68,-,357.84,3/4
2023-10,FOUR LANING OF JHANJHI JN TO DEMOW SECTION FROM KM. 491.050 TO KM. 535.250(DESIGN KM 490.800 TO KM 5,NHIDCL,N24000320,ASSAM,6/2015,3/2024,-,463.49,-,290.85,2/4
2023-10,CONSTRUCTION OF 2-LANE WITH PAVED SHOULDER INCLUDING GEOMETRIC IMPROVEMENT FROM KM 0.000 TO KM 16.00,NHIDCL,N24000767,SIKKIM,3/2017,4/2022,5/2022,375.80,-,281.96,3/4
2023-10,4-LANING OF HAPACHARA - TULUNGIA SECTION,NHIDCL,N24001246,ASSAM,3/2020,12/2022,-,220.20,-,180.58,2/4
2023-10,TAMENGLONG - MAHUR PKG-4,NHIDCL,N24001404,MANIPUR,7/2021,3/2023,9/2023,198.77,-,58.95,2/4
2023-10,KARGIL-ZANSKR PACKAGE-3,NHIDCL,N24001345,LADAKH,8/2020,1/2023,10/2023,381.01,-,101.95,2/4
2023-10,FOUR LANING OF DIMAPUR KOHIMA ROAD FROM DESIGN KM 138.775 TO KM 152.490 (EXISTING KM 140.000 TO KM 1,NHIDCL,N24000687,NAGALAND,3/2016,8/2019,8/2019,396.52,519.72,330.51,3/4
2023-10,AJANTHA TO BULDHANA,NHIDCL,N24001008,ANDAMAN AND NICOBAR ISLANDS,2/2017,7/2019,-,401.00,401.00,260.08,2/4
2023-10,PATAS-VASUNDE PHATA - BARAMATI BYPASS,NHAI,N24001501,MAHARASHTRA,9/2021,9/2023,9/2023,531.86,532.41,500.15,0/0
2023-10,KHAMMAM DEVARAPALLE PKG II 4L ACCESS CONTROLLED (GREENFIELD) FROM SOMAVARAM VILLAGE TO CHINTAGUDEM V,NHAI,N24001483,TELANGANA,2/2022,9/2024,-,637.11,-,195.57,0/0
2023-10,CONSTRUCTION OF TUNNELS/VIADUCTS AT IDENTIFIED SLIDING/SLIP ZONES AT KM 130.550 TO KM.130.750; KM.,NHAI,N24001620,JAMMU AND KASHMIR,9/2021,10/2023,10/2023,442.14,-,140.06,0/0
2023-10,FOUR LANING OF JIND GOHANA GREENFIELD ALIGNMENT PACKAGE,,,,7/2020,7/2022,-,817.00,-,851.73,0/0
2023-10,BANIHAL BYPASS (DELINKED FROM SRINAGAR - BANIHAL) FROM KM. 187.00 TO KM. 189.350,NHAI,N24001623,JAMMU AND KASHMIR,1/2020,1/2024,1/2024,336.01,-,93.91,0/0
2023-10,4L OF CHANDESARA TO KHEDAKHAJURIYA FROM KM. 0.000 TO (-) 750 AND KM 0.000 TO KM 41.400 OF NH-752D,NHAI,N24001759,MADHYA PRADESH,1/2020,6/2024,-,909.84,-,304.66,0/0
2023-10,4 LANNING OF MUKKOLA JUNCTION TO KERALA/ TAMIL NADU BORDER FROM KM 26.500 TO KM 43.000 OF NH-47 IN T,NHAI,N24000566,KERALA,4/2016,6/2018,10/2023,804.97,571.45,648.96,0/0
2023-10,CONSTRUCTION OF FOUR/SIX LANE GREENFIELD LUDHIANA – RUPNAGAR NATIONAL HIGHWAY NO. NH-205K UNDER BHAR,NHAI,N24001636,PUNJAB,5/2021,12/2024,12/2024,"1,368.91","1,368.91",97.63,0/4
2023-10,6L OF SRIPERUMBUDUR TO KARAIPETTAI FROM KM 37.000 TO KM 71.015 OF NH 48,NHAI,N24001725,TAMIL NADU,1/2019,5/2021,-,654.26,-,331.29,0/0
2023-10,DEOGARH (NEAR DHANDHANIYA)- RAJASTHAN/GUJARAT BORDER (PHASE-I) (AJ/DRGB-PACKAGE-7),NHAI,N24001564,RAJASTHAN,10/2019,7/2023,1/2024,662.08,-,46.62,0/0
2023-10,4L OF EXISTING 2/4L STRETCH FROM LONAND TO DIVE GHAT (KM 166.400 TO KM 220.900 ) OF MOHOL – ALANDI S,NHAI,N24001489,MAHARASHTRA,5/2022,5/2024,-,519.93,-,219.82,0/0
2023-10,CONSTRUCTION OF GURGAON - PATAUDI - REWARI SECTION OF NH- 352W (DESIGN LENGTH 46.11 KM) AS FEEDER ROU,NHAI,N24001774,HARYANA,12/2020,11/2023,-,"1,524.03",-,926.63,0/0
2023-10,4L OF TWIN TUBE TUNNEL CONFIGURATION INCLUDING APPROACHES FROM MAROG TO DIGDOL (FROM KM.154.210 TO K,NHAI,N24001627,JAMMU AND KASHMIR,7/2021,2/2025,2/2025,"1,912.17",-,7.27,0/0
2023-10,"IMPROVEMENT AND UP-GRADATION OF EXISTING ROAD TO 4L PS FROM KM 229.070 TO 260.800, END OF HARDOI DIS",NHAI,N24001732,UTTAR PRADESH,12/2021,10/2024,-,540.97,-,75.66,0/0
2023-10,SIX LANING OF PARAVOOR(DESIGN KM. 417+000) TO KOTTUKULANGARA(DESIGN KM. 454+500) SECTION OF NEW NH-6,NHAI,N24001649,KERALA,12/2021,2/2025,2/2025,"3,273.61",-,123.46,0/0
2023-10,DEVELOPMENT OF FOUR LANNING OF ANGUL-SAMBALPUR SECTION OF NATIONAL HIGHWAY NH-42 (NEW NH-55 IN THE S -,,,,9/2016,8/2019,-,"2,510.04",-,783.15,0/0
2023-10,FOUR LANING OF UNA TO KODINAR OF NH-8E FROM KM. 180.478 TO KM 221.610 (PACKAGE-V) IN THE STATE OF GU,NHAI,N24000570,GUJARAT,5/2016,8/2019,-,763.08,-,417.37,2/2
2023-10,BALANCE WORK FOR FOUR LANING OF ITARSI TO BETUL SECTION OF NH69 FROM KM 63.000 TO KM 137.00 (DESIGN,NHAI,N24000709,MADHYA PRADESH,12/2017,2/2020,-,950.27,-,558.29,4/4
2023-10,6L OF CHILKARARUPET BYPASS FROM KM. 357.400 TO KM. 371.920 OF NH-16,NHAI,N24001817,ANDHRA PRADESH,2/2019,3/2023,-,757.45,-,297.26,0/4
2023-10,4L OF MO - SIHUNI FROM KM. 42.00 TO KM. 51.00 OF OLD NH-20 (NEW NH-154) (PACKAGE-IB),NHAI,N24001811,HIMACHAL PRADESH,4/2021,6/2024,-,583.93,69.74,34.82,0/0
2023-10,FOUR LANNING OF CHOLOPURAM- THANJAVUR,NHAI,N24000697,TAMIL NADU,8/2017,9/2020,6/2024,"1,176.37",-,"1,027.61",0/0
2023-10,6L GREENFIELD KALIAGURA – BAUNSAGUAR SECTION OF NH-130- CD ROAD FROM KM 249+000 TO KM 293+000 (PACKAG,NHAI,N24001667,ODISHA,9/2021,5/2024,-,"1,734.00","1,734.00",6.94,0/0
2023-10,JUNAGADH BYPASS,NHAI,N24000701,GUJARAT,10/2017,4/2021,6/2023,232.49,375.78,327.13,0/0
2023-10,6L OF KANHAULI RAMNAGAR PATNA RING ROAD PKG I FROM KM 0.000 TO KM 39.160 OF SH78 NEW NH131G,NHAI,N24001711,BIHAR,9/2020,3/2023,-,939.43,-,148.69,0/0
2023-10,"4L OF SHAMLI TO MUZAFFARNAGAR SECTION OF NH-709AD, PKG-II",NHAI,N24001742,UTTAR PRADESH,6/2020,10/2022,7/2023,"1,621.07",-,"1,045.89",0/0
2023-10,FOUR LANING OF KAGAVADAR - UNA SECTION OF NH-8E FROM KM 139.915 TO KM 180.478 (PACKAGE-IV) IN THE ST,NHAI,N24000569,GUJARAT,5/2016,9/2019,-,723.64,-,551.84,2/2
2023-10,SIX LANE ACCESS CONTROLLED OF DELHI SAHARANPUR HIGHWAY FROM DELHI UP BORDER TO EPE JUNCTION CH.14.75,NHAI,N24001830,UTTAR PRADESH,6/2020,11/2023,-,"2,002.79",-,"1,022.69",0/0
2023-10,FOUR LANING OF MUNGER TO MIRZACHAUKI (NH-80) SECTION FROM START OF EXISTING BHAGALPUR BYPASS TO RASU,NHAI,N24001701,BIHAR,4/2022,4/2024,-,"1,769.50",-,0.00,0/0
2023-10,CONSTRUCTION OF 4 LANE ACCESS CONTROLLED NEW GREENFIELD HIGHWAY SECTION OF NH-365BG (KHAMMAM-DEVARAP,NHAI,N24001477,ANDHRA PRADESH,9/2021,9/2022,9/2024,622.00,-,241.77,0/4
2023-10,6-LANING OF VIJAYAWADA BYPASS FROM GOLLAPUDI (DESIGN CH. 30+000) TO CHINNAKAKANI (DESIGN,,,,11/2019,1/2024,-,"1,601.10",-,834.23,0/4
2023-10,SANGARIYA (NEAR CHAUTALA)- RASISAR (NEAR BIKANER) (PHASE-I) (AJ/SR-PACKAGE-2),NHAI,N24001560,RAJASTHAN,2/2019,10/2023,12/2023,755.16,-,744.22,0/0
2023-10,4-LANNING OF VARANASI GORAKHPUR SECTION OF NH-29 FROM 148.00 208.300 KM,- [N24000551],PACKAGE- IV,NHAI,3/2016,4/2019,12/2022,"1,587.49","3,150.00","2,962.70",0/1
2023-10,CONSTRUCTION OF 4-LANE HIGHWAY FROM SAMARLAKOTA TO ACHAMPETA JUNCTION (FROM KM. 0.000 TO KM. 12.250,NHAI,N24001856,ANDHRA PRADESH,5/2023,8/2025,-,648.75,-,0.00,0/0
2023-10,BALANCE WORK OF 2L PS OF TINDIVANAM KRISHNAGIRI FROM KM 37.600 TO 219.782,NHAI,N24001724,TAMIL NADU,5/2019,7/2021,5/2023,602.57,621.38,336.67,0/0
2023-10,CONSTRUCTION OF PROPOSED REWARI BYPASS (DESIGN LENGTH 14.4 KM) NH-11 AS A FEEDER ROUTE IN THE STATE,NHAI,N24001775,HARYANA,2/2020,1/2023,-,808.31,-,740.10,0/0
2023-10,FOUR LANINIG OF CHETTIKULAM TO NATHAM SECTION OF NH-785 FROM CHETTIKULUM (KM 7.300) TO NATHAM (KM. 3,NHAI,N24000826,TAMIL NADU,3/2018,10/2022,11/2023,505.35,-,359.33,0/0
2023-10,4-LANING OF KAMALAPURAM - ODDANCHATRAM SECTION OF NH- 209,NHAI,N24001601,TAMIL NADU,1/2019,1/2023,5/2024,"1,051.69",-,402.07,0/0
2023-10,KANPUR LUCKNOW EXPRESSWAY PKG-1 CONSTRUCTION OF 6-LANE TO EIGHT LANE OF KANPUR LUCKNOW EXPRESSWAY (N,NHAI,N24001745,UTTAR PRADESH,12/2021,7/2025,7/2025,"1,972.10",-,246.86,0/0
2023-10,8L OF GUDUVANCHERY (KM 38.00) - MARAIMALAI NAGAR (KM 42.00) - SINGAPERUMAL KOIL (47.00) - CHETTIPU,NHAI,N24001695,TAMIL NADU,12/2020,2/2022,-,230.69,-,188.75,0/0
2023-10,6L OF MH/KN BORDER (NIMBAL VILLAGE) TO KN/TS BORDER (SINGNODI VILLAGE) FROM KM. 26.000 TO KM. 97.000,NHAI,N24001676,KARNATAKA,12/2022,6/2025,-,"2,718.46",-,0.00,0/4
2023-10,4-LANNING OF RAIPUR-KODEBAD SECTION OF NH-43 (FROM KM. 10.200 TO KM. 43.400) IN THE STATE OF CHHATTI,NHAI,N24000629,MAHARASHTRA,11/2016,3/2019,7/2023,400.25,-,299.68,0/0
2023-10,PACKAGE-23 CONSTRUCTION OF DELHI-VADODARA EIGHT LANE ACCESS- CONTROLLED EXPRESSWAY FROM BAWDI VILLAG,NHAI,N24001233,MADHYA PRADESH,3/2019,5/2020,9/2023,"1,047.00",-,"1,169.00",2/3
2023-10,4/6L OF SPUR TO HARIDWAR (GREENFIELD) FROM KM. 0.000 TO,,,,11/2021,2/2025,-,"2,155.95",-,802.78,0/0
2023-10,4 LANE CONNECTOR FROM DELHI MEERUT EXPRESSWAY KM 50.000 TO KM 8.520 OF NH 235 IN THE STATE OF UTTAR,NHAI,N24001772,UTTAR PRADESH,8/2021,3/2024,-,"1,147.26",-,49.00,0/0
2023-10,DEVELOPMENT OF SIX LANE JHANKI SARGI OF NH 130 CD FROM KM.0+000 TO 42+800 UNDER RAIPUR VISAKHAPATTNA,NHAI,N24001593,CHHATTISGARH,11/2021,9/2024,-,"1,368.19",-,621.37,0/0
2023-10,4L GREENFIELD SPUR FROM DELHI- VADODARA GREENFIELD EXPRESSWAY NEAR BANDIKUI TO JAIPUR,NHAI,N24001557,RAJASTHAN,3/2022,11/2024,-,"1,636.15",-,388.68,0/0
2023-10,DELHI-AMRITSAR-KATRA EXPRESSWAY FROM JUNCTION WITH PATIALA-BATHINDA ROAD (NH- 7) NEAR BHAWANIGARH TO,NHAI,N24001415,PUNJAB,12/2020,4/2024,7/2024,881.00,-,651.97,1/1
2023-10,4L OF EXISTING 2/4L STRETCH FROM LONAND TO DIVE GHAT (KM 166.400 TO KM 220.900 ) OF MOHOL – ALANDI S,NHAI,N24001610,MAHARASHTRA,1/2022,5/2024,5/2024,"1,833.73",-,219.82,0/0
2023-10,4L FROM KM 196.87 (SANKHA) TO KM 219.6 (KHAJURI) ON NH-75,- [N24001590],REHLA / GARHWA BYPASS,NHAI,9/2020,10/2023,-,748.99,-,688.14,0/0
2023-10,2L PS SRIGANGANAGAR TO RAISINGHNAGAR (DESIGN CHAINAGE -0.500 KM TO DESIGN CHAINAGE 101.000 KM) (PACK,NHAI,N24001559,RAJASTHAN,9/2021,6/2024,-,672.35,-,256.10,0/0
2023-10,VARANASI RING ROAD (PKG-II) CONNECTING SANDAHA VILLAGE (KM 11.70 / NH-29) WITH REVASA VILLAGE (KM 81,NHAI,N24001826,UTTAR PRADESH,2/2019,2/2022,-,927.77,-,"1,143.89",0/1
2023-10,FOUR LANING OF MAMALLAPURAM TO MUGAIYUR SECTION OF NH332A FROM KM 0.000 TO KM 31.000,NHAI,N24001721,TAMIL NADU,2/2019,5/2024,-,"1,008.99",-,89.23,0/0
2023-10,4-LANING OF MEERUT NAJIBABAD SECTION FROM KM. 11.500 TO KM 39.250 AND KM 86.590 TO KM. 112.545.IN TH,NHAI,N24001755,UTTAR PRADESH,10/2019,3/2023,-,"1,936.68",-,"1,380.90",0/0
2023-10,CONSTRUCTION OF EIGHT LANE ACCESS CONTROLLED EXPRESSWAY CARRIAGEWAY FROM JODMI VILLAGE TO BANI VILLA,NHAI,N24001213,MADHYA PRADESH,12/2017,2/2022,11/2022,"1,094.97",-,"1,188.00",3/4
2023-10,CONSTRUCTION OF EMERGENCY LANDING FACILITY FROM KM. 246.60 TO KM. 249.70 ON SRINAGAR - BANIHAL SECTI,NHAI,N24001624,JAMMU AND KASHMIR,7/2019,10/2020,4/2023,157.05,-,110.03,3/4
2023-10,RENIGUNTA - POYYA - NAIDUPETA KM 124.60 TO KM 183.4 OF NH 71 - N/04027/06001/AP,NHAI,N24001824,ANDHRA PRADESH,3/2020,1/2024,1/2022,"1,863.09",-,918.10,0/4
2023-10,DELHI-VADODARA GREENFIELD ALIGNMENT (NH-148N) (PKG-14) (CH. 388.420 TO CH. 419.000),NHAI,JUNCTION WITH N - [N24001568,RAJASTHAN,11/2019,5/2023,3/2024,"1,119.35",-,"1,189.60",0/0
2023-10,6 L OF AURANGABAD TO BIHAR- JHARKHAND BORDER (CHORDAHA) SECTION FROM KM. 180.000 TO KM. 209.827 OF N,NHAI,N24001703,BIHAR,2/2022,5/2025,-,786.81,787.00,0.00,0/0
2023-10,6L MINOR BRIDGE (PALOLI PALAM) AT KM. 203.160 and MAJOR BRIDGE (MORAD) AT KM. 204.895 AND ALLIED WOR,NHAI,N24001652,KERALA,3/2020,6/2022,4/2023,210.37,213.06,171.75,0/0
2023-10,FOUR LANING OF AURANGABAD- PAITHAN SECTION OF NH-752E ON EPC MODE IN THE STATE OF MAHARASHTRA .,NHAI,N24001795,MAHARASHTRA,10/2022,7/2024,-,490.40,-,13.29,0/0
2023-10,UPGRADATION AND 4L OF HARIDWAR BYPASS FROM KM 0.000 (KM 188.100 OF NH-58) TO KM. 15.100 (KM 5.100 OF,NHAI,N24001526,UTTARAKHAND,8/2021,10/2024,10/2024,"1,377.79","1,384.11",678.86,0/0
2023-10,FOUR LANING OF PURULIYA BYPASS SECTION OF NH 32 IN THE STATE OF WEST BENGAL ON EPC MODE,NHAI,N24001749,WEST BENGAL,8/2021,8/2023,-,557.55,-,409.87,0/0
2023-10,6L GREENFIELD BAUNSAGUAR - BARAJA SECTION OF NH-130-CD ROAD FROM KM 293+000 TO KM 338+500 (PACKAGE –,NHAI,N24001678,ODISHA,8/2021,6/2024,-,"1,460.00","1,460.00",0.00,0/0
2023-10,SIX LANNING FROM KM. 401.200 TO 494.410 OF NH-8 ON HYBRID ANNUITY MODE UNDER NHDP- V(PKG VI)REG.,NHAI,N24000649,GUJARAT,1/2017,12/2020,12/2023,"1,251.11",-,631.02,3/4
2023-10,6L ACCESS CONTROL GREENFIELD HIGHWAY OF VILL-LOHADDA TO VILL-KARAUNDA MAHAJAN FROM KM. 27.000 TO KM.,NHAI,N24001734,UTTAR PRADESH,3/2022,8/2024,-,"1,335.45",-,214.59,0/0
2023-10,4L OF HP/PUNJAB BO4L OF HP/PUNJAB BORDER - MO FROM KM. 11.00 TO KM. 42.00 OF OLD NH-20 (NEW NH-154),NHAI,N24001812,HIMACHAL PRADESH,3/2021,5/2024,-,"1,002.11","1,247.93",28.69,0/0
2023-10,2- LANE WITH PAVED SHOULDERS OF HINOTIYA TO MEHULWA FROM DESIGN KM 27+000 9OF EXISTING,,,,8/2021,9/2025,-,581.65,-,67.19,0/0
2023-10,CONSTRUCTION OF EIGHT LANE ACCESS CONTROLLED EXPRESSWAY CARRIAGEWAY FROM BANI VILLAGE TO BARDAWADI V,NHAI,N24001212,MADHYA PRADESH,12/2017,11/2022,-,656.98,-,"1,103.00",2/4
2023-10,4L OF KARWAR (KM. 281.980 OF NH- 62 NAGAUR ROAD) TO DANGIYAVAS OF JODHPUR RING ROAD (PKG-II),NHAI,N24001558,RAJASTHAN,11/2021,8/2024,-,736.75,-,97.13,0/0
2023-10,CONSTRUCTION OF 4 LANE ELEVATED HIGHWAY AND AT- GRADE IMPROVEMENTS AT GOPALGANJ TOWN FROM DESIGN CH:,NHAI,N24001702,BIHAR,12/2021,9/2024,-,184.90,185.00,100.82,0/0
2023-10,4L GREENFIELD A. MALOUT BYPASS FROM CH. KM 44.500 TO CH. KM 35.500 ON NH-07 AND CH. KM 0.000 TO KM 6,NHAI,N24001638,PUNJAB,11/2021,7/2024,7/2024,646.42,646.42,158.90,0/0
2023-10,SIX LANING OF HAPUR BYPASS TO MORADABAD SECTION INCLUDING HAPUR BYPASS FROM KM 50.000 (DESIGN CHAINA,NHAI,N24000798,UTTAR PRADESH,3/2018,11/2021,-,"2,140.93",-,"1,916.21",0/0
2023-10,HOSPET-BELLARY-KARNATAKA AP BORDER,NHAI,N24000603,KARNATAKA,8/2016,3/2019,5/2025,"1,167.42",-,500.61,2/4
2023-10,NAGPUR RING ROAD PACKAGE-1,NHAI,N24000558,MAHARASHTRA,3/2016,7/2019,7/2023,546.00,-,490.56,3/3
2023-10,DELHI-AMRITSAR-KATRA EXPRESSWAY (PHASE-II PKG-XIV) FROM JUNCTION WITH PATHANKOT- GURDASPUR ROAD (NH-5,NHAI,N24001551,JAMMU AND KASHMIR,10/2021,9/2024,-,"3,044.02","3,044.02",524.99,0/0
2023-10,CONSTRUCTION OF FOUR LANE RINGROAD BYPASS SRINAGAR CITY,NHAI,N24001511,JAMMU AND KASHMIR,3/2021,2/2024,8/2024,"2,919.96",-,"1,778.54",1/4
2023-10,4 LANING OF JAGADHRI TAJEWALA ROAD SECTION OF NH 907 (OLD NH 73A) UNDER NH(O) (PKG 1) IN THE STATE O,NHAI,N24001635,HARYANA,3/2022,2/2025,-,"1,269.50",-,64.00,0/0
2023-10,6L OF HATIBENA - BADAKUMARI SECTION FROM KM 146.50 TO KM 179.00 OF NH-130-CD (PACKAGE – OD-2),NHAI,N24001671,ODISHA,2/2021,3/2024,-,925.00,-,0.00,0/0
2023-10,ALIGARH-KANPUR SECTION PACKAGEV FROM MITRASEN- KANPUR,NHAI,N24001740,UTTAR PRADESH,10/2019,9/2023,-,"2,325.28",-,"1,916.35",0/0
2023-10,4L OF INDAPUR TO TONDLE (PKG-III) FROM KM.84.550 TO KM. 131.00 OF NH-965G (SAINT TUKARAM MARG),NHAI,N24001503,MAHARASHTRA,9/2021,9/2023,9/2023,667.66,666.21,358.96,0/0
2023-10,6L ACCESS CONTROLLED GREENFIELD HIGHWAY FROM VANAVOLU 24.300 KM. TO VANKARAKUNTA 45.700 KM. OF NH 5,NHAI,N24001842,ANDHRA PRADESH,12/2022,11/2025,-,750.81,-,22.05,0/0
2023-10,FOUR LANING OF AMRITSAR BYPASS FROM NEW TARN TARAN ROAD TO AJNALA ROAD FROM DESIGN KM. 0.750 TO DESI,NHAI,N24001642,PUNJAB,2/2021,8/2024,-,"1,474.77",-,215.74,0/0
2023-10,4L OF RATNAGIRI - KOLHAPUR SECTION FROM KM 67.140 TO KM 112.340 OF NH-166 (PKG – II),NHAI,N24001834,MAHARASHTRA,5/2023,5/2025,-,839.00,-,4.90,0/4
2023-10,6L FROM BELGAUM TO SANKESHWAR BYPASS FROM KM 515.000 TO KM 555.017 OF NH 48,NHAI,N24001679,KARNATAKA,10/2022,4/2025,4/2025,"1,479.30","1,479.30",142.67,1/4
2023-10,VADODARA MUMBAI EXPRESSWAY (PHASE II - PKG XI),(GANJAD - TALSARI) - [N24001504],KM. 77.000 TO KM. 103.400,NHAI,5/2022,5/2024,-,"1,260.00",-,302.03,0/0
2023-10,4L OF KODAD (DESIGN KM 0.00/EXISTING KM 185.00 OF NH-65) TO KHAMMAM (DESIGN KM 31.800/EXISTING KM 29,NHAI,N24001522,TELANGANA,1/2021,1/2024,-,"1,307.95",-,444.28,0/0
2023-10,CONSTRUCTION OF 8 LANE DWARKA EXPRESSWAY (NH-248BB PACKAGE IV FROM RAIL OVER BRIDGE (ROB) TILL END P,NHAI,N24000835,HARYANA,3/2018,12/2020,8/2023,"1,484.30",-,"1,237.02",0/0
2023-10,AURAD - BIDAR KM 0.00 TO KM 45.878,NHAI,N24001683,KARNATAKA,9/2021,4/2023,3/2024,912.37,-,222.63,0/4
2023-10,UP-GRADATION TO 4-LANE WITH PAVED SHOULDER OF BHIMASAR JUNCTION OF NH-41 TO ANJAR BHUJ UPTO AIRPORT,NHAI,N24001785,GUJARAT,3/2022,6/2025,-,"1,373.06","1,085.00",227.41,0/0
2023-10,MOHOL TO WAKHARI PACKAGE1 SANT DNYANESHWAR MAHARAJ PALKHI MARG SECTION OF NH965,NHAI,N24001377,MAHARASHTRA,2/2019,1/2022,5/2023,731.89,731.99,650.94,3/3
2023-10,DEVELOPMENT OF 4L UER II,(SPUR TO BAHADURGARH BYPASS) (NH-10) FROM KM. 0.00 TO KM.7.30 - [N24001778],PACKAGE - V,NHAI,7/2020,10/2023,-,801.46,-,382.03,3/4
2023-10,CONSTRUCTION OF EIGHT LANE ACCESS CONTROLLED EXPRESSWAY CARRIAGEWAY FROM BARDAWADI VILLAGE TO MANDSA,NHAI,N24001199,MADHYA PRADESH,10/2019,12/2021,11/2022,743.88,-,832.00,2/3
2023-10,CONSTRUCTION OF NEW 4-LANE,,,,3/2017,3/2020,-,247.02,-,71.75,0/0
2023-10,REHABILITATION AND UPGRADING FROM 2 L TO 4 L FROM BHANGBAR(NEAR RANITAL) TO KANGRA BYPASS SECTION OF,NHAI,N24001808,HIMACHAL PRADESH,3/2021,12/2024,12/2024,"1,322.95","1,442.47",537.06,0/0
2023-10,DELHI-AMRITSAR-KATRA EXPRESSWAY FROM JUNCTION WITH LUDHIANA-MALERKOTLA ROAD (SH-11) NEAR BHOGIWAL VI,NHAI,N24001416,PUNJAB,12/2020,1/2024,3/2025,989.66,-,144.63,0/0
2023-10,DELHI-VADODARA GREENFIELD ALIGNMENT (NH-148N) (PKG-16) (CH. 427.300 TO CH.452.420),NHAI,MAJOR BRIDGE OVE - [N24001572,RAJASTHAN,11/2019,1/2023,12/2023,952.57,-,814.28,0/0
2023-10,VADODARA MUMBAI EXPRESSWAY (PHASE II - PKG XVII),(BHOJ - MORBE) - [N24001608],KM. 69.800 TO KM. 79.783 OF SPUR,NHAI,9/2021,7/2025,-,"2,208.68",-,134.20,0/0
2023-10,4L OF RATNAGIRI - KOLHAPUR SECTION OF NH-166 FROM KM 0.000 TO KM 19.769 AND KM 31.000 TO KM 67.140 (,NHAI,N24001495,MAHARASHTRA,11/2022,11/2024,-,930.00,-,133.41,0/4
2023-10,4L GREENFIELD ALIGNMENT FROM KALYANAPUR TO TAL DASHRAHA OF NH-119D (PKG-III),NHAI,N24001697,BIHAR,2/2023,2/2025,-,"1,358.00",-,0.77,0/0
2023-10,6L AMRITSAR BATHINDA GREENFIELD SECTION FROM VILLAGE TIBA ON NE 5A TO JN. WITH MOGA JALANDHAR ROAD N,NHAI,N24001640,PUNJAB,3/2021,11/2024,-,"1,229.38",-,538.66,0/0
2023-10,DELHI VADODARA GREENFIELD ALIGNMENT SECTION OF NH 148N PACKAGE 26,NHAI,N24001515,GUJARAT,9/2020,2/2024,-,"1,542.02",-,453.51,0/0
2023-10,CONSTRUCTION OF EIGHT LANE VADODARA KIM EXPRESSWAY FROM KM 254.430 TO KM 279.000 (KIM TO ANKLESHWAR,NHAI,N24000834,GUJARAT,3/2018,10/2021,3/2024,"1,161.39","1,404.00",402.26,0/0
2023-10,4/6L GREENFIELD LUDHIANA RUPNAGAR HIGHWAY FROM JUNCTION WITH NE 05 VILLAGR NEAR TO MANEWAL (LUDHIANA,NHAI,N24001630,PUNJAB,7/2021,2/2025,-,"1,501.02",-,147.00,0/0
2023-10,4L OF ADDAHOLE TO BANTWAL CROSS SECTION,NHAI,N24001426,KARNATAKA,3/2021,10/2021,3/2024,317.90,317.90,232.32,3/4
2023-10,CONSTRUCTION OF 4 LANE BANGALORE -CHENNAI EXPRESSWAY FROM KM 53.500 TO KM 71.000 SECTION OF NE-7 (BA,NHAI,N24001685,KARNATAKA,1/2021,1/2024,-,"1,069.00",-,637.33,0/0
2023-10,6L ACCESS CONTROLLED,,,,2/2023,10/2025,-,"1,253.24",-,68.50,0/0
2023-10,TUMKUR - NELAMANGALA(6L),NHAI,N24001681,KARNATAKA,8/2022,8/2025,8/2025,"2,032.15","1,351.00",72.07,0/0
2023-10,CORRIDOR EFFICIENCY IMPROVEMENT INCLUDING REMOVAL OF BLACK SPOTS IN LAKHANPUR - SAMBA SECTION OF NH-,NHAI,N24001619,JAMMU AND KASHMIR,8/2022,6/2024,-,200.05,200.05,27.79,1/4
2023-10,BALANCE WORK OF PANIKOILI RIMULI SECTION OF NEW NH-20 FROM KM 0.00 TO KM. 163.000,NHAI,N24001647,ODISHA,8/2020,3/2022,-,200.00,154.73,137.04,0/0
2023-10,BALANCE WORK OF 4- LANING OF PATNA-GAYA-DOBHI SECTION (KM. 39.00 TO KM. 83.00) OF NH-83 IN THE STATE,NHAI,N24001304,BIHAR,10/2013,11/2020,-,446.97,-,485.81,0/0
2023-10,DELHI-VADODARA GREENFIELD ALIGNMENT (NH-148N) (PKG-15) (CH. 419.000 TO CH.427.300),NHAI,JUNCTION WITH NH - [N24001612,RAJASTHAN,7/2020,1/2024,12/2024,"1,788.69",-,503.78,0/0
2023-10,FOUR LANING OF MUNGER TO MIRZACHAUKI (NH-80) SECTION FROM NEAR RASULPUR TO MIRZACHAUKI (DESIGN CH,NHAI,N24001698,BIHAR,8/2022,8/2024,-,"1,198.02",-,0.00,0/0
2023-10,BALANCE WORK 2-LANE WITH PAVED SHOULDERS OF NAGAPATTINAM - THANJAVUR SECTION OF NH-67 (NEW NH-83),NHAI,N24001600,TAMIL NADU,10/2020,5/2023,12/2023,434.12,-,185.90,0/0
2023-10,"6 LANING OF EXISTING 4-LANE STRETCH FROM KALKALLU AT KM.454+000 TO GUNDLA POCHAMPALLY AT KM.471+000,",NHAI,N24001555,TELANGANA,3/2022,1/2025,-,955.49,-,87.67,0/0
2023-10,TWO LANING WITH PAVED SHOULDER OF MEENSURUTTI (KM. 98.433) TO CHIDAMBARM (KM. 129.965.) SECTION OF N,NHAI,N24000828,TAMIL NADU,3/2018,9/2023,8/2023,633.55,736.33,237.26,0/0
2023-10,6L OF BADAKUMARI - KARKI SECTION FROM KM 179.000 TO KM 226.500 OF NH-130-CD (PACKAGE – OD-3),NHAI,N24001668,ODISHA,3/2021,4/2024,-,"1,249.00",-,0.00,0/0
2023-10,FOUR LANING OF JITTANDAHALLI TO DHARMAPURI SECTION OF NH-844 (PKG-III) FROM KM.60+100 TO KM.94+460,NHAI,N24001696,TAMIL NADU,2/2019,8/2023,-,"1,291.37",-,215.02,0/0
2023-10,BANGALORE CHENNAI EXPRESSWAY PHASE-III PACKAGE III (ARAKKONAM TO KANCHEEPURAM) FROM KM 204.500 TO K,NHAI,N24001717,TAMIL NADU,11/2020,8/2024,-,"1,155.49","1,458.45",358.06,0/0
2023-10,FOUR LANNING OF RAMPUR-,,,,3/2016,4/2019,-,899.00,-,982.40,3/4
2023-10,4LBERKHEDI TO GODPEHRA NH-44,NHAI,N24001614,MADHYA PRADESH,2/2022,11/2024,-,524.84,-,"1,654.37",0/0
2023-10,SANCHORE - SANTALPUR FROM KM 4.888 - KM 35.000 OF NH-754K (AJ- RGBS-PACKAGE-1),NHAI,N24001791,GUJARAT,2/2020,6/2023,-,606.51,-,452.29,0/0
2023-10,MEDSHI (KM 47.700) TO WASHIM (KM 92.200) OF NH-161 IN MAHARASHTRA,NHAI,N24001807,MAHARASHTRA,2/2018,10/2021,5/2023,"1,061.29","1,061.29",685.97,0/0
2023-10,FOUR LANING OF BAKHTIYARPUR - MOKAMA SECTION OF NH-31,NHAI,N24000507,BIHAR,12/2015,12/2019,-,"1,167.45",-,623.64,0/0
2023-10,6L ACCESS CONTROLLED GREENFIELD HIGHWAY FROM YERRAGUDIPADU 129.000 KM. TO AUDIREDDIPALLE 160.000 KM.,NHAI,N24001846,ANDHRA PRADESH,2/2023,10/2025,-,"1,200.42",-,56.81,0/0
2023-10,6-LANING OF VIJAYAWADA BYPASS FROM CHINNA AVUTUPALLI (DESIGN CH.0+000) TO GOLLAPUDI (DESIGN CH. 30+0,NHAI,N24001300,ANDHRA PRADESH,11/2019,2/2021,8/2023,"1,226.88","1,569.68","1,354.36",0/0
2023-10,PACKAGE-25 CONSTRUCTION OF EIGHTLANE ACCESS- CONTROLLED EXPRESSWAY CARRIAGEWAY FROM MIYATI VILLAGE T,NHAI,N24001234,MADHYA PRADESH,2/2019,3/2022,9/2023,996.27,-,"1,079.00",3/3
2023-10,DWARKA EXPRESSWAY FROM KM - 0.600 TO KM 5.300 - PKG-I (SHIVMURTI CHOWK-RUB NEAR DWARKA SECTOR 21),NHAI,N24001779,DELHI,3/2018,9/2022,-,"2,507.00",-,"1,155.70",2/4
2023-10,6L OF VARADHARAJULA TO KUMARAJAPET FROM KM 0.000 TO KM 43.800 OF NH-716B (PKG-I),NHAI,N24001820,ANDHRA PRADESH,2/2021,12/2024,-,"1,484.83",-,572.40,0/4
2023-10,CONSTRUCTION OF FOUR LANE EXPRESSWAY FROM START OF SINDHREJ VILLAGE (CH. 22.00 TO CH. 48.52) SECTION,NHAI,N24001444,GUJARAT,5/2020,1/2024,-,882.00,-,414.60,2/4
2023-10,DHARAMPURI-LONAND FROM KM. 117.00 TO 166.40 (PKG-IV) ON MOHOL-ALANDI SECTION,NHAI,N24001488,MAHARASHTRA,9/2021,9/2023,2/2024,618.45,-,435.43,0/0
2023-10,FOUR LANING OF DANGIAWAS (KM 96.595 TO NH-112) TO JAJIWAL (KM 283.500 OF NH 65 NAGAUR ROAD) SECTIO,NHAI,N24000711,RAJASTHAN,12/2017,12/2020,-,"1,308.73",-,415.08,0/0
2023-10,INTEGRATED STRUCTURE WITH DEVELOPMENT OF OTHER ALLIED STRUCTURES ON BOTH SIDES OF CHANDNI CHOWK JUNC,NHAI,N24001485,MAHARASHTRA,2/2019,2/2022,-,397.60,-,354.31,0/0
2023-10,CONSTRUCTION OF FOUR LANE GREENFIELD PROJECT OF DELHI- AMRITSAR-KATRA EXPRESSWAY (PHASE-I PKG-V) FROM,NHAI,N24001632,PUNJAB,1/2021,5/2024,-,"1,741.86",-,904.50,2/4
2023-10,FOUR LANING OF THORAPALLI AGRAHARAM TO JITTANDAHALLI SECTION OF NH-844 (PKG-II) FROM KM.23+350 TO KM,NHAI,N24001694,TAMIL NADU,2/2019,12/2023,-,"1,243.57",-,171.63,0/0
2023-10,DELHI-AMRITSAR-KATRA EXPRESSWAY (PHASE-II PKG-XVI) EXISTING JAKH (VIJAYPUR)- KUNJWANI SECTION OF NH-4,NHAI,N24001550,JAMMU AND KASHMIR,9/2021,9/2024,-,"1,821.72","1,917.32",732.47,1/4
2023-10,4 LANING OF NH-31D FROM GHOSHPUKUR - SALSALABARI ( KM 0.00 TO KM . 83.785),NHAI,N24000463,WEST BENGAL,12/2015,6/2018,12/2023,"1,083.00","1,414.01","1,068.19",0/0
2023-10,4-LANNING OF THALSERRY -MAHE BYPASS,NHAI,N24000704,KERALA,9/2017,5/2020,11/2023,"1,124.11","1,503.86","1,453.64",0/0
2023-10,BALANCE WORKS OF 4L PANVEL- INDAPUR SECTION OF NH-66 (OLD NH-17) FROM KM 42.300 (KASU) TO KM 84.600 (,NHAI,N24001607,MAHARASHTRA,10/2022,5/2024,-,332.00,-,10.26,0/0
2023-10,FOUR LANING OF SULTANPUR TO VARANASI (PKG-I),NHAI,N24000493,UTTAR PRADESH,1/2016,6/2018,7/2023,"1,027.53","2,950.04","2,642.19",0/1
2023-10,DEOGARH (NEAR DHANDHANIYA)- RAJASTHAN/GUJARAT BORDER (PHASE-I) (AJ/DRGB-PACKAGE-8),NHAI,N24001561,RAJASTHAN,10/2019,10/2023,1/2024,839.63,-,81.88,0/0
2023-10,BAKHTIYARPUR RAJAULI PKG-II FROM KM 54.405 TO KM 101.630 NH20,NHAI,N24001709,BIHAR,9/2020,4/2023,-,897.45,-,"1,037.63",0/0
2023-10,REHABILITATION AND UP- GRADATION TO 4-LANING OF RAJAMUNDA-BARKOTE SECTION OF NH-23 (NEW NH NO. 143) (,NHAI,N24000739,ODISHA,1/2018,6/2021,3/2024,503.88,609.03,221.76,0/0
2023-10,SIX LANING OF KOTTUKULANGARA (DESIGN KM. 454+500) TO START OF KOLLAM BYPASS (DESIGN KM. 486+000) SEC,NHAI,N24001657,KERALA,6/2021,10/2024,10/2024,"2,842.14",-,117.96,0/0
2023-10,WAKHARI TO KHUDUS PACKAGE2 SANT DNYANESHWAR MAHARAJ PALKHI MARG SECTION OF NH965,NHAI,N24001378,MAHARASHTRA,2/2019,1/2022,6/2023,362.46,372.46,346.15,4/4
2023-10,BANGALORE CHENNAI EXPRESSWAY PHASE-III PACKAGE II (WALAJAHPET TO ARAKKONAM) FROM KM 180.000 TO KM 2 -,,,,12/2020,7/2024,-,843.48,984.61,205.46,0/0
2023-10,4L OF NAGPUR-KATOL SECTION FROM KM. 13.00 TO KM. 62.900 OF NH-353J,NHAI,N24001799,MAHARASHTRA,2/2021,10/2023,-,"1,166.96",-,852.88,0/0
2023-10,CONSTRUCTION OF 4 LANE BANGALORE-CHENNAI EXPRESSWAY FROM KM 0.000 TO KM 26.400 NE-7(ALONG WITH 0.700,NHAI,N24001688,KARNATAKA,10/2020,9/2023,-,"3,184.00",-,849.93,0/0
2023-10,4L OF DHROL-BHADRA-PATIYA SECTION FROM 0.000 TO KM 13.600 AND BHADRA PATIYA - PIPALIYA SECTION FROM,NHAI,N24001787,GUJARAT,5/2020,10/2023,10/2023,971.03,-,443.10,0/0
2023-10,2-LANE EXISTING RAMPUR BYPASS OF RAMPUR TO BE DEVELOPED TO 4-LANE ON EPC MODE IN THE STATE OF UTTAR,NHAI,N24001746,UTTAR PRADESH,3/2021,4/2024,-,364.47,-,38.47,0/0
2023-10,4L OF BARAMATI TO INDAPUR (PKG- II) FROM KM. 41.400 TO KM. 84.550 OF NH-965G (SAINT TUKARAM MARG),NHAI,N24001502,MAHARASHTRA,9/2021,9/2023,9/2023,624.45,627.79,345.89,0/0
2023-10,CONSTRUCTION OF PARTIALLY ACESS CONTROLLED FOUR LANE ELEVATED HIGHWAY BETWEEN SAMRALA CHOWK (DESIGN,NHAI,N24000662,PUNJAB,3/2017,3/2020,10/2023,754.54,808.60,707.81,3/4
2023-10,4L OF RAJURA-KORPANA-ADILABAD ROAD UPTO M.S. BORDER FROM KM 32.910 TO KM 89.090 OF NH-353B,NHAI,N24001796,MAHARASHTRA,3/2022,10/2024,10/2024,"1,013.33",-,219.96,0/0
2023-10,4 LANING FROM KM. 34.600 TO KM. 79.970 and 2LPS FROM KM. 79.970 TO KM. 82.000 OF NARENPUR - PURNEA S,NHAI,N24001710,BIHAR,9/2020,3/2023,12/2023,"2,334.68","2,335.00",760.04,0/0
2023-10,BALANCE WORKS OF 4L AMRAVATI - CHIKHLI (PKG I),- [N24001800],AMRAVATI TO KURANKHED FROM KM. 166.00 TO KM. 220.00,NHAI,11/2019,7/2023,-,713.07,-,281.00,0/0
2023-10,4L OF KM 0.00 TO KM 42.00 OF OFDOBBASPET TO DODDABALLAPURA BYPASS SECTION NH 648 OLD NH 207 BANGALO,NHAI,N24001509,KARNATAKA,1/2020,4/2021,12/2023,"1,307.00",-,834.52,0/0
2023-10,FOUR LANING OF BANAVARA TO BETTADAHALLI SECTION FROM KM. 119+790 (DESIGN KM. 121+900) TO KM. 166+100,NHAI,N24001686,KARNATAKA,3/2021,3/2023,12/2023,"1,065.06","1,444.50",116.74,0/0
2023-10,DELHI-VADODARA GREENFIELD ALIGNMENT (NH-148N) (PKG-12) (CH. 331.030 TO CH. 359.170),NHAI,MAJOR BRIDGE ON - [N24001569,RAJASTHAN,11/2019,3/2023,2/2024,"1,425.02",-,"1,089.92",0/0
2023-10,4L OF MIRZA CHAUKI TO FARKKA SECTION OF NH80 FROM KM 215.00 TO KM 260.00 ON HAM MODE IN THE,,,,11/2021,7/2023,-,"1,302.72",-,549.75,0/0
2023-10,TWO/FOUR LANNING OF BRT TIGER RESERVE BOUNDARY TO BANGALORE SECTION OF NH- 209(EXISTING CHAINAGE FROM,NHAI,N24000622,KARNATAKA,9/2016,8/2019,5/2024,950.69,-,"1,756.40",0/0
2023-10,SANCHORE - SANTALPUR FROM KM 99.000- KM 130.073 OF NH-754K (AJ- RGBS-PACKAGE-4),NHAI,N24001794,GUJARAT,2/2020,3/2023,-,778.15,-,457.96,0/0
2023-10,FOUR LANING WITH PAVED SHOULDER OF SECTION FROM KM 53.600 (GOLA ON NH-320) TO KM 81.446 (ORMANJHI ON,NHAI,N24001854,JHARKHAND,6/2023,6/2025,-,"1,214.93",-,363.72,0/4
2023-10,FOUR LANNING OF VIKRAVANDI- SETHIYAHOPU FROM KM 0.000 TO KM 60.250(DESIGN CHAINAGE KM 0.000 TO KM 65.,NHAI,N24000652,TAMIL NADU,3/2017,3/2020,5/2024,848.45,-,298.28,0/0
2023-10,6L OF KARKI – KALIAGURA SECTION FROM KM 226.500 TO KM 249.000 OF NH-130-CD (PACKAGE – OD-4),NHAI,N24001670,ODISHA,2/2021,3/2024,-,593.00,-,0.00,0/0
2023-10,CONSTRUCTION/ UP-GRATION OF FOUR/TWO LANE WITH PAVED SHOULDER OF NH68 FROM TANOT- RAMGARH BHADASAR-JA,NHAI,N24000795,RAJASTHAN,2/2018,4/2021,12/2023,741.86,649.00,642.36,0/0
2023-10,"IMPROVEMENT AND UP-GRADATION OF EXISTING ROAD TO 2/4L PS FROM KM 40.000 TO 88.750, START OF KHUTAR B",NHAI,N24001727,UTTAR PRADESH,3/2022,2/2025,-,762.62,-,194.31,0/0
2023-10,4L FROM GAJU VILLAGE AT KM 32.982 TO DEVINAGAR BYPASS (END) AT KM 208.000 OF NH 530B (PKG 1C),NHAI,N24001730,UTTAR PRADESH,12/2021,1/2025,-,"1,384.79",-,466.88,2/4
2023-10,4 LANE OF BILASPUR TO URGA PROJECT (KM 0.00 TO KM 70.2) OF NH-130A,NHAI,N24001611,CHHATTISGARH,4/2020,3/2024,-,"1,855.59","1,869.85",273.56,0/0
2023-10,"4L BYPASSES FOR JAGATPUR, B4ABUGANJ, UNCHAHAR, ALAPUR BYPASS, AND SAI RIVER BRIDGE OF RAEBARELI- PRA",NHAI,N24001815,UTTAR PRADESH,12/2022,11/2024,-,"1,699.00","1,078.00",37.91,0/1
2023-10,CONSTRUCTION OF 8 LANING OF EXISTING 4 LANE VADAPE TO THANE FROM KM 539.202 TO KM 563.000 SECTION OF,NHAI,N24000851,MAHARASHTRA,3/2018,7/2021,-,"1,162.92","1,182.87",235.92,0/0
2023-10,FOUR LANING OF MADURAI- CHETTIKULAM SECTION OF NH-785 FROM MADURAI (KM 0/000) TO CHETTICULAM (7/300),NHAI,N24000827,TAMIL NADU,3/2018,11/2020,11/2023,628.71,-,583.02,0/0
2023-10,FOUR LANNING OF JAGDISHPUR- FAIZABAD SECTION FROM KM 47.930 TO KM 107.680 OF NH-330A,,,,3/2021,3/2023,-,"1,980.00",-,"1,074.37",0/1
2023-10,4 LANING OF NAJIBABAD BYPASS OF NH-119 FROM KM. 105.423 TO KM. 118.373 (EXCLUDING 2.45 KM. OF NH-74,NHAI,N24001753,UTTAR PRADESH,2/2022,6/2024,6/2024,570.98,578.02,186.06,0/0
2023-10,TWO-LANNING WITH PAVED SHOULDER OF MAHSHKUNT- SAHARSA-PURNEA SECTION FROM EXISTING KM.89.020 (DESIGN,NHAI,N24000665,BIHAR,3/2017,3/2020,3/2024,672.89,736.01,369.89,0/0
2023-10,DELHI-AMRITSAR-KATRA EXPRESSWAY (PHASE-I PKG-XI) FROM JUNCTION WITH JALANDHAR - KAPURTHALA ROAD (NH-,NHAI,N24001419,PUNJAB,2/2021,4/2024,11/2024,"1,269.96",-,283.18,0/1
2023-10,CONSTRUCTION OF 4-LANE GREEN FIELD DELHI-AMRITSAR-KATRA EXPRESSWAY (NE-05) FROM JUSSUR KHERI ON KMP,NHAI,N24001533,HARYANA,11/2020,12/2023,-,"1,690.23",-,"1,084.38",0/0
2023-10,KATNI BYPASS FROM KM. 359.50 TO KM. 378.50,NHAI,N24001618,MADHYA PRADESH,9/2019,9/2022,-,194.40,-,139.70,0/0
2023-10,DELHI VADODARA GREENFIELD ALIGNMENT SECTION OF NH 148N PACKAGE 30,NHAI,N24001518,GUJARAT,11/2019,9/2023,-,"1,669.56",-,610.49,0/0
2023-10,4L BANGALORE-CHENNAI EXPRESSWAY FROM KM. 230.000 TO KM. 261.705 OF KANCHEPURAM TO SRIPERUMBUDUR SECT,NHAI,N24001719,TAMIL NADU,2/2021,7/2024,-,"2,948.31","3,516.83",543.50,0/0
2023-10,DHANGAON - BORGAON SECTION (KM 81.000 TO KM 139.000),- [N24001769],INDORE - EDLABAD PKG IV,NHAI,11/2018,8/2023,11/2023,831.00,-,659.84,3/3
2023-10,4L OF END OF PINJORE BYPASS - BADDI - NALAGARH SECTION (KM. 4.200 TO KM. 35.370) OF NH21A,NHAI,N24001813,HIMACHAL PRADESH,7/2021,9/2024,-,"1,692.05",-,610.21,0/0
2023-10,DEVELOPMENT OF 6L UER-II (PACKAGE-I) (NH-1 NEAR BAKOLI TILL KARALA KANJHAWALA ROAD) FROM KM. (-)0.70,NHAI,N24001777,DELHI,7/2020,10/2023,-,"2,171.80",-,958.13,2/4
2023-10,4-LANNING OF STHIYATHOPU- CHOLOPURAM,NHAI,N24000708,TAMIL NADU,9/2017,8/2020,6/2024,"1,227.87",-,"1,147.47",0/0
2023-10,LUCKNOW RING ROAD PKG-1 (SULTANPUR ROAD TO BEHTA ROAD),NHAI,BYPASS CONNECTING NH-56 AT KM. 17.40 AND TER - [N24001743,UTTAR PRADESH,1/2018,2/2023,8/2023,"1,916.38",-,"1,186.15",0/0
2023-10,4-LANNING OF VARANASI GORAKHPUR SECTION OF NH-29 FROM 88.00 148.00 KM 4-LANNING OF VARANASI GORAKHPU,NHAI,N24000549,UTTAR PRADESH,3/2016,10/2019,8/2023,"1,396.74","4,041.80","3,767.35",0/1
2023-10,4L SUNDER NAGAR BYPASS FROM KM173.900 TO KM 179.600 OF NH-21 IN THE STATE OF HP,NHAI,N24001810,HIMACHAL PRADESH,2/2022,6/2024,-,190.60,-,61.13,0/0
2023-10,4L OF AHMEDNAGAR - MIRAJGAON - KARMALA - TEMBHURNI (PKG-II),NHAI,GHOGARGAON TO AHMEDNAGAR- SOLPAUR DISTR - [N24001499,MAHARASHTRA,1/2022,1/2024,-,629.00,629.00,518.47,3/4
2023-10,6L ACCESS CONTROLLED HIGHWAY FROM DND MAHARANI BAGH JN. WITH JAITPUR PUSHTA ROAD OF NH 148NA FROM,NHAI,N24001773,DELHI,5/2020,7/2024,-,"1,467.44",-,753.03,0/0
2023-10,DELHI AMRITSAR KATRA EXPRESSWAY PHASE I SPUR III FROM JUNCTION WITH AMRITSAR JALANDHAR ROAD NH3 NEAR,NHAI,N24001641,PUNJAB,3/2021,10/2024,-,"1,641.75",-,92.61,0/0
2023-10,BALANCE WORK OF RANCHI- MAHULIA SECTION OF NH-33 FROM KM 113.730 (VIKAS) TO KM 140.000 (RAMPUR) (PKG-,NHAI,N24001597,JHARKHAND,1/2019,12/2020,-,466.55,518.00,0.00,0/0
2023-10,DELHI-AMRITSAR-KATRA EXPRESSWAY (PHASE-II PKG-XV),NHAI,JUNCTION WITH HIRANAGAR ROAD NEAR VILLAGE GURHA B - [N24001552,JAMMU AND KASHMIR,10/2021,9/2024,-,"2,714.95","2,714.95",448.65,1/4
2023-10,BAL. WORKS OF FAGNE (KM. 510.000) TO MAHARASHTRA/GUJARAT BORDER (KM. 650.794),NHAI,N24001804,MAHARASHTRA,12/2019,9/2022,-,"1,654.07",-,724.63,0/0
2023-10,CONSTRUCTION OF 6 LANE ELEVATED CORRIDOR ALONG WITH DEVELOPMENT OF EXISTING 4 LANE ROAD AT GROUND LE,NHAI,N24001648,KERALA,8/2022,1/2026,-,"2,429.52",-,67.08,0/0
2023-10,8L OF DWARKA EXPRESSWAY PKG-II (RUB NEAR DWARKA SECTOR 21- DL/HR BORDER) FROM 5.300 KM.TO 9.500 KM. O,NHAI,N24001781,DELHI,1/2018,10/2021,-,"2,067.67",-,"1,496.49",3/4
2023-10,DELHI-VADODARA GREENFIELD ALIGNMENT (NH-148N) (PKG-11) (CH. 319.400 TO CH. 331.030),NHAI,HARDEOGANJ VILL - [N24001566,RAJASTHAN,11/2019,5/2023,2/2024,"1,640.10",-,"1,139.14",0/0
2023-10,4-LANNING OF WARANGA- MAHAGAON SECTION(KM 253.7000 TO 320.580),NHAI,N24000659,MAHARASHTRA,3/2017,3/2017,5/2021,"1,059.73","1,071.00",837.73,0/0
2023-10,4L OF OBEDULLGANJ - BUDNI SECTION FROM KM. 8.400 TO KM. 20.700 IN RATANPANI WILDLIFE,,,,2/2022,3/2024,-,417.51,-,101.49,0/0
2023-10,DEVELOPMENT OF 6 LANE JALANDHAR BYPASS FROM KAHLWAN NATIONAL HIGHWAY 03 DESIGN KM 0.00 ENDING AT K,NHAI,N24001637,PUNJAB,3/2021,1/2025,-,"1,754.84",-,828.38,0/0
2023-10,4L OF HARDA - BETUL (PKG-I) FROM KM.0 TO KM.30,- [N24001763],HARDA - TEMAGAON,NHAI,9/2021,9/2023,-,774.16,-,392.54,3/4
2023-10,4-LANNING OF END OF PANDOH BYPASS TAKOLI IN H.P,NHAI,N24000692,HIMACHAL PRADESH,6/2017,6/2020,-,"2,485.93",-,"1,462.31",0/0
2023-10,PACKAGE-21 CONSTRUCTION OF EIGHTLANE ACCESS- CONTROLLED EXPRESSWAY CARRIAGEWAY FROM KAMLIYA VILLAGE,NHAI,N24001231,MADHYA PRADESH,2/2019,12/2021,9/2022,990.97,-,"1,092.00",3/3
2023-10,SIX LANING OF RAMANATTUKARA JUNCTION TO START OF VALANCHERY BYPASS SECTION OF NH-66 (OLD NH-17) FROM,NHAI,N24001658,KERALA,1/2021,7/2024,-,"4,265.42",-,"2,901.62",0/0
2023-10,CHALLAKERE TO HARIYUR SECTION FROM KM 358.500 TO KM 414.205 OF NH150 A,NHAI,N24001690,KARNATAKA,1/2021,1/2023,12/2023,"1,167.52","1,157.00",823.94,0/0
2023-10,"4L OF SHAMLI BYAPSS- SAHARANPUR FROM KM 92.2 TO KM 155.025 SECTION OF NH-709B, PKG-II",NHAI,N24001744,UTTAR PRADESH,5/2019,11/2022,-,779.17,-,10.78,0/0
2023-10,BANGALORE CHENNAI EXPRESSWAY PHASE-III – PACKAGE I (GUDIPALA TO WALAJAJHPET) FROM KM 156.000 TO KM 1,NHAI,N24001720,TAMIL NADU,10/2020,5/2024,-,"1,023.91","1,284.62",349.81,0/0
2023-10,SIX LANING OF BIHAR - JHARKHAND BORDER (CHORDAHA) TO GORHAR SECTION,NHAI,N24000726,JHARKHAND,1/2018,11/2021,9/2022,"1,155.16",-,577.70,0/0
2023-10,KHUDUS TO DHARAMPURI PACKAGE 3 SANT DNYANESHWAR MAHARAJ PALKHI MARG SECTION OF NH965,NHAI,N24001379,MAHARASHTRA,2/2019,1/2022,5/2023,594.75,594.75,563.69,4/4
2023-10,CONSTRUCTION OF EIGHT LANE ACCESS CONTROLLED EXPRESSWAY FROM KM 103.400 TO KM 128.000 OF VADODARA MU,NHAI,N24001786,GUJARAT,3/2021,3/2024,-,"1,259.00",-,76.68,0/0
2023-10,BALANCE WORK OF 4- LANING OF PATNA-GAYA-DOBHI SECTION (KM. 0.00 TO KM. 127.217) OF NH-83 IN THE STAT,NHAI,N24001303,BIHAR,10/2013,12/2020,-,649.90,-,564.00,0/0
2023-10,"FOUR LANING OF SOLAN- KAITHLIGHAT SECTION OF NH-22 (NOW NH-5) FROM KM 106.139 TO KM 129.050, ON EPC M -",,,,3/2018,5/2021,11/2022,478.74,-,"1,089.62",0/0
2023-10,4L OF PALMA TO GUMLA SECTION OF NH23 FROM KM. 26.00 TO KM. 89.170 ON HAM MODE IN THE STATE OF JHARKH,NHAI,N24001595,JHARKHAND,8/2020,3/2024,-,"1,034.00",-,41.50,0/0
2023-10,SIX-LANNING OF GREENFIELD PROPOSED UDAIPUR BYPASS PKG- IV,NHAI,N24000691,RAJASTHAN,4/2017,4/2020,11/2023,894.00,-,915.65,0/0
2023-10,CONSTRUCTION OF FOUR LANE GREENFIELD PROJECT OF DELHI- AMRITSAR-KATRA EXPRESSWAY (PHASE-I PKG-IV) FRO,NHAI,N24001634,HARYANA,1/2021,12/2023,-,"1,306.95",-,802.66,2/4
2023-10,DELHI-AMRITSAR-KATRA EXPRESSWAY FROM JUNCTION WITH LUDHIANA-MOGA ROAD (NH-5) NEAR MULLANPUR DAKHA TO,NHAI,N24001417,PUNJAB,12/2020,4/2024,7/2024,"1,234.40",-,478.99,0/1
2023-10,BALANCE WORKS OF FOUR LANING FROM RAMBAN KM 151.00 TO BANIHAL KM 187.00 OF NH-1A (NOW NH-44) WITH VA,NHAI,N24001472,JAMMU AND KASHMIR,9/2021,12/2023,1/2024,811.19,-,593.45,0/0
2023-10,"6L STANDALONE FLYOVERS AT BONGAIGAON, CHAPAGURI, PATHSALA, SIMLAGURI CHOWK AND BAIHATA BYPASS JUNCTI",NHAI,N24001548,ASSAM,3/2022,6/2024,-,457.72,-,75.62,0/0
2023-10,6L ACCESS-CONTROLLED HIGHWAY OF DAAT KALI TUNNEL - DEHRADUN OF GANESHPUR – DEHRADUN SECTION FROM KM.,NHAI,N24001525,UTTARAKHAND,3/2021,3/2024,3/2024,169.08,-,80.44,0/0
2023-10,4-LANNING OF CHAPRA-HAJIPUR,NHAI,N24000187,BIHAR,1/2011,7/2013,6/2024,575.00,-,521.40,2/3
2023-10,CONSTRUCTION OF NH-24 EXTENSION 4-LANE BYPASS STARTING FROM BEHTA ROAD AND TERMINATING AT SITAPUR RO,NHAI,N24000796,UTTAR PRADESH,3/2018,12/2021,12/2023,"1,117.84",-,798.91,0/0
2023-10,CONSTRUCTION OF NEW LINK (NH- 133B) FROM KM 0/00 (KM 200/87 OF SAHIBANJ BYPASS) IN JHARKHAND TO KM 15,NHAI,N24000714,BIHAR,12/2017,10/2024,10/2024,"2,598.00",-,"1,076.15",0/0
2023-10,FOUR OF SIMARIA - KHAGARIA SECTION OF NH-31,NHAI,N24000480,BIHAR,12/2015,4/2019,7/2022,"1,041.10",567.00,530.28,0/0
2023-10,4L OF RATNAGIRI - KOLHAPUR SECTION FROM KM 112.340 TO KM 145.300 OF NH-166 (PKG–III),NHAI,N24001835,MAHARASHTRA,5/2023,5/2025,-,986.00,-,27.82,0/4
2023-10,DEVELOPMENT OF NEWLY DECLARED NH-527C FROM MAJHAULI TO CHAROUT SECTION TO 2 LANE WITH PAVED SHOULDER,NHAI,N24000813,BIHAR,3/2018,11/2021,6/2024,496.20,496.38,296.86,0/0
2023-10,4L FROM MATHURA BYPASS (START) AT EXISTING KM. 154.20 OF NH-44 TO GAJU VILLAGE AT KM 32.982 OF NH-53,NHAI,N24001851,UTTAR PRADESH,1/2022,3/2025,-,"1,738.20",-,583.85,1/4
2023-10,CONSTRUCTION OF FOUR-LANE GREENFIELD DELHI-AMRITSAR- KATRA EXPRESSWAY FROM JUNCTION WITH ROHTAK-PANIP,NHAI,N24001534,HARYANA,12/2020,1/2024,3/2024,"1,334.04",-,717.42,0/0
2023-10,SIX LANING FROM THALIKULAM TO KODUNGALLUR SECTION OF NH – 66 (OLD NH-17) FROM DESIGN CH.369+015 (EX.,NHAI,N24001656,KERALA,6/2021,3/2025,-,"2,595.00",-,"2,811.05",0/0
2023-10,SANGARIYA (NEAR CHAUTALA)- RASISAR (NEAR BIKANER) (PHASE-I) (AJ/SR-PACKAGE-1),NHAI,N24001562,RAJASTHAN,2/2019,10/2023,12/2023,738.90,-,799.24,0/0
2023-10,6L KORLAM-KANTAKAPALLE SECTION OF NH-130CD ROAD FROM KM 421.100 TO KM 445.100 (PKG-3),NHAI,N24001839,ANDHRA PRADESH,2/2021,2/2024,-,772.70,-,443.78,0/4
2023-10,DELHI-VADODARA GREENFIELD ALIGNMENT (NH-148N) (PKG-10) (CH. 292.950 TO CH. 319.400),NHAI,END OF INTERCHA - [N24001567,RAJASTHAN,11/2019,10/2022,3/2024,"1,272.97",-,428.59,0/0
2023-10,CONSTRUCTION OF 4 LANE ELEVATED SECTION AND AT- GRADE IMPROVEMENTS AT BEGUSARAI TOWN SECTION OF NH- 3,NHAI,N24001699,BIHAR,3/2022,12/2024,-,312.58,-,73.68,0/0
2023-10,"6L FLYOVER AT BORAGAON, GORCHUK, LOKHRA AND BASISTHA JUNCTION ON GUWAHATI BYPASS SECTION FROM KM 146",NHAI,N24001432,ASSAM,12/2021,8/2024,-,300.00,-,238.50,0/0
2023-10,DELHI-AMRITSAR-KATRA EXPRESSWAY FROM CH.KM 303+900 TO KM 319+400 OF MAIN EXPRESSWAY) AND AMRITSAR CO,NHAI,N24001418,PUNJAB,12/2020,4/2024,7/2024,"1,094.46",-,450.34,0/1
2023-10,REHABILITATION AND UPGRADATION OF TWO LANING OF MAHESHKHUNT - SAHARSA - PURNEA SECTION PKG - I,NHAI,N24000723,BIHAR,1/2018,12/2021,12/2019,573.70,644.50,404.02,0/0
2023-10,FOUR LANING OF PARARIA TO MOHANIA SECTION OF NH 319 (OLD NH 30) FROM KM. 54+530 (DESIGN CHAINAGE) TO,NHAI,N24001712,BIHAR,8/2020,7/2023,-,690.00,-,727.54,0/0
2023-10,PATNA-MUZZAFFARPUR,NHAI,N24000165,BIHAR,8/2010,2/2013,12/2023,671.30,-,"1,706.00",3/4
2023-10,4L OF KHEDAKHAJURIYA TO SUHAGADI FROM KM. 41.400 TO KM. 89.200 OF NH-148NG (PKG-II),NHAI,N24001757,MADHYA PRADESH,1/2020,10/2024,-,876.37,-,242.63,0/0
2023-10,4L MITIGATION MEASURE STRUCTURES ON CH/MH BORDER TO WAINGANGA BRIDGE SECTION OF NH-53,NHAI,N24001798,MAHARASHTRA,2/2021,11/2023,-,540.21,-,196.87,0/0
2023-10,FOUR LANING OF MUNGER TO MIRZACHAUKI (NH-80) SECTION FROM KHARIA VILLAGE JUNCTION TO START OF EXISTI,NHAI,N24001704,BIHAR,3/2021,3/2024,-,"1,020.84",-,84.78,0/0
2023-10,4L SPUR OF SHAMLI- MUZZAFARNAGAR CONNECTING NH-709AD (PANIPAT-SHAMLI- MUZAFFARNAGAR) AND NH-58 (MEERUT,NHAI,N24001726,UTTAR PRADESH,1/2023,8/2024,-,391.26,-,14.12,0/0
2023-10,INDORE - HARDA (PKG-III),- [N24001762],NANASA TO PIDGAON SECTION FROM KM 95.000 TO KM 142.445,NHAI,10/2021,1/2024,-,"1,146.22",-,461.68,2/4
2023-10,4-LANING OF GOA/KARNATAKA BORDER-KUNDAPUR SECTION,NHAI,N24000462,KARNATAKA,5/2014,8/2016,6/2023,"1,655.01","2,639.00","1,771.52",4/4
2023-10,DELHI-VADODARA GREENFIELD ALIGNMENT (NH-148N) (PKG-13) (CH. 359.170 TO CH. 388.420),NHAI,JUNCTION WITH S - [N24001571,RAJASTHAN,11/2019,12/2023,2/2024,"1,341.36",-,891.01,0/0
2023-10,BANGALORE/TN BORDER TO HOSKOTE,NHAI,N24001674,KARNATAKA,2/2023,2/2025,-,"1,240.60",-,436.97,0/0
2023-10,KHAMMAM-DEVARAPALLE PKG I,NHAI,4L ACCESS CONTROLLED (GREENFIELD) FROM THALLAMPADU VILLAGE TO SOMAVARAM - [N24001482,TELANGANA,8/2022,10/2024,-,772.11,-,276.41,0/0
2023-10,REHABILITATION AND UPGRADATION OF CUTTACK-ANGUL SECTION TO 4 LANE (KM 60.20) TO (KM 112.0) PKG II ON,NHAI,N24000736,ODISHA,1/2018,9/2020,-,686.65,504.09,355.84,0/0
2023-10,VADODARA MUMBAI EXPRESSWAY (PHASE II - PKG XIII),(SHIRSAD - MASVAN) - [N24001506],KM. 26.582 TO KM. 50.700,NHAI,2/2022,2/2024,-,"2,747.00",-,569.46,0/0
2023-10,6L FROM SANKESHWAR BYPASS TO MH KNT BORDER FROM KM. 555.017 TO KM. 592.853 OF NH-48 (PKG II),NHAI,N24001598,KARNATAKA,1/2022,4/2025,4/2025,"1,388.70","1,388.70",105.31,1/4
2023-10,4L OF AHMEDNAGAR - MIRAJGAON - KARMALA - TEMBHURNI (PKG-I),,,,12/2021,12/2023,-,605.00,605.00,534.73,0/4
2023-10,4L KODINAR - VERAVAL (PACKAGE VI) FROM KM. 222.400 TO KM. 230.00 (KODINAR BYPASS) OF NH-8E (NH 51 NE,NHAI,N24001827,GUJARAT,3/2022,3/2023,-,162.73,-,60.69,0/0
2023-10,4L PS MYDUKUR BADVEL FROM KM 585.820 TO KM 630.960 SECTION OF NH 67,NHAI,N24001849,ANDHRA PRADESH,5/2022,7/2025,-,"1,063.72",-,170.67,0/0
2023-10,4-LANNING OF BODHRE-DHULE SECTION(KM 390.000 TO 452.800),NHAI,N24000656,MAHARASHTRA,3/2017,3/2020,7/2022,744.64,-,257.01,0/0
2023-10,SIX LANING OF THALIPARAMBHA- MUZHAPILANGAD SECTION FROM KM 137.900 TO KM. 170.600 OF NH- 17 (NEW NH,NHAI,N24001660,KERALA,8/2020,2/2024,11/2021,"2,714.60","3,319.41","1,439.90",0/0
2023-10,DELHI VADODARA GREENFIELD ALIGNMENT SECTION OF NH 148N PACKAGE 31,NHAI,N24001520,GUJARAT,11/2019,5/2024,-,"1,604.06",-,"1,104.87",0/0
2023-10,REHABILITATION AND UPGRADATION OF SIX LANING OF BHADRAK BALESHWAR SECTION (KM 136.50) TO (KM 199.141,NHAI,N24000738,ODISHA,1/2018,9/2021,-,999.00,"1,152.70",339.23,0/0
2023-10,VADODARA MUMBAI EXPRESSWAY (PHASE II - PKG XVI),(AMNE - BHOJ) - [N24001508],KM. 43.000 TO KM. 69.800 OF SPUR,NHAI,11/2022,10/2024,-,"1,450.00",-,186.84,0/0
2023-10,FOUR LANÌNG OF PUDUCHERRY (KM.29/000) TO POONDIYANKUPPAM (KM.67/000) SECTION OF NH-45A ON HAM UNDER,NHAI,N24001429,TAMIL NADU,3/2018,11/2021,-,"1,294.47","1,588.40",666.26,0/0
2023-10,SIX LANING OF START OF KOLLAM BYPASS (KM.486+000) KADAMBATTUKONAM (KM.517+250) SECTION OF NEW NH-66,NHAI,N24001654,KERALA,6/2021,3/2025,3/2025,"2,641.37",-,170.44,0/0
2023-10,4L OF SAGAR - MOHARI FROM KM.8 TO KM.50 (PKG-I),NHAI,N24001615,MADHYA PRADESH,3/2021,4/2024,-,790.78,-,210.79,0/0
2023-10,REHABILITATION AND UP GRADATION OF EXISTING ROAD TO 2-LANE WITH PAVED SHOULDER CONFIGURATION IN PURU,NHAI,N24000788,WEST BENGAL,3/2018,9/2022,12/2022,841.57,"1,619.48","1,419.87",0/0
2023-10,6L ACCESS CONTROLLED GREENFIELD HIGHWAY FROM AUDIREDDIPALLE 160.000 KM. TO MALLAPALLE 176.000 KM. PA,NHAI,N24001847,ANDHRA PRADESH,1/2023,11/2025,-,956.14,-,18.72,0/0
2023-10,6L OF EXISTING 4L FROM GUNDLAPOCHAMPALLY TO BOWENPALLY FROM KM 471.300 TO KM 481.331 OF NH-44,NHAI,N24001556,TELANGANA,12/2021,7/2024,-,521.53,-,140.74,0/0
2023-10,SIX LANNING OF AURANGABAD TO BIHAR/JHARKHAND BORDER SECTION OF NH-19 (OLD NH-2) FROM KM. 209.827 TO,NHAI,N24001700,BIHAR,12/2021,3/2024,-,552.55,553.00,310.18,0/0
2023-10,BALANCE 4 LANING WORK OF RAIGANJ DALKHOLA SECTION OF NH34 FROM KM 398.000 TO KM 452.750 (PACKAGE V),NHAI,N24001751,WEST BENGAL,12/2018,9/2021,-,"1,548.07",-,"1,089.04",0/0
2023-10,4-LANNING OF HARIDWAR-NAGINA SECTION OF NH 74 FROM (KM 204.300 OF NH 58) TO KM 73.00,NHAI,N24000564,UTTAR PRADESH,3/2016,7/2020,5/2024,"1,408.00","1,659.12","1,116.05",1/4
2023-10,"REMAINING WORK OF 2L+PS OF TRICHY - KARAIKUDI SECTION OF NH-210, INCLUDING TRICHY BYPASS",NHAI,N24001604,TAMIL NADU,2/2019,3/2021,-,166.90,-,118.82,0/0
2023-10,SIX LANING OF NEELESHWARAM TO THALIPARAMBHA SECTION FROM CH. 94+540 (EXISTING KM 96+450) TO CH. 134+,NHAI,N24001663,KERALA,6/2020,4/2024,10/2021,"3,041.65","3,799.76","1,849.05",0/0
2023-10,HARIHARGANJ TO PARWA MODE SECTION FROM KM 23.284 TO KM 57.049 OF NH-98,NHAI,N24001589,JHARKHAND,9/2020,3/2024,-,755.26,-,434.02,0/0
2023-10,4-LANNING OF TARSOD- FAGNE(FROM KM 422.700-510.00),NHAI,N24000628,MAHARASHTRA,11/2016,7/2021,12/2023,"1,064.88",-,836.30,3/4
2023-10,DEVELOPMENT OF 6L UER II,(NANGLOI - NAJAFGARH ROAD TILL SECTOR 24 DWARKA) FROM KM. 2 - [N24001776],PACKAGE - III,NHAI,7/2020,10/2023,-,"1,069.27",-,748.48,3/4
2023-10,4-LANING OF MADATHUKULAM - POLLACHI SECTION OF NH-209 (NEW NH-83),NHAI,N24001602,TAMIL NADU,1/2019,12/2022,-,"1,409.38",-,554.95,0/0
2023-10,VADODARA MUMBAI EXPRESSWAY (PHASE II - PKG XII),(MASVAN - GANJAD) - [N24001505],KM. 50.700 TO KM. 77.000,NHAI,3/2022,3/2024,-,"1,549.02",-,334.25,0/0
2023-10,FOUR LANING OF BETTADAHALLI TO SRIRAMPURA SECTION FROM KM. 166+100 (DESIGN KM. 170+415) TO KM. 217+0,NHAI,N24001687,KARNATAKA,10/2021,10/2023,10/2024,"1,331.77","2,082.98",149.45,0/0
2023-10,AMRITSAR AIRPORT JUNCTION RAMDAS FROM KM. 100.835 TO KM. 139.813 PKG IV,NHAI,N24001644,PUNJAB,12/2020,9/2023,-,524.88,-,126.74,0/0
2023-10,BANGALORE CHENNAI EXPRESSWAY (PHASE-II PKG-I) FROM KM.71.000 TO KM 96.000 (BETHAMANGALA IN THE STATE,NHAI,N24001822,ANDHRA PRADESH,12/2020,10/2024,-,"1,075.27",-,489.30,0/4
2023-10,6-LANING OF KOZHIKODE BYPASS (CALICUT BYPASS) (I.E. VENGALAM JN. TO RAMANATTUKARA JN.) SECTION OF NH,NHAI,N24000784,KERALA,2/2018,2/2023,1/2024,"1,424.77","1,862.77",503.17,0/0
2023-10,6L ACCESS CONTROL GREENFIELD HIGHWAY OF VILL-KHYAWARI TO VILL-LATIFPUR AT SAHARANPUR BYPASS FROM KM,NHAI,N24001735,UTTAR PRADESH,3/2022,8/2024,-,"1,428.19",-,227.80,0/0
2023-10,SIX LANING OF AURANGABAD TO BIHAR - JHARKHAND BORDER (CHORDAHA) SECTION,NHAI,N24000724,BIHAR,1/2018,4/2024,-,895.39,-,"1,632.71",0/0
2023-10,VADODARA MUMBAI EXPRESSWAY (PHASE II - PKG XV),(AKLOLI - AMNE) - [N24001521],KM. 20.200 TO KM. 43.000 OF SPUR,NHAI,11/2022,10/2024,5/2024,990.00,-,153.78,0/0
2023-10,AHMEDNAGAR BYPASS,NHAI,N24001497,MAHARASHTRA,7/2021,7/2023,-,715.00,715.00,489.75,3/4
2023-10,FOUR LANING OF NERALURU TO THORAPALLI AGRAHARAM SECTION OF NH-844 (PKG-I) FROM KM.0+000 TO KM.23+350,NHAI,N24001693,TAMIL NADU,9/2021,10/2024,-,"1,751.18",-,308.26,0/0
2023-10,CONSTRUCTION OF EIGHT LANE EXPRESSWAY STARTING AT CH. 47+000 NEAR KHANPUR GHATI AND ENDS AT HARYANA,NHAI,N24001784,HARYANA,11/2018,9/2021,-,"1,935.61",-,856.41,0/0
2023-10,6L KANTAKAPALLE – SABBAVARAM SECTION OF NH-130CD ROAD FROM KM 445.100 TO KM 464.662 (PKG-4),NHAI,N24001836,ANDHRA PRADESH,2/2021,10/2024,-,824.29,-,345.08,0/4
2023-10,INDORE - HARDA (PKG-I),- [N24001766],INDORE TO RAGHAV GARH FROM KM. 0.25 TO KM. 26.903,NHAI,1/2022,10/2024,-,"1,011.29",-,24.35,0/0
2023-10,REHABILITATION AND UP- GRADATION OF EXISTING 2-LANE TO FOUR LANE FROM TALCHAR TO END OF KAMAKHYANAG,NHAI,N24000734,ODISHA,1/2018,8/2021,-,614.48,503.30,641.00,0/0
2023-10,4L OF INDORE - BOREGAON (PKG-III),FROM KM. 42.260 TO KM. 82.660 OF NH347BG AND - [N24001767],BALWARA TO DHANGAON,NHAI,1/2021,4/2024,-,"1,001.69",-,190.18,0/0
2023-10,BANGALORE CHENNAI EXPRESSWAY (PHASE-II PKG-III) FROM KM.127.000 TO KM 156.000 (BANGARUPALEM TO GUDIP -,,,,11/2020,10/2024,-,"1,137.74",-,505.90,0/4
2023-10,BALANCE WORK OF 4- L ANING OF PATNA-GAYA-DOBHI SECTION (KM.83.00 TO KM. 127.217) OF NH-83 IN THE STA,NHAI,N24001305,BIHAR,10/2013,11/2020,-,464.09,-,541.65,0/0
2023-10,FOUR LANING OF POONDIYANKUPPAM (KM.67/000) TO SATTANATHAPOURAM (KM.123/800) SECTION OF NH-45A ON HAM,NHAI,N24001430,TAMIL NADU,3/2018,1/2022,-,"2,120.40","2,565.63","1,251.61",0/0
2023-10,SIX LANING FROM KODUNGALLUR TO EDAPALLY SECTION OF NH –66 (OLD NH-17) FROM DESIGN CHAINAGE 397+750 (,NHAI,N24001653,KERALA,11/2021,4/2025,-,"3,565.82",-,"1,723.54",0/0
2023-10,"CONSTRUCTION OF FLYOVER AT KM.544.650 INCLUDING ROB ,SERVICE ROADS ,FOOTPATH FOR RCC DRAINS ON URBAN",NHAI,N24000442,MAHARASHTRA,12/2015,3/2019,11/2023,649.50,-,322.30,2/4
2023-10,4L OF AKOLA - MEDSHI FROM KM. 0.00 TO KM. 47.70 OF NH-161 INCLUDING BYPASSES AT PATUR AND MEDSHI,NHAI,N24001803,MAHARASHTRA,12/2019,11/2022,9/2023,"1,393.95","1,393.95",527.13,0/0
2023-10,4 LANING OF GALGALIA - BAHADURGANJ SECTION FROM KM 0.000 TO KM 49.000 (PACKAGE-I) OF NH-327E.,NHAI,N24001706,BIHAR,3/2021,1/2024,-,"1,097.18","1,097.00",391.13,0/0
2023-10,4-LANING OF GOHANA-SONIPAT (PKG-2) SECTION FROM KM 40.601 TO KM 78.837 (LENGTH = 38.236KM) OF NH-352,NHAI,N24001535,HARYANA,7/2020,7/2022,11/2023,899.00,-,920.51,0/0
2023-10,2L PS OF UJJAIN - JHALAWAR (UPTO RJ BORDER) FROM KM. (-)0.650 TO KM. 132.955 OF NH-552G,NHAI,N24001760,MADHYA PRADESH,10/2020,6/2023,11/2023,506.56,498.47,428.09,0/0
2023-10,4L OF BAL WORKS OF MAHUVA TO KAGVADAR FROM 100.450 KM. TO 140.470 KM. OF NH-8E (PKG- III),NHAI,N24001793,GUJARAT,3/2021,9/2022,-,485.75,-,208.12,0/0
2023-10,SIX LANING OF CHAKERI TO ALLAHABAD SECTION OF NH-2 FROM KM 483.687 TO KM 628.753 (DESIGN LENGTH – 14,NHAI,N24001185,UTTAR PRADESH,11/2017,7/2021,4/2023,"2,159.00","2,262.00","2,230.70",0/0
2023-10,BALANCE WORK OF 2L PS FROM KM 30.800 TO 70.800 AND 2L WITH RIGID CARRIAGEWAY FROM 70.800 TO KM 84.12,NHAI,N24001677,KARNATAKA,11/2022,5/2024,5/2024,226.76,226.76,39.80,1/4
2023-10,DWARKA EXPRESSWAY PKG-III (DELHI/HR BORDER TO START OF ROB GURUGRAM),NHAI,N24001780,HARYANA,1/2018,11/2020,8/2023,"2,228.00",-,"1,411.27",0/4
2023-10,6L ACCESS CONTROLLED GREENFIELD HIGHWAY FROM VANKARAKUNTA 45.700 KM. TO,,,,12/2022,11/2025,-,992.89,-,28.26,0/0
2023-10,6L OF KAGAL-SATARA SECTION FROM KM 658.000 TO KM 725.000 OF NH-48 (PKG-II),NHAI,N24001493,MAHARASHTRA,12/2022,12/2024,-,"1,749.86",-,426.00,1/4
2023-10,KARAIPETTAI TO WALAJAPET FROM KM 71.015 TO 107.091,NHAI,N24001723,TAMIL NADU,10/2018,2/2021,-,707.90,766.51,343.05,0/0
2023-10,4-LANING OF VADIPPATTI - THAMARAIPATTI SECTION OF NH- 744A (MADURAI RING ROAD),NHAI,N24001606,TAMIL NADU,12/2018,3/2022,7/2024,854.94,-,220.23,0/0
2023-10,FOUR LANING OF SATTANATHAPURAM (KM.123/800) TO NAGAPATTINAM (KM.179/555) SECTION OF NH-45A ON HAM UN,NHAI,N24001431,TAMIL NADU,3/2018,10/2020,-,"1,872.68","2,661.51",875.59,0/0
2023-10,DEVELOPMENT OF 6L UER II,(KARALA KANJHAWALA ROAD TILL NANGLOI - NAJAFGARH ROAD) FROM - [N24001825],PACKAGE - II,NHAI,7/2020,10/2023,-,"1,894.96",-,741.88,2/4
2023-10,SIX LANE ACCESS CONTROLLED OF DELHI SAHARANPUR HIGHWAY FROM AKSHARDHAM NH 9 JUNCTION TO DELHI UP BOR,NHAI,N24001771,DELHI,6/2020,12/2024,-,"1,479.22",-,825.00,0/0
2023-10,"4LPS OF MUZAFFARNAGAR TO MIRANPUR SECTION OF NH-709AD, PKG-III",NHAI,N24001737,UTTAR PRADESH,11/2021,4/2024,-,923.15,-,455.61,0/0
2023-10,DELHI-VADODARA GREENFIELD ALIGNMENT (NH-148N) (PKG-09) (CH. 247.310 TO CH. 292.950),NHAI,JUNCTION WITH M - [N24001573,RAJASTHAN,11/2019,12/2022,10/2023,"1,658.06",-,156.05,0/0
2023-10,"4L OF KM.165.092 TO KM.171.855 (NORTH BOUND) AND FROM KM.166.895 TO KM.173.638 (SOUTH BOUND), EXCL.",NHAI,N24001621,JAMMU AND KASHMIR,7/2021,8/2024,8/2024,614.48,-,66.79,0/0
2023-10,SIX LANING OF KADAMBATTUKONAM TO KAZHAKKOOTTAM SECTION OF NH- 66(OLD NH-47) FROM KM. 517+250 TO KM.54,NHAI,N24001650,KERALA,12/2021,1/2025,1/2025,"3,635.64",-,103.37,0/0
2023-10,6L OF IT CITY CHOWK TO KURALI CHANDIGARH ROAD,NHAI,N24001631,PUNJAB,3/2021,10/2024,-,"1,525.31",-,173.00,0/0
2023-10,CONSTRUCTION OF TWIN TUBE TUNNELS ON JAMMU KASHMIR RING ROAD (NH-244A) BETWEEN DESIGN CH. 50+600 TO,NHAI,N24001926,JAMMU AND KASHMIR,3/2023,6/2025,-,939.86,-,0.00,0/0
2023-10,6L ACCESS CONTROLLED GREENFIELD HIGHWAY OF JUNCTION OF EPE (VILL.- MAVIKALAN) TO VILL.-LOHADDA,,,,3/2022,8/2024,-,"1,602.48",-,181.46,0/0
2023-10,6L ACCESS CONTROLLED GREENFIELD HIGHWAY OF NANDINNE VILLAGE TO JULEKAL VILLAGE FROM KM 202.900 TO KM,NHAI,N24001626,TELANGANA,2/2022,1/2025,-,972.06,-,8.38,0/0
2023-10,6L OF ACCESS-CONTROLLED HIGHWAY FROM MOHAND TO DAAT KALI TUNNEL OF GANESHPUR – DEHRADUN SECTION FROM,NHAI,N24001524,UTTAR PRADESH,3/2021,10/2023,10/2023,990.28,-,834.74,0/0
2023-10,4 LANING OF CHAMPA-KORBA- CHHURI-KATGHORA SECTION OF NH 149B FROM KM.0.000 TO KM.38.200,NHAI,N24001591,CHHATTISGARH,2/2021,1/2024,-,999.97,-,864.81,0/0
2023-10,TWO / FOUR LANING OF RAEBARELI - JAGDISHPUR SECTION OF NH-330A FROM KM. 0.000 TO KM. 47.800 (DESIGN,NHAI,N24001306,UTTAR PRADESH,10/2020,3/2023,-,724.60,-,490.98,0/1
2023-10,4-LANING OF ODDANCHATRAM - MADATHUKULAM SECTION OF NH- 209 (NEW NH-83),NHAI,N24001603,TAMIL NADU,1/2019,10/2022,-,"1,518.53",-,893.96,0/0
2023-10,6L ALURU - JAKKUVA SECTION OF NH-130CD ROAD FROM KM 365.033 TO KM 396.800 (PKG. 1),NHAI,N24001838,ANDHRA PRADESH,2/2021,3/2024,-,922.50,-,320.22,0/4
2023-10,6L ACCESS CONTROLLED GREENFIELD HIGHWAY FROM MALLAPALLE 176.000 KM. TO KAVULAKUNTLA 196.000 KM. PACK,NHAI,N24001848,ANDHRA PRADESH,2/2023,10/2025,-,909.02,-,27.25,0/0
2023-10,6L OF PONDAVAKKAM TO KANNIGAIPAIR FROM KM 96.040 TO KM 116.100 OF NH 716B (PKG-IV),NHAI,N24001818,ANDHRA PRADESH,2/2021,1/2025,-,818.73,-,104.37,0/4
2023-10,FOUR LANING OF KARADI TO BANAVARA SECTION FROM KM. 66+540 (DESIGN KM. 65+195) TO KM. 119+790 (DESIGN,NHAI,N24001691,KARNATAKA,10/2019,10/2021,12/2023,"1,225.24","1,505.85",31.07,0/0
2023-10,6L OF MH/KN BORDER (NIMBAL VILLAGE) TO KN/TS BORDER (SINGNODI VILLAGE) FROM KM. 162.5 TO KM. 203.100,NHAI,N24001675,KARNATAKA,11/2022,5/2025,-,"1,732.73",-,322.34,0/0
2023-10,4L OF CHANNARAYAPATNA BYPASS AND HASSAN BYPASS WITH STRUCTURES IN DEVIHALLI - HASSAN SECTION,NHAI,N24001684,KARNATAKA,9/2020,1/2023,-,688.00,-,421.40,3/4
2023-10,6L JAKKUVA – KORLAM SECTION OF NH-130CD ROAD FROM KM 396.800 TO KM 421.100 (PKG 2),NHAI,N24001837,ANDHRA PRADESH,2/2021,3/2024,-,663.60,-,268.09,0/4
2023-10,ELEVATED CORRIDOR IN RANCHI CITY FROM KM 0.00 TO KM 3.260 OF NH-75 INCLUDING DOWN RAMP ON NH-23 FROM -,,,,2/2022,1/2025,-,534.73,-,0.00,0/0
2023-10,4-LANING OF BRAHAMPORE-FARAKA,NHAI,N24000203,WEST BENGAL,2/2011,8/2013,-,998.79,-,"2,170.28",3/4
2023-10,BELAKERI PORT TO KUMTA - SIRSI ROAD FROM KM 0.00 - KM 4.265 OF BELEKERI PORT ROAD LINK RD. AND KM 4.,NHAI,N24001599,KARNATAKA,3/2018,12/2022,12/2023,440.16,-,147.79,2/4
2023-10,PACKAGE-24 CONSTRUCTION OF EIGHTLANE ACCESS- CONTROLLED EXPRESSWAY CARRIAGEWAY FROM RANNI VILLAGE TO,NHAI,N24001232,MADHYA PRADESH,2/2019,3/2022,9/2023,847.00,-,920.50,3/3
2023-10,4- LANING OF ROHTAK-JIND SECTION FROM KM. 307+000 TO KM. 347+800 OF NH-71 AND CONNECTING LINK FROM K,NHAI,N24001673,HARYANA,3/2020,3/2023,-,510.97,-,506.37,0/0
2023-10,SIX LANING OF NATIONAL CORRIDOR NH19 FROM PANAGARH TO PALSIT IN THE STATE OF WEST BENGAL UNDER BHARA,NHAI,N24001748,WEST BENGAL,3/2021,9/2024,-,"2,200.93",-,"1,511.97",0/0
2023-10,"ADDITIONAL WORKS (2VUPS, MR-10 JUNCTION FLYOVER AND UNDERPASS) IN SIX LANE INDORE- DEWAS SECTION OF N",NHAI,N24001765,MADHYA PRADESH,8/2022,7/2024,-,207.77,-,3.62,0/0
2023-10,6L ACCESS CONTROLLED GREENFIELD HIGHWAY FROM KODUR 0.000 KMS TO VANAVOLU 24.300 KMS OF NH 544G PACKA,NHAI,N24001841,ANDHRA PRADESH,12/2022,9/2025,-,912.94,-,59.29,0/0
2023-10,6L WITH ACCESS CONTROL PROVISION SAHARANPUR BYPASS TO GANESHPUR SECTION FROM 13.89 KM TO 41.820 KM O,NHAI,N24001629,MULTI STATE,4/2022,11/2024,-,796.65,-,67.12,0/0
2023-10,BALANCE WORK OF 4L OF NARIMBANGLO–JATINGA JUNCTION- HARANGAJO ROAD SECTION FROM KM 0.000 TO KM 49.23,NHAI,N24001547,ASSAM,3/2022,1/2026,-,"1,909.98",-,144.74,0/0
2023-10,CONSTRUCTION OF 8LANE DIVIDED CARRIAGEWAY STARTING AT SOHNA GURUGRAM ROAD NE 4 NEAR ALIPUR VILLAGE A,NHAI,N24001782,HARYANA,11/2018,9/2021,-,"2,312.26",-,"1,361.51",0/4
2023-10,SIX LANNING OF MANDI DABWALI (PUNJAB/HARYANA BORDER)- CHAUTALA ROAD SECTION FROM PROPOSED MANDI DABW,NHAI,N24001672,HARYANA,1/2021,1/2024,1/2024,864.27,864.00,379.53,0/3
2023-10,FOUR LANNING OF NERCHOWK- PANDOH BYPASS SECTION OF NH- 21(PACKAGE-I KM 190.000 TO KM 221.305) UNDER NH,NHAI,N24000613,HIMACHAL PRADESH,9/2016,7/2020,-,"1,273.71",-,"1,267.72",0/0
2023-10,CONSTRUCTION OF SIX LANING OF DEDICATED PORT ROAD TO KRISHNAPATNAM PORT (PACKAGE- I) KM 0+000 TO KM 1,NHAI,N24000811,ANDHRA PRADESH,3/2018,12/2020,12/2022,314.43,-,85.61,0/0
2023-10,DEVELOPMENT OF SIX LANE SARGI- BASANWAHI OF NH 130 CD FROM KM.42+800 TO 99+500 UNDER RAIPUR VISAKHAPA,NHAI,N24001588,CHHATTISGARH,12/2021,1/2025,-,"1,470.73",-,308.16,0/0
2023-10,"2LPS OF BIJNOR TO KOTAWALI SECTION OF NH-709AD, PKG-IV",NHAI,N24001738,UTTAR PRADESH,9/2021,10/2023,-,300.79,-,122.56,0/0
2023-10,"4-LANING OF MELUR - PILLAYARPATTI - KARAIKUDI SECTION OF NH-338, NH-36, NH-383",NHAI,N24001605,TAMIL NADU,6/2018,3/2022,-,"1,103.86",-,333.79,0/0
2023-10,SIX LANING FROM KAPPIRIKKAD TO THALIKULAM SECTION OF NH – 66 (OLD NH-17) FROM DESIGN CH. 335+850 (EX,NHAI,N24001655,KERALA,6/2021,2/2025,-,"3,606.00",-,"2,841.84",0/0
2023-10,SIX-LANING OF BARWA ADDA- PANAGARH,NHAI,N24000515,WEST BENGAL,4/2014,9/2016,-,"1,665.00",-,"4,705.34",0/0
2023-10,SIX LANNING OF AUNTA- SIMARIA(GANGA BRIDGE WITH APPROACH ROADS) SECTION OF NH-31,NHAI,N24000696,BIHAR,8/2017,2/2022,8/2023,950.64,"1,161.00",759.93,0/0
2023-10,FOUR LANING OF UDHAMBUR - RAMBAN SECTION OF NH-1A,NHAI,N24000488,JAMMU AND KASHMIR,12/2015,12/2018,10/2023,"2,136.97","2,288.97","2,362.99",3/4
2023-10,4L TWIN TUBE TUNNEL INCLUDING APPROACHES FROM DIGDOL TO KHUNI NALLAH (NORTH BOUND CONNECTING WITH EX,NHAI,N24001622,JAMMU AND KASHMIR,7/2021,6/2024,6/2024,"1,401.87",-,165.24,0/0
2023-10,DEOGARH (NEAR DHANDHANIYA)- RAJASTHAN/GUJARAT BORDER (PHASE-I) (AJ/DRGB-PACKAGE-6),NHAI,N24001563,RAJASTHAN,10/2019,8/2023,1/2024,846.59,-,67.40,0/0
2023-10,"6L STANDALONE FLYOVERS AT RAHA, DEMOW, BORGHAT, KATHIATALI JUNCTIONS AND ROB AT JAGIROAD ON STRETCHE",NHAI,N24001545,ASSAM,8/2022,12/2022,-,175.00,-,70.00,0/0
2023-10,FOUR LANING OF MOGA TO BAJAKHANA LAMBWALI SECTION OF 105B GREENFIELD ALIGNMENT FROM DESIGN CHAINAGE,NHAI,N24001639,PUNJAB,5/2020,12/2024,12/2024,864.23,864.23,342.25,0/0
2023-10,BALANCE WORK OF TWO LANING WITH PAVED SHOULDER OF PIPRAKOTHI–MOTIHARI- RAXAUL,,,,12/2018,10/2020,-,333.60,466.59,425.50,0/0
2023-10,SIX LANING OF KT/KL BORDER (THALAPPDY) TO CHENGALA SECTION OF NH17 (NEW NH-66) FROM CH. 17.200 TO CH,NHAI,N24001662,KERALA,5/2020,5/2024,11/2021,"1,981.07","2,430.53","1,154.54",0/0
2023-10,CHAKUR LOHA SECTION OF NH-361 FROM KM 114.600 TO KM 187.80,NHAI,N24001806,MAHARASHTRA,3/2018,3/2023,6/2023,"1,241.38",-,"1,577.64",0/0
2023-10,SANCHORE - SANTALPUR FROM KM 67.000- KM 99.000 OF NH-754K (AJ- RGBS-PACKAGE-3),NHAI,N24001790,GUJARAT,2/2020,8/2023,12/2023,752.30,-,431.47,0/0
2023-10,CONVERSION OF PARTIALLY EXCAVATED ESCAPE TUNNEL TO UNIDIRECTIONAL TWO LANE TUNNEL (INCLUDING CONSTRU,NHAI,N24001809,HIMACHAL PRADESH,5/2022,3/2024,-,469.95,-,204.86,0/0
2023-10,DELHI-AMRITSAR-KATRA EXPRESSWAY (PHASE-I PKG-VI) FROM JUNCTION WITH PATIALA- SAMANA-PATRAN ROAD (SH-1,NHAI,N24001414,PUNJAB,12/2020,1/2024,5/2024,733.00,-,641.94,1/4
2023-10,DELHI VADODARA GREENFIELD ALIGNMENT SECTION OF NH 148N PACKAGE 27,NHAI,N24001516,GUJARAT,9/2020,2/2024,-,"1,185.69",-,510.44,0/0
2023-10,4-LANNING OF KODINAR TO VERAVAL SECTION OF NH-8E FROM KM 221.610 TO KM 263.000,NHAI,N24000592,GUJARAT,7/2016,7/2020,-,829.97,-,344.72,1/1
2023-10,4L OF UJJAIN TO BADNAWAR FROM KM 26.900 TO KM 96.00 OF NH-752D,NHAI,N24001756,MADHYA PRADESH,10/2020,10/2024,-,"1,352.56",-,564.39,0/0
2023-10,4-LANING OF LOHA - WARANGA SECTION OF NH-361 FROM KM. 187.800 TO KM. 244.369 (DESIGN LENGTH 56.569 K,NHAI,N24000854,JHARKHAND,3/2018,3/2021,6/2023,"1,005.08","1,073.10",699.05,0/0
2023-10,FOUR LANING OF VILUPPURAM TO PUDHUCHERRY (DESIGN CH. KM. 00/000 TO KM. 29/000) SECTION OF NH-45A ON,NHAI,N24001428,TAMIL NADU,3/2018,11/2021,-,998.70,"1,358.32",844.89,0/0
2023-10,4L OF SUHAGADI TO BARDIYA AMRA FROM KM. 89.200 TO KM. 135.351 OF NH-752D (PKG-III),NHAI,N24001758,MADHYA PRADESH,1/2020,10/2024,-,823.05,-,215.33,0/0
2023-10,6L OF DHANARA - HATIBENA SECTION FROM KM 124.611 TO KM 146.50 OF NH-130-CD (PACKAGE – OD-1),NHAI,N24001669,ODISHA,2/2021,3/2024,-,586.00,-,0.00,0/0
2023-10,CONSTRUCTION OF EIGHT LANE ACCESS CONTROLLED EXPRESSWAY FROM KM 217.500 TO KM 254.430 OF VADODARA MU,NHAI,N24001788,GUJARAT,7/2020,12/2023,-,"2,271.86",-,449.75,0/0
2023-10,6L ACCESS CONTROLLED GREENFIELD HIGHWAY FROM ODULAPALLE 72.000 KM. TO NALLACHERUVUPALLI 96.300 KM.,NHAI,N24001844,ANDHRA PRADESH,12/2022,10/2025,-,"1,058.90",-,28.29,0/0
2023-10,6L OF AGRA BYPASS (NORTHERN) CONNECTING KM. 174.500 OF NH-2 (NEW NH-19) TO KM. 141.000 OF YAMUNA EXP,NHAI,N24001852,UTTAR PRADESH,10/2021,2/2025,-,957.62,-,411.88,2/4
2023-10,6L OF VEERA KAVERI RAJA PURAM TO PONDAVAKKAM FROM KM 61.380 TO KM 96.040 OF NH 716B (PKG-III),NHAI,N24001819,ANDHRA PRADESH,3/2021,1/2025,-,"1,102.63",-,340.78,0/4
2023-10,SHRIRAMPUR (KM. 0.000) TO KOCHUGAON (KM. 30.000) OF BIJNI TO ASSAM./WEST BENGAL BORDER SECTION OF NH,NHAI,N24001549,ASSAM,7/2017,4/2020,-,442.23,-,193.85,0/0
2023-10,6L OF MADURAVOYAL TO SRIPERUMBUDUR SECTION FROM KM. 13.800 TO KM. 37.000 OF NH-4 THROUGH STATE HIGH,NHAI,N24001722,TAMIL NADU,11/2021,2/2023,-,463.44,463.44,309.88,0/0
2023-10,CONSTRUCTION OF 4 LANE BANGALORE - CHENNAI EXPRESSWAY FROM KM 26.400 TO KM 53.500 SECTION OF NE-7 (M,NHAI,N24001689,KARNATAKA,12/2020,9/2023,-,"1,745.00",-,897.99,0/0
2023-10,BALANCE WORK UNDER PHASE-I FOR 4L OF KHED SINNER SECTION COMPRISING OF THE STRETCHES (I) KHED BYPASS,NHAI,N24001487,MAHARASHTRA,10/2020,10/2022,6/2023,169.83,-,201.04,0/0
2023-10,2L PS OF SATNA - MAIHAR SECTION OF NH-135BG FROM KM 80.800 TO KM 120.125,NHAI,N24001616,MADHYA PRADESH,1/2021,10/2023,-,428.04,-,297.32,0/0
2023-10,CONSTRUCTION OF FOUR LANE EXPRESSWAY FROM START OF SARDAR PATEL RING ROAD TO SINDHREJ VILLAGE (CH. 0,NHAI,N24001443,GUJARAT,5/2020,3/2024,-,690.30,-,455.61,2/4
2023-10,UPGRADATION 2/4 LANE NH CONNECTIVITY UNDER SAGARMALA SCHEME SH 2 HAVERI YEKAMBI SH 69 YEKAMBI KUMTA,NHAI,N24001682,KARNATAKA,3/2022,3/2024,3/2024,294.62,-,5.40,0/4
2023-10,KHAMMAM-DEVARAPALLE PKG III,NHAI,4L ACCESS CONTROLLED (GREENFIELD) FROM CHINTAGUDEM VILLAGE TO RECHERLA - [N24001484,TELANGANA,9/2022,2/2024,-,804.69,-,277.12,0/0
2023-10,REHABILITATION and UPGRADATION FROM 2 LANE TO 4 LANE OF NH STRETCH UNDER BHARATMALA PARIYOJANA FOR U -,,,,10/2019,11/2023,-,"1,779.83",-,815.00,0/0
2023-10,TUNNEL AT KHAMBATAKI GHAT SECTION AND ITS APPROACHES FROM EXISTING KM. 771.730 TO EXISTING KM. 782.0,NHAI,N24001486,MAHARASHTRA,2/2019,2/2022,12/2023,493.00,-,374.15,0/0
2023-10,FOUR LANING OF GHAGHRA BRIDGE TO VARANASI (PKG-II),NHAI,N24000499,UTTAR PRADESH,12/2015,6/2018,11/2023,667.00,"3,192.10","3,044.98",0/1
2023-10,SIX LANING FROM START OF VALANCHERY BYPASS TO KAPPIRIKKAD-SECTION OF NH- 66(OLD NH-17) FROM DESIGN CH,NHAI,N24001659,KERALA,2/2021,7/2024,-,"3,375.31",-,"1,884.43",0/0
2023-10,CONSTRUCTION OF LEFT OUT PORTION OF AGRA INNER RING ROAD CONNECTING VILLAGE DEORI TO NH-44 VILLAGE B,NHAI,N24001853,UTTAR PRADESH,10/2021,9/2024,-,772.05,-,470.00,1/4
2023-10,THOPPUR METTUR BHAVANI ERODE SECTION OF NH 544H FOR A LENGTH OF 85 KM,NHAI,N24001716,TAMIL NADU,7/2022,8/2023,-,186.50,-,0.00,0/0
2023-10,"IMPROVEMENT AND UP-GRADATION OF EXISTING ROAD TO 4L PS FROM KM 175.080 TO 229.070, FROM END OF HARDO",NHAI,N24001728,UTTAR PRADESH,12/2021,7/2025,-,"1,138.81",-,194.80,0/0
2023-10,CONSTRUCTION OF FOUR LANE EXPRESSWAY FROM START OF DSIR ZONE OF AHMEDABAD DISTRICT TO ADHELAI VILLAG,NHAI,N24001446,GUJARAT,5/2020,12/2023,-,894.00,-,536.36,2/4
2023-10,SPUR OF MEERUT-GARH- MUKTESHWAR SECTION(NH-709A) CONNECTING NH-119 AND NH-58 BYPASSING MEERUT TOWN,NHAI,N24001754,UTTAR PRADESH,1/2022,10/2024,-,953.79,-,384.66,0/0
2023-10,CONSTRUCTION OF STAND ALONE RING ROAD/ BYPASS AROUND JAMMU CITY IN THE STATE OF J AND K ON EPC MODE,NHAI,N24000717,JAMMU AND KASHMIR,12/2017,7/2021,12/2023,"1,471.75","1,471.75","1,497.78",3/3
2023-10,BALANCE WORK OF 4L OF INDORE- GUJARAT/MP BORDER FROM KM 106.210 TO KM 115.250 (START AND END POINT OF,NHAI,N24001768,MADHYA PRADESH,8/2019,4/2023,-,323.51,-,18.35,0/0
2023-10,4L OF SANNUR TO BIKARNAKATTE SECTION FROM KARKALA TO MANGALORE,NHAI,N24001680,KARNATAKA,3/2021,10/2024,10/2024,"1,409.68",-,531.52,1/4
2023-10,REHABILITATION AND UPGRADATION OF CUTTACK ANGUL SECTION OF NH-42 (NEW NH-55) TO 4 LANE (KM. 0+400 TO,NHAI,N24000715,ODISHA,12/2017,7/2020,-,686.65,565.00,461.14,0/0
2023-10,SIX LANE OF PALSIT TO DANKUNI SECTION FROM 588.870 TO KM. 652.700 -,,,,3/2020,9/2024,-,"2,193.23","2,314.00","1,486.03",0/0
2023-10,4 LANING OF BAHADURGANJ ARARIA SECTION FROM KM 49.000 TO KM 94.000 (PACKAGE-II) OF NH- 327E,NHAI,N24001707,BIHAR,3/2021,1/2024,3/2024,"1,143.46","1,143.00",303.97,0/0
2023-10,4L SPUR OF PANIPAT - SHAMLI CONNECTING NH-709AD (PANIPAT – SHAMLI – MUZAFFARNAGAR) AND NH-709A (KARN,NHAI,N24001729,UTTAR PRADESH,8/2022,4/2024,-,326.79,-,38.35,0/0
2023-10,BALANCE WORKS OF FOUR LANE FROM KM 43+950 (THIRUVALLUR BYPASS) TO KM 61+470 (VEPPAMPATTU BYPASS) PAS,NHAI,N24001692,TAMIL NADU,1/2022,9/2024,-,467.99,-,18.83,0/0
2023-10,6L OF KAGAL-SATARA SECTION FROM KM 592.240 TO KM 658.000 OF NH-48 (PKG-I),NHAI,N24001546,MAHARASHTRA,1/2023,1/2025,-,"1,025.20",-,130.90,0/4
2023-10,VADODARA MUMBAI EXPRESSWAY (PHASE II - PKG XIV),(SHIRSAD - AKLOLI) - [N24001507],KM. 3.000 TO KM. 20.200 OF SPUR,NHAI,11/2022,5/2024,-,"1,124.00",-,142.23,0/0
2023-10,"4L PS OF MEERUT TO AFTER BRIDGE OVER RIVER YAMUNA, HARYANA VIA SHAMLI-FROM KM. 0.00 TO KM. 88.476 OF",NHAI,N24001741,UTTAR PRADESH,9/2020,1/2023,6/2023,798.96,-,668.92,0/0
2023-10,4L MEDINIPUR TO BALLUPUR FROM KM. 458.65 TO KM. 487.65 OF NH- 07(PKG-2),NHAI,N24001553,UTTARAKHAND,3/2022,2/2025,-,"1,092.90","1,092.90",426.61,0/0
2023-10,4L OF HARDA - BETUL (PKG-II) FROM KM. 30.00 TO KM.81.00,- [N24001761],TEMAGAON TO CHICHOLI,NHAI,2/2023,2/2025,-,520.28,-,141.97,1/4
2023-10,REHABILITATION AND UP- GRADATION OF EXISTING 2-LANE TO 4 LANE OF DUBURI (KM 388.376) TO CHANDIKHOLE (,NHAI,N24000733,ODISHA,1/2018,8/2022,-,633.68,492.83,560.38,0/1
2023-10,DELHI-AMRITSAR-KATRA EXPRESSWAY (PHASE-I PKG-XII) FROM JUNCTION WITH AMRITSAR- MEHTA-SRIHARGOBINDPUR-,NHAI,N24001420,PUNJAB,2/2021,4/2024,-,853.66,-,0.00,0/0
2023-10,4L OF AUSA-CHAKUR SECTION FROM KM 55.835 TO KM 114.345 OF NH-361,NHAI,N24001805,MAHARASHTRA,3/2018,3/2021,6/2023,"1,169.04",-,"1,010.33",0/0
2023-10,CONSTRUCTION OF EIGHT LANE EXPRESSWAY FROM KM 190.000 TO KM 217.500 GANDEVA TO ENA SECTION OF VADODA,NHAI,N24001789,GUJARAT,7/2020,8/2023,-,"1,710.30",-,274.20,0/0
2023-10,CONSTRUCTION OF FOUR LANE GREENFIELD PROJECT OF DELHI- AMRITSAR-KATRA EXPRESSWAY (PHASE-I PKG-III) F,NHAI,N24001633,HARYANA,12/2020,12/2023,-,"1,430.88",-,929.86,2/4
2023-10,4L OF ADDAHOLE TO BANTWAL CROSS SECTION INCLUDING FLYOVER AT KALLADKA TOWN,NHAI,N24001425,KARNATAKA,3/2021,11/2021,10/2024,"1,100.88","1,100.88",628.53,3/4
2023-10,6L GREENFIELD BARAJA - KANDILI SECTION OF NH- 130-CD ROAD FROM KM 338+500 TO KM 342+500 (PACKAGE-OD,NHAI,N24001666,ODISHA,12/2021,9/2024,-,714.00,714.00,0.00,0/0
2023-10,FOUR LANING OF MUNGER TO MIRZACHAUKI (NH-80) SECTION FROM MUNGER TO KHARIA VILLAGE JUNCTION DESIGN C,NHAI,N24001705,BIHAR,3/2022,3/2024,-,"1,485.66",-,0.00,0/0
2023-10,CONSTRUCTION OF 2 LANE BRIDGE ACROSS RIVER KOSI WITH APPROACH ROAD FROM BHEJA TO BAKAUR SECTION OF N,NHAI,N24001371,BIHAR,10/2019,8/2023,12/2024,"1,101.99",-,580.45,2/4
2023-10,"CONSTRUCTION OF 4-LANE NH- 344P-PACKAGE-4 (FROM KM 0+000 TO KM 29+600, 29.6KM), STARTING FROM BAWANA",NHAI,N24001532,HARYANA,11/2021,11/2023,11/2023,694.00,-,"1,258.62",0/0
2023-10,4L OF AMRITSAR GHOMAN TANDA UNA SECTION FROM KM 8.270 TO KM 54.000 OF NH 503A PACKAGE I,NHAI,N24001643,PUNJAB,12/2020,6/2024,-,857.91,-,102.90,0/0
2023-10,6L ACCESS CONTROL GREENFIELD HIGHWAY OF VILL-KARAUNDA MAHAJAN TO VILL-KHYAWARI FROM KM. 56.500 TO K,NHAI,N24001736,UTTAR PRADESH,1/2022,8/2024,-,"1,159.96",-,316.26,0/0
2023-10,FOUR LANING OF BAL. WORKS OF BARASAT-KRISHNAGAR FROM KM.48.553 TO KM.115.272,NHAI,N24001752,WEST BENGAL,12/2018,2/2023,8/2023,"2,375.87","2,566.80","2,339.23",0/0
2023-10,CONSTRUCTION OF NEW 4 LANE BRIDGE OVER RIVER GANGA AT DOWNSTREAM OF FARAKKA BARRAGE INCLUDING APPROA,NHAI,N24001750,WEST BENGAL,8/2018,12/2021,-,622.04,-,305.36,0/0
2023-10,BALANCE WORK OF 4 LANING OF PANVEL TO INDAPUR SECTION OF NH-66(OLD NH- 17) FROM KM 0.000 (PANVEL) TO,NHAI,N24001609,MAHARASHTRA,1/2023,12/2023,-,151.26,-,56.87,0/0
2023-10,SIX LANING OF CHENGALA TO NEELESHWARAM SECTION OF NH- 17 (NEW NH-66) FROM CH. 56+200 (EXISTING KM 57+,NHAI,N24001664,KERALA,6/2020,4/2024,10/2021,"1,746.45","2,377.88",940.61,0/0
2023-10,FOUR LANNING OF RAMPUR- KATHGODAM SECTION OF NH-87 FROM KM 42.791 (DESIGN CHAINAGE 43.446) TO KM 88,NHAI,N24000559,UTTARAKHAND,3/2016,10/2019,4/2024,720.00,810.60,349.07,2/4
2023-10,6L ACCESS-CONTROLLED HIGHWAY,,,,3/2021,10/2023,-,836.24,-,671.04,0/0
2023-10,CONSTRUCTION OF 4 LANE ACCESS CONTROLLED NEW GREENFIELD HIGHWAY SECTION OF NH 365BG FROM RECHARLA VI,NHAI,N24001476,ANDHRA PRADESH,9/2021,9/2022,9/2024,517.05,-,256.71,1/4
2023-10,6L ACCESS CONTROLLED GREENFIELD HIGHWAY OF JULEKAL VILLAGE TO DINNEDEVARAPADU VILLAGE FROM KM 242.20,NHAI,N24001625,TELANGANA,1/2022,1/2025,-,"1,227.57",-,4.98,0/0
2023-10,CONSTRUCTION OF EIGHT LANE ACCESS CONTROLLED EXPRESSWAY CARRIAGEWAY FROM RAJASTHAN/MP BORDER TO JODM,NHAI,N24001214,MADHYA PRADESH,12/2017,12/2022,-,217.96,-,"2,298.00",3/4
2023-10,VARANASI-AURANGABAD KM.786 TO KM.978.40,NHAI,N24000182,MULTI STATE,9/2011,3/2014,-,"2,848.00",-,"3,724.32",0/0
2023-10,FOUR LANING OF BARHI - KODERMA SECTION OF NH - 31,NHAI,N24000725,JHARKHAND,1/2018,11/2021,8/2022,273.46,-,227.20,0/0
2023-10,4L OF MADANAPALLE TO PILERU SECTION FROM KM 0.000 TO KM 55.900 OF NH-71(PACKAGE-I) - N/05060/01002/A,NHAI,N24001823,ANDHRA PRADESH,1/2022,1/2025,1/2023,"1,852.12",-,275.59,0/4
2023-10,4L OF BAL WORKS OF TALAJA - MAHUVA FROM 54.990 KM. TO 100.450 KM. OF OLD NH-8E (PACKAGE-II),NHAI,N24001792,GUJARAT,3/2021,9/2022,-,536.03,-,350.34,0/0
2023-10,FOUR LANING OF NH-363 FROM REPALLEWADA (DESIGN KM 40.000/EXISTING KM 288.510) TO TELANGANA/MAHARASHT,NHAI,N24000825,TELANGANA,3/2018,2/2023,12/2023,828.29,"1,140.50",482.55,0/0
2023-10,DELHI VADODARA GREENFIELD ALIGNMENT SECTION OF NH 148N PACKAGE 28,NHAI,N24001519,GUJARAT,9/2020,11/2023,-,"1,198.55",-,523.35,0/0
2023-10,6L OF AZHIYUR-VENGALAM FROM KM. 189.200 TO KM. 230.400 OF NH- 66,NHAI,N24001661,KERALA,10/2020,4/2024,5/2025,"3,219.47","3,713.14","1,954.76",0/0
2023-10,HUNGUND-SURATHKAL AND MANGALORE-KNT/KERALA BORDER,NHAI,N24000138,KARNATAKA,9/2010,6/2018,12/2023,946.00,"1,046.56",830.37,4/4
2023-10,CONSTRUCTION OF FOUR LANE EXPRESSWAY FROM START OF VEJALLKA VILLAGE TO START OF DSIR ZONE OF AHMEDAB,NHAI,N24001445,GUJARAT,5/2020,7/2023,-,691.52,-,355.89,2/4
2023-10,"FOUR LANING OF EXISTING 2 LANE SECTION FROM MALOUT (DESIGN KM 44.500, EXISTING KM 80.200 OF NH-07) V",NHAI,N24001514,PUNJAB,1/2021,1/2024,12/2023,"1,060.29",-,745.17,0/0
2023-10,BALANCE WORKS OF 4L AMRAVATI - CHIKHLI (PKG II),- [N24001801],KURANKHED TO SHELAD FROM KM. 220.00 TO KM. 270.00,NHAI,11/2019,2/2023,-,633.70,-,244.30,0/0
2023-10,4L OF HARIDWAR NAGINA SECTION DESIGN CH. LME FROM KM 13.829 TO KM 17.110 AND KM 26.077 TO KM 27.508,NHAI,N24001554,UTTARAKHAND,6/2020,2/2024,-,183.92,-,27.14,0/0
2023-10,JAL MARG VIKAS PROJECT,IWAI,N25000072,MULTI STATE,1/2018,3/2023,12/2026,"5,369.18","5,362.27","2,671.52",4/7
2023-10,CENTRE FOR DISABILITY SPORTS,CPWD,N38000001,MADHYA PRADESH,2/2019,3/2024,-,170.99,-,73.80,1/5
2023-10,SCREENING PLANT-III AT KIRANDUL,NMDC,N12000127,CHHATTISGARH,3/2021,8/2024,-,"2,092.97","2,221.86",794.01,2/5
2023-10,NMDC SLURRY PIPE LINE PROJECT - PHASE-1,NMDC,N12000124,CHHATTISGARH,11/2015,6/2023,7/2024,"2,907.00",-,"1,522.74",3/8
2023-10,REBUILDING OF COKE OVEN BATTERY NO. 7 and 8 AT BSP,SAIL,N12000123,CHHATTISGARH,11/2020,12/2023,-,542.24,-,165.17,0/0
2023-10,INSTALLATION OF 4TH SLAB CASTER ALONG WITH ITS AUXILIARIES AND A NEW LADLE FURNACE IN SMS-II AT RSP,SAIL,N12000125,ODISHA,1/2022,5/2025,-,970.18,-,196.98,0/1
2023-10,REBUILDING OF COKE OVEN BATTERY-2 ALONGWITH AUGMENTATION OF COKE HANDLING AND GAS HANDLING FACILITY,SAIL,N12000122,ODISHA,11/2020,5/2023,-,377.18,-,327.56,0/1
2023-10,NEW SINTER PLANT AT BOKARO STEEL PLANT,SAIL,N12000095,JHARKHAND,3/2015,10/2017,12/2021,"1,034.01",-,846.55,0/2
2023-10,UP GRADATION OF AUTOMATION SYSTEM OF HOT STRIP MILL AT BOKARO STEEL PLANT,SAIL,N12000126,JHARKHAND,2/2022,6/2024,-,207.74,-,122.80,0/0
2023-10,REVAMPING OF OLD SUB SYSTEM OF BLAST FURNACE 3 AT BOKARO STEEL PLANT,SAIL,N12000129,JHARKHAND,9/2023,7/2025,-,513.82,-,0.00,0/0
2023-10,PHASE-I OF CONSOLIDATION OF EXISTING CDR DATA CENTERS AND,,,,3/2020,6/2021,11/2021,461.42,461.42,157.60,0/0
2023-10,SUPER EDGE ROUTERS FOR BSNL INTERNET PROTOCOL - MULTI PROTOCOL LEBEL SWITCHING (IPMPLS) NETWORK and,BSNL,N26000115,MULTI STATE,3/2023,3/2024,-,185.27,-,0.00,0/0
2023-10,PLANNIN ENGINEERING SUPPLY INSTALLATION TESTING COMMISSIONING INTEGARTION and ANNUAL MAINTENANCE OF,BSNL,N26000117,MULTI STATE,6/2023,6/2025,-,"24,544.55",-,0.00,0/0
2023-10,MPLS-IP BASED ACCESS AND AGGREGATION NETWORK (MAAN) IN BSNL ALONG WITH TEST AND MEASURING EQUIPMENT,BSNL,N26000116,MULTI STATE,5/2023,8/2024,-,645.13,-,0.00,0/0
2023-10,SETTING UP PHYSICAL INFRASTRUCTURE FOR THE NATIONAL INSTITUTE OF COMMUNICATION FINANCE(NICF) AT GHIT,CPWD FOR TELECO,N28000115,DELHI,10/2014,3/2018,-,248.20,-,198.43,3/5
2023-10,NETWORK FOR SPECTRUM,DOT,N26000101,MULTI STATE,3/2012,7/2015,12/2022,"13,334.00",-,"21,913.00",0/0
2023-10,SURAT METRO RAIL PROJECT,MEGA,N28000138,GUJARAT,3/2019,3/2024,-,"12,020.32",-,"3,039.74",0/1
2023-10,AHMEDABAD METRO RAIL PROJECT PHASE II,MEGA,N28000137,GUJARAT,3/2019,3/2024,-,"5,384.17",-,"1,905.10",0/1
2023-10,AHMEDABAD METRO RAIL PROJECT PHASE 1,MEGA,N28000122,GUJARAT,11/2014,12/2018,-,"10,773.00",-,"11,912.69",0/1
2023-10,BANGALORE METRO RAIL PROJECT LIMITED. PHASE. 2A AND 2B,BMRCL,N28000151,KARNATAKA,6/2021,6/2026,-,"14,788.10",-,"2,424.04",0/76
2023-10,BANGALORE METRO RAIL PROJECT PHASE-2,BMRCL,N28000058,KARNATAKA,2/2014,2/2021,-,"26,405.14",-,"20,936.29",164/249
2023-10,CONSTRUCTION729 QUARTERS (TYPE II-180 TYPE III-364 TYPE IV-112 TYPE V-68 TYPE-VI-5 SHOPS COMMUNI,CPWD,N28000149,CHHATTISGARH,5/2019,9/2020,2/2024,299.97,299.97,166.79,3/6
2023-10,CONSTRUCTION OF PERMANENT CAMPUS OF CENTRAL UNIVERSITY OF HIMACHAL PRADESH AT DEHRA AND JADRANGAL (D,CPWD,N28000154,HIMACHAL PRADESH,4/2022,11/2024,-,512.34,-,0.00,0/0
2023-10,REDEVELOPMENT OF GENERAL,,,,10/2016,7/2021,-,"1,180.00",-,36.69,0/6
2023-10,"CONSTRUCTION OF 184 MULTI STORIED FLATS FOR HON'BLE MPS AT BKS MARG, NEW DELHI",CPWD,N28000153,DELHI,1/2022,11/2024,5/2025,646.52,-,55.81,1/6
2023-10,REDEVELOPMENT OF GPRA AT KASTURBA NAGAR PHASE I,CPWD,N28000129,DELHI,10/2016,3/2022,-,"1,128.00",-,211.86,0/0
2023-10,CHENNAI METRO RAIL LTD (PHASE 1 EXT),CMRL,N28000097,TAMIL NADU,6/2016,3/2018,2/2021,"3,770.00",-,"2,527.73",21/21
2023-10,CHENNAI METRO RAIL LTD (PHASE 1),CMRL,N28000084,TAMIL NADU,2/2009,12/2015,-,"14,600.00",-,"17,619.68",24/24
2023-10,DELHI METRO PHASE IV THREE PRIORITY CORRIDORS,DMRC,N28000135,DELHI,7/2019,3/2025,-,"24,948.65",-,"8,753.42",0/1
2023-10,DELHI MRTS PHASE-III,DMRC,N28000056,DELHI,9/2011,3/2016,8/2021,"38,585.00",-,"40,239.28",1/1
2023-10,DELHI METRO RAIL EXTENSION FROM NAJAFGARH TO DHANSA BUS STAND,DMRC,N28000136,DELHI,5/2017,12/2020,11/2022,565.00,-,520.66,1/1
2023-10,KOCHI METRO RAIL PROJECT,KMRCL,N28000081,KERALA,7/2012,7/2017,9/2020,"5,181.79",-,"6,059.17",0/0
2023-10,AGRA METRO RAIL PROJECT,LMRCL,N28000145,UTTAR PRADESH,5/2019,3/2024,-,"8,379.62",-,"2,930.12",0/0
2023-10,KANPUR METRO RAIL PROJECT,LMRCL,N28000144,UTTAR PRADESH,5/2019,3/2024,-,"11,076.48",-,"5,744.28",0/0
2023-10,PUNE METRO RAIL PROJECT (PHASE 1),MMRC,N28000121,MAHARASHTRA,12/2016,11/2021,3/2024,"11,420.00","13,656.22","11,180.03",0/0
2023-10,MUMBAI METRO LINE 3 (COLABA- BANDRA-SEEPZ),MMRCL,N28000086,MAHARASHTRA,7/2013,3/2020,-,"23,136.00",-,"25,499.23",0/0
2023-10,INDORE METRO RAIL,MPMRCL,N28000125,MADHYA PRADESH,11/2018,2/2023,12/2026,"7,500.80",-,"2,098.35",0/0
2023-10,BHOPAL METRO RAIL,MPMRCL,N28000124,MADHYA PRADESH,11/2018,2/2023,12/2026,"6,941.40",-,"1,581.25",0/0
2023-10,NAGPUR METRO RAIL PROJECT PHASE II National Building Construcion Corporation Ltd,,,,12/2022,12/2027,-,"6,708.00",-,79.78,0/0
2023-10,REDEVELOPMENT OF GPRA COLONY AT NAUROJI NAGAR,NBCC,N28000105,DELHI,7/2016,/,-,"2,694.00",-,"1,891.61",2/9
2023-10,DELHI GHAZIABAD MEERUT RRTS CORRIDOR,NCRTC,N28000134,MULTI STATE,3/2019,6/2025,-,"30,274.00",-,"18,160.81",1/8
2023-10,PATNA METRO RAIL CORPORATION LIMITED,PATNA METRO RAI,N28000148,BIHAR,2/2019,6/2024,-,"13,365.77",-,"1,593.77",0/0
2023-10,PROTECTION OF MAJULI ISLAND FROM FLOOD AND EROSION OF RIVER BRAHMAPUTRA,BPB,N30000001,MAHARASHTRA,3/2017,12/2019,9/2023,233.57,-,211.71,0/0
2023-10,"SEWER NETWORKS, SPS AND STP, MUNGER",BUIDCO,N30000036,BIHAR,3/2018,10/2021,3/2018,294.02,350.79,260.72,0/0
2023-10,I AND D AND STP AT CHAPPRA,BUIDCO,N30000028,BIHAR,11/2018,12/2020,-,236.15,-,121.29,0/0
2023-10,SEWERAGE SCHEME AT PAHARI ZONE V PATNA,BUIDCO,N30000040,BIHAR,5/2017,4/2021,5/2017,356.37,364.00,294.85,0/0
2023-10,SEWERAGE SYSTEM WITH SEWER NETWORK PATNA KARMALICHAK,BUIDCO,N30000044,BIHAR,3/2017,5/2021,3/2017,277.42,253.98,345.95,0/0
2023-10,SEWER NETWORKS SPS AND STP HAJIPUR,BUIDCO,N30000035,BIHAR,3/2018,8/2021,3/2018,305.19,-,295.82,0/0
2023-10,SAIDPUR SEWER NETWORK PATNA,BUIDCO,N30000039,BIHAR,4/2015,1/2021,-,268.63,-,478.03,0/0
2023-10,SEWER NETWORK SPS AND STP BEGUSARAI,BUIDCO,N30000026,BIHAR,3/2018,7/2021,12/2019,230.06,-,205.07,0/0
2023-10,SEWERAGE TREATMENT PLANT AT PAHARI PATNA,BUIDCO,N30000043,BIHAR,5/2017,11/2020,5/2017,191.62,-,117.30,0/0
2023-10,"SEWERAGE SYSTEM AND STP FOR DIGHA ZONE, PATNA",BUIDCO,N30000051,BIHAR,8/2017,6/2022,-,824.00,734.09,272.83,0/0
2023-10,SEWERAGE SYSTEM AND STP FOR KANKARBAG ZONE PATNA,BUIDCO,N30000050,BIHAR,8/2017,6/2022,-,578.89,453.83,82.66,0/0
2023-10,I AND D AND STP WORKS FOR BHAGALPUR,BUIDCO,N30000027,BIHAR,10/2017,9/2020,11/2020,254.13,413.29,88.97,0/0
2023-10,SEWERAGE SYSTEM WITH SEWER NETWORK PATNA BEUR,BUIDCO,N30000037,BIHAR,12/2014,3/2020,-,225.77,-,361.87,0/0
2023-10,7 NOS PRIORITIZED STPS 1 NO. SPS AND PERIPHERAL SEWERS IN COMMAND AREA OF NAJAFHARH DRAIN DHANSA TO,DJB,N30000018,DELHI,5/2017,5/2020,-,344.81,-,0.00,0/0
2023-10,CONSTRUCTION OF 564 MLD 124 MGD WASTE WATER TREATMENT PLANT WITH EFFLUENT STANDARDS OF BOD – 10MG/L,DJB,N30000014,DELHI,3/2017,12/2022,-,665.78,-,627.65,0/0
2023-10,CONSTRUCTION OF 318 MLD WWTP WITH 10 YEARS O AND M AT CORONATION PILLAR DELHI,DJB,N30000017,DELHI,12/2018,1/2021,-,515.07,-,388.08,0/0
2023-10,REHABILITATION AND UP- GRADATION OF PHASE I STP 182 MLD R2,DJB,N30000015,DELHI,5/2016,12/2021,-,211.79,223.70,189.57,0/0
2023-10,REHABILITATION AND UPGRADATION OF KONDLI PHASE I STP 45 MLD PHASE II STP 114 MLD AND PHASE III S,DJB,N30000016,DELHI,5/2016,2/2022,9/2023,239.11,314.71,255.68,0/0
2023-10,"INTERCEPTION, DIVERSION AND TREATMENT WORKS AT BARANAGAR AND KAMARAHATI",KMDA,N30000048,WEST BENGAL,1/2018,12/2021,2/2021,172.10,-,47.20,0/0
2023-10,INTEGRATION OF STPS WITH REHABILITATION AND O AND M OF EXISTING ASSETS,KMDA,N30000033,WEST BENGAL,3/2018,6/2022,-,165.16,-,0.00,0/0
2023-10,INTERCEPTION AND DIVERSION WITH STP AT BALLY,KMDA,N30000049,WEST BENGAL,10/2017,12/2021,2/2021,164.93,-,45.45,0/0
2023-10,SEWERAGE SYSTEM AND STP WORKS AT HALISHAHR,KMDA,N30000046,WEST BENGAL,2/2014,12/2019,1/2023,274.76,332.56,269.63,0/0
2023-10,INTERCEPTION AND DIVERSION WORKS WITH STP FOR DRAINS FALLING IN RIVER DAMODAR AT DURGAPURL,KMDA,N30000030,WEST BENGAL,3/2019,4/2022,-,287.53,-,0.00,0/0
2023-10,INTERCEPTION DIVERSION TREATMENT WORKS AT TOLLYS NULLAH ADI GANGA,KMDA,N30000034,WEST BENGAL,8/2017,9/2022,1/2023,307.12,-,0.00,0/0
2023-10,"INTERCEPTION, DIVERSION AND TREATMENT WORKS AT HOWRAH",KMDA,N30000045,WEST BENGAL,8/2017,12/2021,2/2021,185.22,-,49.99,0/0
2023-10,DETAILED PROJECT REPORT FOR I AND D SEWERAGE SYSTEM AND STP FOR ASANSOL AND KULTI TOWNS,KMDA,N30000029,WEST BENGAL,1/2019,4/2022,2/2019,384.96,-,0.00,0/0
2023-10,INTERCEPTION AND DIVERSION WITH STP AT MAHESHTALA,KMDA,N30000032,WEST BENGAL,5/2018,2/2022,-,198.43,224.69,35.08,0/0
2023-10,INTERCEPTION AND DIVERSION,,,,5/2018,2/2022,-,160.00,-,66.47,0/0
2023-10,SEWERAGE SYSTEM WITH SEWER NETWORK AT BARRACKPORE,KMDA,N30000047,WEST BENGAL,12/2014,4/2020,-,272.32,341.68,299.24,0/0
2023-10,I AND D AND STP WORKS AT BURDWAN WEST BENGAL,KMDA,N30000031,WEST BENGAL,12/2018,4/2022,-,234.31,-,0.00,0/0
2023-10,POLAVARAM IRRIGATION PROJECT,PPA,N30000002,ANDHRA PRADESH,2/2009,3/2020,-,"10,151.04",-,"21,727.98",9/19
2023-10,INTERCEPTION AND DIVERSION WORKS AND STP AT MUZAFFARNAGAR UTTAR PRADESH,UPJalNigam,N30000021,UTTAR PRADESH,1/2019,12/2021,1/2020,231.79,234.03,141.79,0/0
2023-10,FARRUKHABAD I AND D AND STP WORKS HAM,UPJalNigam,N30000008,UTTAR PRADESH,10/2017,3/2022,2/2021,213.62,261.12,124.28,0/0
2023-10,MATHURA SEWERAGE SCHEME,UPJalNigam,N30000019,UTTAR PRADESH,12/2017,12/2020,6/2018,460.45,-,295.23,0/0
2023-10,"INTERCEPTION, DIVERSION AND TREATMENT WORKS FOR NAINI DISTRICT G PHAPHAMAU DISTRICT F AND JHUSI AREA",UPJalNigam,N30000006,UTTAR PRADESH,5/2017,9/2021,-,767.59,-,276.97,0/0
2023-10,INTERCEPTION AND DIVERSION WORKS AND SEWAGE TREATMENT PLANT AT JAUNPUR UTTAR PRADESH,UPJalNigam,N30000022,UTTAR PRADESH,1/2019,10/2021,-,206.05,-,137.58,0/0
2023-10,STP AT PANKHA KANPUR AND INTEGRATION WITH EXISTING STPS,UPJalNigam,N30000010,UTTAR PRADESH,3/2018,9/2021,-,967.23,708.70,254.98,0/0
2023-10,"INTERCEPTION AND DIVERSION WORKS WITH STP AT BAREILLY, UTTAR PRADESH",UPJalNigam,N30000013,UTTAR PRADESH,3/2019,8/2021,-,271.39,-,181.03,0/0
2023-10,INTERCEPTION AND DIVERSION WORKS WITH STP AT LUCKNOW UTTAR PRADESH,UPJalNigam,N30000025,UTTAR PRADESH,3/2019,7/2021,5/2020,298.12,-,45.12,0/0
2023-10,SEWERAGE SCHEME INTERCEPTION AND DIVERSION WITH STP WORKS AT MEERUT UTTAR PRADESH,UPJalNigam,N30000024,UTTAR PRADESH,2/2019,6/2022,-,681.78,-,13.34,0/0
2023-10,INTERCEPTION AND DIVERSION WITH STP AT RISHIKESH -,,,,3/2017,11/2019,-,158.00,-,105.75,0/0
