edition,project name,agency,project code,state,doa,original/target doc,revised doc,original cost,revised cost,cumulative expenditure,physical progress
2023-01,"PROTOTYPE FAST BREEDER REACTOR (BHAVINI, 500 MWE)",BHAVNI,020100044,TAMIL NADU,9/2003,9/2010,10/2022,"3,492.00","6,840.00","6,480.72",83/87
2023-01,RAJASTHAN ATOMIC POWER PROJECT -7 AND 8 (2X700 MW),NPCIL,N02000027,RAJASTHAN,10/2009,12/2016,-,"12,320.00","17,079.00","15,593.00",55/68
2023-01,KUDANKULAM NUCLEAR POWER PROJECT 5 AND 6,NPCIL,N02000029,TAMIL NADU,6/2017,9/2027,-,"49,621.00",-,"8,392.00",16/80
2023-01,KUDANKULAM NUCLEAR POWER PROJECT UNIT-3 and 4,NPCIL,N02000028,TAMIL NADU,3/2013,11/2020,-,"39,849.00",-,"34,781.00",33/76
2023-01,KAKRAPAR ATOMIC POWER PROJECT - 3 AND 4,NPCIL,N02000010,GUJARAT,10/2009,12/2015,-,"11,459.00","19,220.00","19,604.00",64/70
2023-01,"CONSTRUCTION OF COMBINED OPERATIONAL OFFICES FOR DGCA, BCAS, AAIB, AERA AND AAI AT SAFDARJUNG AIRPOR",AAI,N04000076,DELHI,11/2016,4/2020,-,303.80,351.21,268.72,0/0
2023-01,DEVELOPMENT OF GWALIOR AIRPORT PHASE 01,AAI,N04000098,MADHYA PRADESH,10/2021,8/2023,-,446.12,-,151.60,0/1
2023-01,"CO CIVIL AVIATION REASEARCH ORG. (PH-II) AT BEGUMPET AIRPORT, HYDRABAD",AAI,N04000086,TELANGANA,5/2020,5/2022,6/2023,353.61,-,230.23,2/4
2023-01,CONSTRUCTION OF ATC TOWER AND TECHNICAL BLOCK AT NSCBI AIRPORT KOLKATA,AAI,N04000080,WEST BENGAL,1/2016,3/2020,6/2022,458.00,-,203.12,0/2
2023-01,"CONSTRUCTION OF DOMESTIC PASSENGER TERMINAL BUILDING AT DEHRADUN AIRPORT, DEHRADUN",AAI,N04000085,UTTARAKHAND,7/2018,9/2020,-,456.86,-,407.39,1/2
2023-01,"DEVELOPMENT OF NEW GREENFIELD AIRPORT AT DHOLERA, AHMEDABAD (GUJARAT). PHASE-1.",AAI,N04000099,GUJARAT,6/2022,12/2025,-,"1,305.00",-,0.00,1/9
2023-01,"EXTENSION OF RUNWAY WITH BLAST PAD, RESA, TAXIWAY, APRON, GSE AREA, ISOLATION BAY, NEW DOMESTIC TERM",AAI,N04000096,MAHARASHTRA,6/2017,12/2020,-,255.68,-,211.83,0/1
2023-01,C/O OF NITB AND ASSOCIATED WORK AT VIJAYAWADA AIRPORT,AAI,N04000091,ANDHRA PRADESH,4/2020,3/2023,-,611.80,-,183.67,6/14
2023-01,"EXTENSION OF TERMINAL BUILDING, PTT, APRON AND CAR PARK AT SURAT AIRPORT.",AAI,N04000093,GUJARAT,8/2018,2/2021,-,353.25,-,201.45,0/1
2023-01,CONSTRUCTION OF NEW INTEGRATED TERMINAL BUILDING AT LGBI AIRPORT GUWAHATI,AAI,N04000083,ASSAM,12/2016,3/2021,-,"1,142.00",-,519.68,0/1
2023-01,UPGRADATION OF JABALPUR AIRPORT,AAI,N04000087,MADHYA PRADESH,6/2016,6/2021,-,412.24,-,309.05,0/1
2023-01,CONSTRUCTION OF NEW GREEN FIELD AIRPORT AT HOLLONGI ITANAGAR ARUNACHAL PRADESH,AAI,N04000092,ARUNACHAL PRADESH,2/2019,8/2022,6/2023,645.63,-,592.33,2/3
2023-01,CONSTRUCTION OF TERMINAL BUILDING AND ASSOCIATED WORKS AT LEH AIRPORT,AAI,N04000078,LADAKH,7/2018,9/2021,12/2023,346.27,-,214.96,2/4
2023-01,"CCS INTERNATIONAL AIRPORT , LUCKNOW",AAI,N04000077,UTTAR PRADESH,6/2018,9/2021,-,"1,383.00",-,"1,157.03",0/2
2023-01,"MODERNIZATION OF CHENNAI AIRPORT PHASE II, CHENNAI",AAI,N04000074,TAMIL NADU,6/2018,2/2022,12/2024,"2,467.00",-,"1,185.16",9/12
2023-01,DEVELOPMENT OF AYODHYA AIRPORT PHASE-01,AAI,N04000094,UTTAR PRADESH,3/2021,12/2022,-,242.14,328.00,130.77,0/2
2023-01,"CONSTRUCTION OF NEW INTEGRATED TERMINAL BUILDING AT VSI AIRPORT, PORTBLAIR",AAI,N04000073,A & N ISLANDS,10/2013,9/2018,4/2023,417.23,707.73,628.53,2/6
2023-01,DEVELOPMENT OF TUTICORIN AIRPORT,AAI,N04000090,TAMIL NADU,6/2019,3/2022,12/2023,380.87,-,108.69,13/24
2023-01,"C/O NEW GREENFIELD AIRPORT AT HISSAR, RAJKOT, GUJARAT",AAI,N04000088,GUJARAT,1/2018,8/2022,-,"1,405.00",-,865.48,4/16
2023-01,EXTENSION OF EXISTING INTEGRATED TERMINAL BUILDING AND ALLIED WORKS AT GOA AIRPORT.,AAI,N04000095,GOA,11/2017,9/2021,-,255.69,-,36.82,0/1
2023-01,EXT AND STR. OF EXISTING RUNWAY 08/26 AT TIRUPATI AIRPORT,AAI,N04000089,ANDHRA PRADESH,8/2017,2/2020,3/2023,177.10,-,139.85,3/4
2023-01,"CONSTRUCTION OF NEW DORNESTIC TERMINAL BUILDING AND OTHER STRUCTURES, PHASE I",,,,5/2018,10/2022,-,"1,216.90",-,370.00,0/3
2023-01,UPGRADATION OF PASSENGER TERMINAL BUILDING AND AIRSIDE FACILITIES AT TIRUCHIRAPALLI INTERNATIONAL AI,AAI,N04000075,TAMIL NADU,8/2018,10/2021,-,951.28,-,737.67,7/14
2023-01,"CONSTRUCTION OF NEW INTEGRATED TERMINAL BUILDING, RECONSTRUCTION OF OLD TERMINAL BUILDING, MODIFICAT",AAI,N04000079,MAHARASHTRA,3/2017,4/2021,-,475.39,-,309.67,3/10
2023-01,MURAIDIH UG TURN-KEY PROJECT,BCCL,N06000096,JHARKHAND,2/2011,4/2014,-,339.88,-,144.05,4/7
2023-01,MADHUBAND NLW WASHERY,BCCL,N06000126,JHARKHAND,8/2010,5/2014,-,289.45,302.00,297.18,0/8
2023-01,NORTH TISRA AND SOUTH TISRA EXPANSION OCP (6MTY),BCCL,N06000106,JHARKHAND,2/2014,3/2021,-,555.52,-,226.82,0/2
2023-01,MOONIDIH XV SEAM UG,BCCL,N06000098,JHARKHAND,8/2011,3/2019,-,"1,230.27",-,566.69,2/6
2023-01,2.0 MTPA BHOJUDIH NLW WASHERY,BCCL,N06000195,WEST BENGAL,12/2015,3/2017,-,304.13,341.22,172.53,0/0
2023-01,PATHERDIH 2.5 NLW COAL WASHERY,BCCL,N06000194,JHARKHAND,10/2015,4/2018,-,243.00,334.27,58.98,0/0
2023-01,EPR PUNDI OCP,CCL,N06000242,JHARKHAND,11/2020,3/2024,-,713.35,-,235.30,0/0
2023-01,EXPANSION OF ASHOK OCP,CCL,N06000247,JHARKHAND,5/2021,3/2026,-,"2,898.28",-,174.50,0/0
2023-01,RAJRAPPA RCE OCP ( 3.0 MTY),CCL,N06000087,JHARKHAND,12/2009,3/2016,-,510.85,-,484.28,7/7
2023-01,EXPANSION OF KARO OCP,CCL,N06000246,JHARKHAND,1/2022,3/2026,-,908.47,-,109.16,0/0
2023-01,TETARIAKHAR EXPANSION OCP,CCL,N06000186,JHARKHAND,11/2019,3/2023,-,243.52,-,41.03,1/1
2023-01,CHANDRAGUPT OCP,CCL,N06000238,JHARKHAND,8/2020,3/2032,-,973.50,-,5.21,0/0
2023-01,SIRKA OCP,CCL,N06000239,JHARKHAND,5/2020,3/2025,-,222.82,-,139.07,0/0
2023-01,CHURI BENTI UG (0.81 MTY),CCL,N06000083,JHARKHAND,8/2007,3/2011,-,163.51,-,132.79,7/7
2023-01,KOTRE BASANTPUR PACHMO OCP,CCL,N06000237,JHARKHAND,8/2020,3/2032,-,861.06,-,139.25,0/0
2023-01,JHARKHAND LAIYO OCP,CCL,N06000240,JHARKHAND,8/2020,3/2031,-,764.57,-,146.91,0/0
2023-01,UCE OF EPR OF NORTH URIMARI OCP,CCL,N06000218,JHARKHAND,7/2021,3/2026,-,778.80,-,533.88,0/0
2023-01,EPR ROHINI KARKATA OCP,CCL,N06000243,JHARKHAND,1/2021,3/2025,-,"1,020.42",-,88.22,0/0
2023-01,KARMA OCP (1.0MTY),CCL,N06000088,JHARKHAND,6/2009,3/2014,-,162.46,-,94.42,7/7
2023-01,REVISED PROJECT REPORT MAGADH EXPANSION OCP,CCL,N06000216,JHARKHAND,8/2020,3/2028,-,"7,254.37",-,790.15,0/0
2023-01,EXPANSION OF KONAR OCP,CCL,N06000245,JHARKHAND,1/2022,3/2032,-,799.34,-,267.01,0/0
2023-01,EXPANSION PROJECT AMRAPALI OCP,CCL,N06000217,JHARKHAND,8/2020,3/2028,-,"5,136.15",-,470.36,0/0
2023-01,RANIGANJ MASTER PLAN,ECL,N06000163,WEST BENGAL,8/2009,8/2019,-,"2,661.73",-,661.93,1/19
2023-01,PARASEA- BELBAID REORGANISATION UG MINE,ECL,N06000185,WEST BENGAL,7/2019,3/2027,-,826.42,-,2.82,0/22
2023-01,HURA - C OC (3 MTY),ECL,N06000143,JHARKHAND,10/2015,3/2022,-,359.69,-,294.54,4/22
2023-01,TILABONI UG MINE,ECL,N06000172,WEST BENGAL,2/2019,3/2027,-,916.62,-,6.22,2/27
2023-01,SONEPUR BAZARI EXPANSION OC,ECL,N06000220,WEST BENGAL,7/2021,3/2029,-,"5,365.88","5,366.00",186.49,0/0
2023-01,EXPANSION PR OF JHANJRA UG (5.00 MTY),ECL,N06000223,WEST BENGAL,4/2020,3/2029,-,"1,210.12",-,213.22,0/0
2023-01,BONJEMEHARI EXPANSION OCP,ECL,N06000244,WEST BENGAL,8/2021,3/2025,-,570.12,-,7.57,0/0
2023-01,SIDULI MINE (OC AND UG),ECL,N06000165,WEST BENGAL,5/2018,3/2026,-,535.18,-,2.89,4/22
2023-01,MOHANPUR EXPANSION OC PHASE II,ECL,N06000236,WEST BENGAL,11/2020,3/2025,-,888.99,-,28.95,0/0
2023-01,SHYAMSUNDARPUR UG INCLUDING SAPI UNIT,ECL,N06000191,WEST BENGAL,4/2020,3/2025,-,483.65,-,14.59,0/0
2023-01,NAKRAKONDA KUMARDIH B OCP,ECL,N06000170,WEST BENGAL,8/2018,3/2029,-,502.68,-,49.04,2/22
2023-01,CHITRA EAST (RCE) OCP,ECL,N06000169,JHARKHAND,8/2018,3/2024,-,513.98,-,173.94,0/17
2023-01,GOPALJI-KANIHA OCP,MCL,N06000229,ODISHA,8/2020,3/2028,-,"8,416.19",-,"1,331.85",0/0
2023-01,GARJANBAHAL OCP,,,,11/2014,3/2021,-,"1,375.38",-,753.79,9/10
2023-01,SUBHADRA OCP,MCL,N06000249,ODISHA,5/2021,3/2027,3/2029,"1,693.81",-,894.04,0/0
2023-01,BASUNDHARA (WEST) OC EXTN(7.00 MTY),MCL,N06000112,ODISHA,5/2014,3/2019,-,479.15,-,253.53,4/9
2023-01,BALARAM EXPANSION OCP,MCL,N06000230,ODISHA,8/2020,3/2029,-,"3,504.21",-,635.75,0/0
2023-01,RPR OF HINGULA -II EXPANSION PH- III,MCL,N06000261,ODISHA,12/2022,3/2029,-,"2,264.68",-,895.68,0/0
2023-01,REORGANISATION OF BHARATPUR OCP EXPANSION,MCL,N06000171,ODISHA,11/2018,3/2029,-,"2,838.87",-,"1,417.73",3/9
2023-01,KULDA EXPANSION OCP- 15 MTY,MCL,N06000248,ODISHA,6/2014,3/2018,-,348.16,-,173.27,0/0
2023-01,ANANTA OCP EXPANSION PH III,MCL,N06000225,ODISHA,8/2008,3/2012,3/2022,228.08,-,333.47,0/0
2023-01,INTEGRATED LAKHANPUR- BELPAHAR-LILARI OCP,MCL,N06000167,ODISHA,5/2018,3/2027,-,"2,434.75",-,"1,083.60",4/12
2023-01,BHUBANESWARI EXPANSION OCP,MCL,N06000227,ODISHA,8/2020,3/2031,-,"3,145.45",-,887.76,0/0
2023-01,SIARMAL OCP (40.00MTY),MCL,N06000113,ODISHA,5/2014,3/2026,-,"3,756.36",-,"2,925.61",12/15
2023-01,NEYVELI NEW THERMAL POWER PROJECT(2X500 MW),NLC,N06000095,TAMIL NADU,6/2011,12/2015,-,"5,907.11",-,"7,463.41",35/35
2023-01,PACHWARA SOUTH COAL BLOCK,NLC,N06000193,JHARKHAND,7/2013,9/2028,-,"1,795.01",-,42.09,5/11
2023-01,BITHNOK LIGNITE THERMAL POWER STATION,NLC,N06000188,RAJASTHAN,3/2015,9/2020,-,"2,196.30",-,112.92,0/0
2023-01,HADLA LIGNITE MINE PROJECT(1.90 MTPA),NLC,N06000144,RAJASTHAN,3/2015,9/2019,-,522.45,-,9.88,0/0
2023-01,EXPANSION OF MINE-I (LEASE AREA) AND MINE-I A (3.0 TO 7.0 MTPA),NLC,N06000138,TAMIL NADU,4/2013,6/2015,-,"1,458.17",-,528.21,5/7
2023-01,NEYVELI UTTAR PRADESH POWER PROJECT LIMITED 1980 MW,NLC,N06000152,UTTAR PRADESH,7/2016,11/2021,-,"17,237.00",-,"14,597.16",21/48
2023-01,BARSINGSAR THERMAL POWER STATION EXTENSION,NLC,N06000187,RAJASTHAN,3/2015,9/2020,-,"2,112.60",-,93.05,0/0
2023-01,TALABIRA II AND III OCP,NLC,N06000189,ODISHA,7/2017,1/2027,-,"2,401.07",-,984.60,19/22
2023-01,BITHNOK LIGNITE MINE PROJECT (2.25 MTPA),NLC,N06000145,RAJASTHAN,3/2015,12/2019,-,513.63,-,175.30,0/0
2023-01,JAYANT EXPANSION OCP 10 TO 20,,,,5/2017,3/2021,-,"1,783.09",-,"1,344.74",5/9
2023-01,DUDHICHUA EXPANSION OCP (10 TO 20 MTPA),NCL,N06000162,MADHYA PRADESH,11/2017,3/2022,-,"1,255.17",-,942.14,6/9
2023-01,BINA KAKRI AMALGAMATION OCP 14 MTPA,NCL,N06000192,MULTI STATE,8/2020,3/2024,-,836.42,-,198.28,0/6
2023-01,NIGAHI EXPANSION OCP (15 TO 25 MTPA),NCL,N06000196,MADHYA PRADESH,11/2020,3/2025,-,"1,729.68",-,117.51,0/8
2023-01,KHADIA EXPANSION OCP,NCL,N06000208,UTTAR PRADESH,6/2021,3/2025,-,491.67,-,6.16,0/5
2023-01,BLOCK-B EXPANSION OPENCAST,NCL,N06000184,MADHYA PRADESH,7/2019,3/2023,-,998.71,-,18.08,1/7
2023-01,RCE-II OF JALAGAM VENGALRAO OPENCAST PROJECT-II,SCCL,N06000212,TELANGANA,3/2019,3/2021,-,473.22,-,442.96,4/4
2023-01,GOLETI OPENCAST MINE,SCCL,N06000258,TELANGANA,7/2021,3/2026,-,345.60,-,29.88,0/5
2023-01,NAINI COAL MINE,SCCL,N06000203,ODISHA,3/2020,3/2024,-,494.30,-,296.84,2/7
2023-01,RCE OF KALYANIKHANI OPENCAST,SCCL,N06000213,TELANGANA,3/2016,3/2020,-,384.32,-,178.16,0/3
2023-01,VENKATESH KHANI COAL MINE,SCCL,N06000204,TELANGANA,10/2020,3/2023,-,484.51,-,72.45,3/8
2023-01,RCE OF INDARAM OPENCAST,SCCL,N06000211,TELANGANA,8/2017,3/2021,-,349.28,-,335.24,4/5
2023-01,GODAVARIKHANI COAL MINE,SCCL,N06000202,TELANGANA,7/2019,3/2023,-,438.98,-,120.51,7/11
2023-01,RCE OF KAKATHIYAKHANI OC - 2,SCCL,N06000214,TELANGANA,8/2017,3/2020,-,442.42,-,150.48,0/1
2023-01,RCE OF KISTARAM OPENCAST,SCCL,N06000215,TELANGANA,3/2017,3/2021,-,164.04,-,143.08,1/1
2023-01,RCE OF RAMAGUNDAM OPENCAST II EXTENSION PROJECT,SCCL,N06000210,TELANGANA,11/2015,3/2023,-,489.62,-,378.15,1/3
2023-01,JAWAHAR KHANI OPENCAST (JK OC) MINE,SCCL,N06000259,TAMIL NADU,12/2021,3/2025,-,297.88,-,24.97,0/5
2023-01,KAKATIYAKHANI OPENCAST III PROJECT PHASE-1,SCCL,N06000161,TELANGANA,3/2017,3/2022,-,413.84,-,352.18,8/11
2023-01,SRP OC-II EXPANSION PROJECT,SCCL,N06000173,TELANGANA,11/2016,3/2018,-,272.73,-,153.75,3/6
2023-01,BATURA HIGHWALL PROJECT,,,,7/2015,3/2022,-,231.92,-,2.24,1/10
2023-01,VIJAY WEST OPENCAST PROJECT,SECL,N06000158,CHHATISGARH,5/2017,3/2026,-,976.95,-,88.01,2/2
2023-01,AMGAON OPENCAST PROJECT RCE,SECL,N06000135,CHHATISGARH,7/2015,3/2020,-,316.10,-,154.59,3/6
2023-01,PORDA CHIMTAPANI OCP (10 MTY),SECL,N06000199,CHHATISGARH,12/2020,3/2029,-,"2,310.12",-,0.00,0/0
2023-01,DIPKA OC EXPANSION 40 MTY,SECL,N06000200,CHHATISGARH,12/2020,3/2029,-,"5,241.40",-,"2,111.49",0/0
2023-01,BAROUD OC EXPANSION (3-10 MTY),SECL,N06000197,CHHATISGARH,8/2020,3/2029,-,"2,309.80",-,534.77,0/0
2023-01,AMRITDHARA OC PROJECT,SECL,N06000122,MADHYA PRADESH,2/2015,3/2023,-,481.60,-,2.19,3/10
2023-01,PELMA OCP(15.00MTY),SECL,N06000045,CHHATISGARH,11/2014,3/2023,-,"1,624.59",-,11.90,1/12
2023-01,KARTALI (EAST) OCP (2.50 MTY),SECL,N06000076,CHHATISGARH,7/2008,3/2014,-,178.44,-,16.13,3/9
2023-01,DURGAPUR OPENCAST PROJECT,SECL,N06000136,CHHATISGARH,2/2015,3/2023,-,916.24,-,13.36,2/12
2023-01,AMADAND OPENCAST EXPANSION,SECL,N06000148,MADHYA PRADESH,3/2016,3/2021,3/2025,869.44,-,180.21,4/6
2023-01,JAGANNATHPUR OC RCE (3.0 MTY),SECL,N06000232,CHHATISGARH,7/2016,3/2020,-,459.49,-,217.36,0/0
2023-01,RAJNAGAR OCP RPR (1.70 MTY),SECL,N06000124,MADHYA PRADESH,12/2014,3/2021,-,357.80,-,87.12,4/10
2023-01,KANCHAN OC EXPANSION,SECL,N06000125,MADHYA PRADESH,12/2014,3/2021,-,371.04,-,92.28,5/9
2023-01,AMERA OC RCE,SECL,N06000123,CHHATISGARH,2/2015,3/2018,-,335.97,-,48.72,1/7
2023-01,KUSMUNDA EXPN.OCP(SECL)(15- 50)MTY,SECL,N06000008,CHHATISGARH,8/2013,3/2023,-,"7,612.33",-,"3,869.02",13/22
2023-01,JAMPALI OCP RCE,SECL,N06000198,CHHATISGARH,5/2020,3/2024,-,278.64,-,195.86,0/0
2023-01,MAHAMAYA OPENCAST PROJECT,SECL,N06000164,CHHATISGARH,5/2018,3/2026,-,410.26,-,93.20,2/4
2023-01,RAMPUR BATURA OC (4.0 MTY),SECL,N06000233,MADHYA PRADESH,7/2019,3/2026,-,"1,248.93",-,310.72,0/0
2023-01,CHHAL OC SEAM -III (6.00 MTY),SECL,N06000104,CHHATISGARH,12/2013,3/2022,3/2025,610.63,-,380.83,4/11
2023-01,JHIRIA WEST OPENCAST PROJECT,,,,11/2018,3/2026,-,389.97,-,5.29,3/5
2023-01,MADANNAGAR OPENCAST PROJECT,SECL,N06000140,CHHATISGARH,10/2015,3/2024,-,"1,875.32",-,0.00,2/6
2023-01,GEVRA EXPANSION OCP (SECL) (35- 70) MTY,SECL,060100093,CHHATISGARH,6/2010,3/2023,-,"11,816.40",-,"5,562.56",15/21
2023-01,BATURA WEST OC PROJECT (0.80 MTY),SECL,N06000207,MADHYA PRADESH,3/2021,3/2028,-,496.28,-,0.00,0/0
2023-01,DINESH (MAKARDHOKDA-III) OC (8.0 MTY),WCL,N06000222,MAHARASHTRA,2/2020,3/2027,-,"1,184.33",-,586.92,1/8
2023-01,BELLORA-NAIGAON DEEP OC,WCL,N06000180,MAHARASHTRA,11/2018,3/2021,3/2024,252.71,-,115.19,1/3
2023-01,TAWA III UG MINE,WCL,N06000250,MADHYA PRADESH,12/2021,3/2027,-,324.25,-,10.80,0/5
2023-01,DURGAPUR EXTENSION (DEEP) OC (3.0 MTY),WCL,N06000157,MULTI STATE,2/2017,3/2021,-,328.00,-,306.41,5/6
2023-01,UKNI DEEP OC,WCL,N06000179,MAHARASHTRA,11/2018,3/2021,3/2025,318.14,-,239.80,1/4
2023-01,AMALGAMATED INDER-KAMPTEE DEEP OC (3.20 MTY),WCL,N06000226,MAHARASHTRA,9/2018,3/2024,-,313.34,-,174.54,1/1
2023-01,AMALGAMATED YEKONA-I YEKONA- II,WCL,N06000132,MAHARASHTRA,8/2015,3/2025,-,727.28,-,490.51,9/13
2023-01,GAURI PAUNI EXPANSION OC,WCL,N06000235,MAHARASHTRA,8/2020,3/2029,-,337.38,-,48.04,2/7
2023-01,AMALGAMATED DHANKASA JAMUNIA UG (1.84 MTY),WCL,N06000257,MADHYA PRADESH,9/2022,3/2027,-,497.01,-,97.80,0/5
2023-01,SINGHORI DEEP OC,WCL,N06000252,MAHARASHTRA,5/2022,3/2029,-,421.84,-,97.81,0/6
2023-01,ADASA UG TO OC (1.50 MTY),WCL,N06000219,MAHARASHTRA,11/2018,3/2024,-,333.43,-,188.84,0/4
2023-01,GHONSA EXPANSION DEEP OC,WCL,N06000205,MAHARASHTRA,3/2021,3/2028,-,241.72,-,58.42,0/7
2023-01,MUNGOLI NIRGUDA EXTENSION (DEEP) OC,WCL,N06000231,MAHARASHTRA,11/2020,3/2026,-,826.80,-,317.61,0/4
2023-01,MAKARDHOKDA I EXPANSION OC,WCL,N06000253,MAHARASHTRA,6/2022,3/2026,-,497.06,-,135.18,0/6
2023-01,NEW MAJARI UG TO OC (3.0 MTY),WCL,N06000255,MAHARASHTRA,5/2019,3/2027,-,496.38,-,94.79,1/5
2023-01,BHANEGAON OC (1.15MTY),WCL,N06000256,MAHARASHTRA,9/2022,3/2028,-,494.60,-,96.25,0/6
2023-01,VISHNUPURI UG TO OC,WCL,N06000260,MADHYA PRADESH,11/2022,3/2029,-,227.65,-,7.02,0/6
2023-01,NILJAI EXPANSION (DEEP) OC (3.5 MTY),WCL,N06000154,MULTI STATE,8/2016,3/2022,3/2025,319.76,319.76,261.49,0/3
2023-01,BHATADI EXPANSION OC,WCL,N06000254,MAHARASHTRA,2/2020,3/2028,-,729.86,-,157.27,0/5
2023-01,SAONER UG MINE I EXPANSION,WCL,N06000251,MAHARASHTRA,1/2022,3/2028,-,253.51,-,24.89,0/5
2023-01,GANDHIGRAM UG MINE,WCL,N06000183,MADHYA PRADESH,8/2019,3/2026,-,414.16,-,23.08,2/7
2023-01,DHUPTALA OC(SASTI UG TO OC),WCL,N06000209,MAHARASHTRA,2/2019,3/2028,-,720.87,-,174.47,0/6
2023-01,"CONSTRUCTION OF A NEW STATE OF ART EDUCATIONAL CAMPUS FOR IIFT AT MAIDAN GARHI, NEW DELHI",NBCC FOR COMMER,N40000003,DELHI,6/2018,10/2020,-,302.64,-,30.00,0/0
2023-01,"RESIDENTIAL QUATERS FOR HAL,BANGLORE",CPWD FOR DEFENC,N28000103,KARNATAKA,12/2016,2/2020,1/2023,246.31,210.00,185.81,10/10
2023-01,ADDITIONAL INFRASTRUCTURE AT IISC BANGALORE SH RCC MONOLITHIC FOR MEN WOMEN HOSTEL,CPWD,N42000010,KARNATAKA,8/2021,2/2024,-,316.25,-,0.00,1/2
2023-01,"CONSTRUCTION OF PERMANENT CAMPUS FOR INDIAN INSTITUTE OF TECHNOLOGY, DHARWAD (PHASE 1A)",CPWD EDUCATION,N42000006,KARNATAKA,7/2019,3/2022,10/2022,851.00,851.00,599.90,7/12
2023-01,"C/O PERMANENT CAMPUS OF IIT PALAKKAD PHASE IA AT PUDESSERY VILLAGE,KANJIKODE WEST, DISTRICT PALAKKA",CPWD EDUCATION,N28000140,KERALA,7/2019,3/2021,3/2023,753.63,-,320.74,2/11
2023-01,"CONSTRUCTION OF PERMANENT CAMPUS FOR IISER AT JANGALAPALLI VILLAGE, YERPEDU MANDAL, CHITTOOR DISTRIC",CPWD EDUCATION,N42000007,ANDHRA PRADESH,9/2019,9/2022,-,588.72,-,367.08,6/9
2023-01,"CONSTRUCTION OF IITB RESEARCH PARK AT IIT BOMBAY, POWAI, MUMBAI",CPWD EDUCATION,N28000117,MAHARASHTRA,1/2018,7/2020,-,223.37,-,61.35,6/14
2023-01,CONSTRUCTION OF PERMANENT CAMPUS FOR INDIAN INSTITUTE OF TECHNOLOGY TIRUPATI AT MERLAPAKA VILLAGE YE,CPWD EDUCATION,N42000005,ANDHRA PRADESH,2/2019,6/2020,-,655.34,-,512.67,0/110
2023-01,PERMANENT CAMPUS FOR IIM BODH GAYA,CPWD EDUCATION,N42000009,BIHAR,9/2018,9/2020,-,375.00,-,213.72,4/7
2023-01,CONSTRUCTION OF PERMANENT CAMPUS OF IIM JAMMU (PHASE 1),CPWD EDUCATION,N28000130,JAMMU AND KASHMIR,3/2019,7/2022,3/2023,424.93,-,259.82,0/14
2023-01,CONSTRUCTION OF PERMANENT CAMPUS IIT JAMMU (PHASE 1C),CPWD EDUCATION,N28000131,JAMMU AND KASHMIR,1/2018,4/2023,-,676.00,-,0.15,0/1
2023-01,INDIAN INSTITUTE OF SCIENCE EDUCATION AND RESEARCH BERHAMPUR,CPWD EDUCATION,N28000126,ODISHA,1/2019,3/2022,-,790.79,-,455.06,2/5
2023-01,ESTABLISHMENT OF PERMANENT CAMPUS PHASE 1 OF IIM SIRMAUR,CPWD EDUCATION,N42000008,HIMACHAL PRADESH,9/2018,6/2022,5/2023,392.51,-,168.44,0/2
2023-01,"C/O PERMANENT CAMPUS OF IIT BHILAI AT KUTHELABHATA, DURG CHHATTISGARH, STAGE I PHASE I.",CPWD EDUCATION,N28000141,CHHATISGARH,3/2020,7/2022,-,808.62,-,640.70,0/0
2023-01,2000 BOYS HOSTEL(1000 DOUBLE BEDDED ROOM) AT ISM DHANBAD,CPWD EDUCATION,N28000067,JHARKHAND,9/2012,3/2016,7/2022,171.86,171.86,167.98,4/6
2023-01,"CONSTRUCTION OF VARIOUS BUILDINGS UNDER PHASE 1C AT IIT ROPAR, PUNJAB",CPWD EDUCATION,N28000120,PUNJAB,1/2018,5/2020,-,430.00,-,267.96,3/5
2023-01,"CONSTRUCTION OF PERMANENT CAMPUS FOR NATIONAL INSTITUTE OF TECHNOLOGY GOA AT CUNCOLIM, GOA.",CPWD EDUCATION,N42000002,GOA,5/2019,3/2020,-,303.90,334.45,228.00,4/8
2023-01,"CONSTRUCTION OF PERMANENT CAMPUS OF INDIAN INSTITUTE OF MANAGEMENT (IIM) AMRITSAR, PUNJAB.",CPWD EDUCATION,N28000142,PUNJAB,10/2019,5/2022,-,348.24,-,120.10,1/8
2023-01,CONSTRUCTION OF TWO NOS GIRLS HOSTELS AND ONE NO BOYS HOSTEL OF 500 CAPACITY EACH G PLUS 8 STOREYED,CPWD EDUCATION,N28000146,WEST BENGAL,3/2020,6/2020,-,193.83,-,129.79,0/14
2023-01,CONSTRUCTION OF ACADEMIC AND,,,,2/2016,6/2017,-,496.18,-,377.50,3/6
2023-01,CONSTRUCTION AND DEVELOPMENT OF NATINAL INSTITUTE OF TECHNOLOGY MEGHALAYA PERMANENT CAMPUS AT SOHRA,RITES OF HIGHER,N42000001,MEGHALAYA,9/2013,9/2014,12/2023,484.32,429.70,256.25,0/0
2023-01,"CONSTRUCTION OF INTERNATIONAL CENTRE FOR PERFORMING ARTS AND CULTURE,SHILONG IN MEGALAYA UNDER NLCPR",HSCL FOR DONER,N12000103,MEGHALAYA,4/2014,9/2017,-,151.33,-,148.33,12/15
2023-01,NATIONAL INDUSTRIAL CORRIDOR,DMIC FOR DPIIT,N40000001,MULTI STATE,9/2011,3/2027,3/2027,"20,084.00","20,084.00","9,680.31",0/0
2023-01,INDIA INTERNATIONAL CONVENTION AND EXPO CENTRE,IICC FOR DPIIT,N40000002,DELHI,11/2017,12/2019,-,"4,773.00",-,"3,538.42",0/0
2023-01,AN MELT PROJECT AT RCF TROMBAY,RCF,N08000019,MAHARASHTRA,5/2022,9/2024,-,187.27,187.27,12.26,0/0
2023-01,CONSTRUCTION OF 726 Nos RESIDENTIAL QUARTERS CHENNAI,CPWD FOR FINANC,N28000109,TAMIL NADU,11/2017,11/2021,-,348.77,-,282.51,3/8
2023-01,"C/O OF 152 NOS TYPE-II,304 NOS,TYPE-III,76 NOS, TYPE-IV QTRS. FOR INCOME TAX DEPARTMENT AT CHENNAI",CPWD FOR FINANC,N28000089,TAMIL NADU,12/2015,10/2019,10/2022,209.00,-,240.71,6/6
2023-01,"C/O RESIDENTIAL COMPLEX BUILDING FOR CENTRAL BOARD OF INDIRECT TAXES AND CUSTOMS AT SECTOR-9, DWARKA",NPCC,N07000001,DELHI,7/2018,4/2022,-,228.50,220.27,182.43,6/15
2023-01,CONSTRUCTION OF 300 BEDDED HOSPITAL AND TEACHING BLOCK IN DR YS PARMAR GMC AT NAHAN HIMACHAL PRADESH,CPWD FOR HEALTH,N28000127,HIMACHAL PRADESH,12/2018,6/2021,-,260.00,-,25.38,0/0
2023-01,"CONSTRUCTION OF AIIMS AT JAMMU VIJAYPUR, SAMBA JAMMU AND KASHMIR",CPWD FOR HEALTH,N21000029,JAMMU AND KASHMIR,3/2019,9/2023,-,"1,404.00",-,817.99,0/0
2023-01,C/O AIIMS AT AWANTIPORA (KASHMIR) JAMMU AND KASHMIR,CPWD FOR HEALTH,N28000150,JAMMU AND KASHMIR,3/2019,9/2025,-,"1,828.00",-,591.68,0/0
2023-01,C/O NEW HOSPITAL BLOCK FOR,,,,9/2017,3/2020,-,150.29,-,88.39,2/7
2023-01,ESTABLISHMENT OF NATIONAL ANIMAL RESOURCE FACILITY FOR BIOMEDICAL RESEARCH AT HYDERABAD,CPWD FOR HEALTH,N28000098,TELANGANA,10/2016,3/2020,-,209.84,-,236.51,1/5
2023-01,CONST OF 152 QTRS 240 BOYS 240 GIRLS 150 NURSES HOSTEL AND OTHER BUILDINGS INCLUDING DEVELOPMENT,CPWD FOR HEALTH,N28000139,PONDICHERRY,3/2018,9/2020,12/2019,195.00,195.00,125.35,0/33
2023-01,"ALL INDIA INSTITUTE OF MEDICAL SCIENCE AT GUWAHATI, ASSAM",HITES,N21000027,ASSAM,5/2017,5/2021,-,875.00,890.14,585.61,0/0
2023-01,"ALL INDIA INSTITUTE OF MEDICAL SCIENCE AT BATHINDA, PUNJAB",HITES,N21000026,PUNJAB,7/2016,6/2020,-,703.00,-,577.27,0/0
2023-01,ALL INDIA INSTITUTE OF MEDICAL SCIENCE AT GORAKHPUR (U.P.),HITES,N21000025,UTTAR PRADESH,7/2016,4/2020,-,785.00,-,701.59,0/0
2023-01,HOSPITAL AND TEACHING- AIIMS GUNTUR,HSCC,N21000020,ANDHRA PRADESH,3/2018,/,-,601.02,-,590.20,0/0
2023-01,CNCI KOLKATA WEST BENGAL,HSCC,N21000015,WEST BENGAL,8/2016,9/2018,-,244.00,-,224.92,0/0
2023-01,HOSPITAL AND TEACHING- AIIMS NAGPUR,HSCC,N21000023,MAHARASHTRA,3/2018,/,-,582.99,-,562.03,0/0
2023-01,"LGBRIMH-TEZPUR, ASSAM",HSCC,N21000007,ASSAM,7/2012,12/2014,-,175.57,-,179.15,0/0
2023-01,SUPER SPECIALITY BLOCK PMSSY GOA,HSCC,N21000022,GOA,1/2018,/,-,249.01,-,244.64,0/0
2023-01,AIIMS - MOTHER AND CHILD BLOCK,HSCC,N21000008,DELHI,12/2013,5/2017,-,204.44,-,285.00,2/2
2023-01,"CONSTRUCTION OF HOSPITAL BLOCK, IIT, KHARAGPUR",HSCC,N21000010,WEST BENGAL,12/2014,5/2017,-,168.90,-,182.10,3/3
2023-01,"RESIDENTIALCOMPLEX AND OPD BLOCK, AIIMS, KALYANI WEST BENGAL",HSCC,N21000018,WEST BENGAL,8/2017,3/2019,-,355.15,-,321.31,0/0
2023-01,CONSTRUCTION OF HOSPITAL AND OPD BLOCK NCI JHAJJAR,HSCC,N21000011,HARYANA,9/2014,3/2018,-,505.58,-,586.96,2/2
2023-01,"RESIDENTIAL COMPLEX AND OPD BLOCK, AIIMS, NAGPUR MAHARASTRA",HSCC,N21000016,MAHARASHTRA,8/2017,3/2019,-,274.19,-,259.46,0/0
2023-01,"RESIDENTIAL COMPLEX AND OPD BLOCK, AIIMS-MNAGLAGIRI",,,,8/2017,3/2019,-,272.19,-,268.59,0/0
2023-01,HOSPITAL AND MEDICAL COLLEGE AIIMS RAEBARELI,HSCC,N21000021,UTTAR PRADESH,3/2018,/,-,268.84,-,269.92,0/0
2023-01,HOSPITAL AND TEACHING- AIIMS KALYANI,HSCC,N21000024,WEST BENGAL,4/2018,/,-,651.99,-,622.18,0/0
2023-01,AIIMS - OPD(NEW),HSCC,N21000009,DELHI,8/2014,5/2017,-,293.65,-,299.76,5/5
2023-01,NEIGRIHMS SHILLONG MEGHALYA,HSCC,N21000013,MEGHALAYA,10/2016,5/2018,-,363.99,-,313.90,0/0
2023-01,GERIATRICS BLOCK- AIIMS DLEHI,HSCC,N21000019,DELHI,12/2017,/,-,156.56,-,145.94,0/0
2023-01,SATELLITE CENTRE PGI CHANDIGARH SANGRUR PUNJAB,HSCC,N21000012,PUNJAB,7/2016,2/2018,-,152.95,-,171.90,1/1
2023-01,LHMC NEW DELHI-RE- DEVELOPMENT,HSCC,N21000003,DELHI,2/2013,11/2013,-,414.11,-,586.50,0/0
2023-01,AIIMS BILASPUR,NBCC FOR HEALTH,N21000028,HIMACHAL PRADESH,4/2018,9/2021,-,"1,351.00",-,"1,185.10",4/4
2023-01,"C/o separate family accommodation (Phase-I) on EPC basis for SSB at Faridabad (Haryana)""",CPWD FOR MHA,N28000147,HARYANA,1/2020,10/2023,3/2024,166.98,167.00,20.96,1/13
2023-01,CONSTRUCTION OF HEADQUARTER BUILDING OF CRPF AT LODHI ROAD NEW DELHI,CPWD FOR MHA,N45000002,DELHI,6/2019,7/2022,-,277.35,-,71.90,3/6
2023-01,NSG AT KOLKATA,CPWD FOR MHA,N28000104,WEST BENGAL,10/2014,4/2018,-,162.88,210.83,176.16,6/7
2023-01,ESTABLISHMENT OF CENTRAL ARMED POLICE FORCE INSTITUTE OF MEDICAL SCIENCES(CAPFIMS) AT NEW DELHI,CPWD FOR MHA,N28000071,DELHI,10/2013,10/2019,-,"1,219.21","1,735.25","1,193.72",1/7
2023-01,CONSTRUCTION OF 683 VARIOUS TYPE FAMILY QUARTERS AT GROUP CENTRE CRPF CHANDAULI,CPWD FOR MHA,N45000003,UTTAR PRADESH,5/2019,1/2022,3/2023,199.31,-,107.81,3/6
2023-01,"CONSTRUCTION OF BASEMENTG FLOOR10 STORIES BUILDING FOR THE STATE OF THE ART, DG, GSI AT SECTOR-V, SA",CPWD,N10000015,WEST BENGAL,4/2019,4/2022,-,255.37,-,26.63,0/1
2023-01,CONVERSION OF FLAT BOTTOM SETTLERS AND WASHERS WITH A SINGLE TRAIN OF HRDS AND DCWS IN STREAMS 1 AND -,,,,12/2015,11/2020,12/2024,355.00,581.00,78.79,3/3
2023-01,5TH STREAM ALUMINA REFINERY EXPANSION PROJECT,NALCO,N10000010,ODISHA,12/2014,4/2021,3/2024,"4,103.00","5,055.00","1,843.84",4/4
2023-01,UTKAL D AND E COAL BLOCK,NALCO,N10000011,ODISHA,5/2016,1/2020,11/2023,534.00,667.23,604.59,3/3
2023-01,POTTANGI BAUXITE MINES,NALCO,N10000016,ODISHA,5/2018,12/2024,12/2024,"1,437.00","1,381.00",334.38,0/0
2023-01,SOURCING OF BAUXITE ARRANGEMENT FOR 5TH STREAM ALUMINA REFINERY FROM SOUTH BLOCK MINING LEASE OF PAN,NALCO,N10000013,ODISHA,11/2017,4/2021,12/2023,483.00,483.00,108.92,2/2
2023-01,25.5 MW WIND POWER PROJECT AT KAYATHAR IN TAMILNADU,NALCO,N10000014,TAMIL NADU,9/2017,6/2019,12/2023,166.62,163.17,135.00,1/1
2023-01,CITY GAS DISTRIBUTION NETWORK PROJECT AT CHATRA AND PALAMU,BPCL,N16000474,JHARKHAND,12/2019,3/2029,-,230.25,-,31.56,0/0
2023-01,RESITEMENT OF RANCHI AND DHANBAD OLD POL DEPOT AT BOKARO.,BPCL,N16000373,JHARKHAND,11/2018,6/2022,3/2023,248.55,-,204.02,7/16
2023-01,DEVELOPMENT OF COASTAL TERMINAL AT KRISHNAPATNAM PORT,BPCL,N16000364,ANDHRA PRADESH,7/2017,2/2021,-,580.20,-,449.99,6/16
2023-01,IRUGUR-DEVANGONTHI POL PIPELINE,BPCL,N16000234,TAMIL NADU,11/2012,2/2017,1/2026,678.00,"1,732.00",20.88,0/0
2023-01,CITY GAS DISTRIBUTION NETWORK PROJECT AT ANGUL AND DHENKANAL,BPCL,N16000463,ODISHA,4/2019,3/2030,-,605.65,-,139.40,0/0
2023-01,KOCHI SALEM LPG PIPELINE,BPCL,N16000314,KERALA,12/2015,6/2019,2/2024,"1,112.00","1,507.24","1,033.28",1/3
2023-01,CITY GAS DISTRIBUTION NETWORK PROJECT AT SIDHI AND SANGRAULI,BPCL,N16000468,MADHYA PRADESH,12/2019,3/2029,-,350.35,-,57.15,0/0
2023-01,CITY GAS DISTRIBUTION NETWORK PROJECT AT JAGATSINGHPUR AND KENDRAPARA,BPCL,N16000465,ODISHA,4/2019,3/2030,-,485.91,-,97.94,0/0
2023-01,"CITY GAS DISTRIBUTION NETWORK PROJECT AT AMETHI, RAEBARELI AND PRATAPGARH",BPCL,N16000466,UTTAR PRADESH,4/2019,9/2028,-,432.06,-,103.75,0/0
2023-01,CITY GAS DISTRIBUTION NETWORK PROJECT AT SANGLI AND SATARA,BPCL,N16000460,MAHARASHTRA,4/2019,11/2028,-,"2,337.98",-,522.71,0/0
2023-01,CITY GAS DISTRIBUTION NETWORK PROJECT AT ROHTAK,BPCL,N16000473,HARYANA,4/2018,6/2025,-,261.48,-,125.97,0/0
2023-01,"CITY GAS DISTRIBUTION NETWORK PROJECT AT BARGARH, DEBGARH",,,,4/2019,3/2030,-,599.19,-,132.17,0/0
2023-01,DEBOTTLENECKING AND AUGMENTATION OF CRYOGENIC FACILITIES AT URAN LPG IMPORT TERMINAL,BPCL,N16000442,MAHARASHTRA,4/2021,6/2024,-,"1,164.69",-,96.03,0/0
2023-01,CITY GAS DISTRIBUTION NETWORK PROJECT AT SATNA AND SHAHDOL,BPCL,N16000472,MADHYA PRADESH,4/2019,9/2028,-,332.38,-,77.29,0/0
2023-01,CITY GAS DISTRIBUTION NETWORK PROJECT AT JAJPUR AND KENDUJHAR,BPCL,N16000462,ODISHA,4/2019,3/2030,-,741.29,-,179.76,0/0
2023-01,CITY GAS DISTRIBUTION NETWORK PROJECT AT AHMEDNAGAR AND AURANGABAD,BPCL,N16000459,MAHARASHTRA,4/2019,9/2028,-,"3,972.18",-,"1,044.00",0/14
2023-01,CITY GAS DISTRIBUTION NETWORK PROJECT AT SAHARANPUR,BPCL,N16000475,UTTAR PRADESH,5/2016,6/2023,-,186.70,-,176.68,0/0
2023-01,CONSTRUCTION OF LUBE OIL BLENDING AND FILLING PLANT AT RASAYANI,BPCL,N16000452,MAHARASHTRA,5/2022,3/2024,-,423.39,-,48.95,0/0
2023-01,CITY GAS DISTRIBUTION NETWORK PROJECT AT RUPNAGAR,BPCL,N16000476,PUNJAB,6/2016,6/2023,-,172.70,-,137.83,0/0
2023-01,CITY GAS DISTRIBUTION NETWORK PROJECT AT BALLARI AND GADAG,BPCL,N16000461,KARNATAKA,4/2019,9/2028,-,897.62,-,162.58,0/0
2023-01,KEROSENE HYDROTREATER (KHT) UNIT INTEGRATED WITH EXISTING DIESEL HYDROTREATER (DHT) UNIT AT MUMBAI R,BPCL,N16000410,MAHARASHTRA,8/2020,3/2023,-,697.00,-,538.45,5/10
2023-01,"Setting up of Integated 2G and 1G Bio- Ethanol Refinery at Bargarh, Odisha",BPCL,N16000374,ODISHA,8/2019,8/2022,6/2023,"1,607.00",-,644.31,9/28
2023-01,"CITY GAS DISTRIBUTION NETWORK PROJECT AT BILASPUR, HAMIRPUR AND UNA",BPCL,N16000467,HIMACHAL PRADESH,4/2019,9/2030,-,427.94,-,51.90,0/0
2023-01,CBR 9 MMTPA PROJECT,CPCL,N16000434,TAMIL NADU,1/2021,6/2025,-,"31,580.00","31,580.00",821.61,10/50
2023-01,KOCHI-KOOTTANAD-BANGALORE- MANGALORE PIPELINE PHASE-II,GAIL,N16000285,MULTI STATE,6/2009,12/2012,2/2025,"2,915.00","5,909.00","3,558.30",26/42
2023-01,CITY GAS DISTRIBUTION (CGD) NETWORK BHUBANESHWAR,GAIL,N16000289,ODISHA,7/2017,7/2022,-,243.53,-,208.60,10/10
2023-01,SULTANPUR JHAJJAR HISSAR PIPELINE (SJHPL) PROJECT,GAIL,N16000355,HARYANA,8/2018,8/2020,12/2022,286.42,327.00,281.20,14/16
2023-01,"CITY GAS DISTRIBUTION (CGD) NETWORK, CUTTACK",GAIL,N16000328,ODISHA,7/2017,7/2022,-,182.20,-,121.91,9/9
2023-01,SETTING UP 500KTPA PROPANE,,,,5/2019,4/2025,-,"8,797.00",-,660.66,15/20
2023-01,DURGAPUR-HALDIA PIPELINE,GAIL,N16000275,WEST BENGAL,3/2017,12/2020,6/2023,"1,740.00",-,"1,306.10",15/24
2023-01,HARIDWAR RISHIKESH DEHRADUN PIPELINE PROJECT,GAIL,N16000390,UTTAR PRADESH,8/2018,4/2021,12/2022,217.92,-,136.60,12/14
2023-01,DHAMRA HALDIA PIPELINE PROJECT,GAIL,N16000391,MULTI STATE,3/2020,11/2022,6/2023,"1,030.65",-,506.20,9/12
2023-01,"CITY GAS DISTRIBUTION, JAMSHEDPUR",GAIL,N16000389,JHARKHAND,10/2017,10/2022,-,221.45,-,141.82,9/9
2023-01,DHAMRA-ANGUL PIPELINE PROJECT,GAIL,N16000272,ODISHA,3/2017,12/2020,11/2022,"1,933.00","2,105.70","1,987.30",21/24
2023-01,BARAUNI-GUWAHATI PIPELINE,GAIL,N16000334,MULTI STATE,6/2018,12/2021,6/2023,"3,308.00",-,"3,191.00",18/20
2023-01,BOKARO-ANGUL PIPELINE PROJECT,GAIL,N16000274,MULTI STATE,3/2017,12/2020,11/2022,"3,437.00",-,"2,514.80",21/24
2023-01,CITY GAS DISTRIBUTION (CGD) NETWORK PATNA,GAIL,N16000327,BIHAR,10/2017,10/2022,-,359.25,-,243.87,10/10
2023-01,SUSTAINED EVACUATION OF GAS FROM GANDHAR FIELDS BY INSTALLING A GAS COMPRESSOR AND PIPELINE CONNECTI,GAIL,N16000349,GUJARAT,9/2018,2/2021,12/2022,225.54,-,188.99,6/8
2023-01,SRIKAKULAM ANGUL PIPELINE,GAIL,N16000388,MULTI STATE,9/2019,7/2022,7/2023,"2,658.34",-,"1,198.50",14/18
2023-01,60 KTA POLYPROPYLENE PROJECT,GAIL,N16000429,UTTAR PRADESH,3/2019,4/2024,-,910.56,"1,299.02",280.00,12/17
2023-01,MUMBAI NAGPUR JHARSUGUDA PIPELINE PROJECT,GAIL,N16000398,MULTI STATE,6/2020,5/2023,-,"7,844.25",-,"3,959.60",23/29
2023-01,"CITY GAS DISTRIBUTION (CGD) NETWORK, RANCHI",GAIL,N16000329,JHARKHAND,10/2017,10/2022,-,226.45,-,205.63,19/19
2023-01,CITY GAS DISTRIBUTION PROJECT IN GEOGRAPHICAL AREA OF SONIPAT (EAAA) AND JIND DISTRICTS,HPCL,N16000385,HARYANA,9/2018,9/2026,2/2027,520.00,-,319.48,45/52
2023-01,BHATINDA SANGRUR PIPELINE,HPCL,N16000440,PUNJAB,11/2021,4/2024,-,367.00,-,56.97,0/0
2023-01,SULPHUR FORMING UNIT IN SRU,HPCL,N16000408,ANDHRA PRADESH,10/2020,8/2021,-,210.94,-,149.48,3/6
2023-01,VISAKH REFINERY MODERNISATION,HPCL,N16000235,ANDHRA PRADESH,7/2016,7/2020,7/2022,"20,928.00","26,264.00","21,322.88",101/111
2023-01,AUGMENTATION OF FACILITIES AT,,,,3/2021,3/2024,-,456.00,-,131.70,21/62
2023-01,CITY GAS DISTRIBUTION IN WEST BENGAL,HPCL,N16000392,WEST BENGAL,3/2019,3/2031,8/2031,"5,830.20",-,334.37,32/50
2023-01,HP CRUDE TO OLEFINS AND AROMATICS TECHNOLOGY DEMO UNIT AT VISAKH REFINERY,HPCL,N16000432,ANDHRA PRADESH,9/2021,6/2024,-,160.00,-,0.19,2/13
2023-01,NEW LPG PLANT AT VARANASI,HPCL,N16000447,UTTAR PRADESH,8/2017,5/2024,-,194.62,-,121.18,0/20
2023-01,CONSTRUCTION OF 80000MT LPG CAVERN AT MANGALORE,HPCL,N16000369,KARNATAKA,12/2018,12/2022,12/2023,854.00,-,289.11,15/19
2023-01,CITY GAS DISTRIBUTION IN UP AND UK,HPCL,N16000387,UTTAR PRADESH,3/2019,3/2029,8/2029,"3,450.20",-,938.25,34/64
2023-01,SWRO II WITH LLPH FACILITIES,HPCL,N16000378,ANDHRA PRADESH,9/2019,7/2020,3/2023,196.26,-,135.30,1/5
2023-01,RUF PITCH LOADING GANTRY,HPCL,N16000406,ANDHRA PRADESH,10/2020,11/2022,-,332.61,-,115.00,7/12
2023-01,HALDIA PANAGARH PIPELINE,HPCL,N16000478,WEST BENGAL,11/2022,11/2025,-,"1,010.00",-,0.71,0/21
2023-01,"SECOND GENERATION ETHANOL BIOREFINERY PROJECT, BATHINDA, PUNJAB",HPCL,N16000402,PUNJAB,5/2020,2/2023,2/2024,"1,421.46",-,602.40,16/22
2023-01,CREATING INFRASTRUCTURE AT GUJARAT REFINERY AND DUMAD FOR KOYALI AHMEDNAGAR SOLAPUR PIPELINE,IOCL,N16000326,GUJARAT,10/2017,2/2020,10/2022,906.00,-,453.07,8/8
2023-01,BARAUNI REFINERY CAPACITY EXPANSION FROM 6.0 TO 9.0 MMTPA,IOCL,N16000386,BIHAR,1/2020,4/2023,-,"14,810.00",-,"5,257.63",5/7
2023-01,ADDITIONAL STORAGE TANKS AT PARADIP,IOCL,N16000361,ODISHA,11/2018,9/2021,12/2022,462.30,543.00,343.40,4/5
2023-01,ENNORE THIRUVALLUR BENGALURU PUDUCHERRY NAGAPATTINAM MADURAITUTICORIN GAS PIPELINE,IOCL,N16000253,TAMIL NADU,5/2016,12/2018,11/2023,"4,497.00","6,025.00","5,119.34",5/5
2023-01,INTEGRATED PARA XYLENE (PX) AND PURIFIED TEREPHTHALIC ACID (PTA) PROJECT AT PARADIP REFINERY,IOCL,N16000396,ODISHA,7/2020,1/2024,-,"13,805.00",-,"2,234.85",7/12
2023-01,"CGD PROJECT AT KHAGARIA, SAHARSA AND MADHEPURA",IOCL,N16000423,BIHAR,6/2019,12/2029,3/2030,163.00,-,48.19,0/0
2023-01,"CGD PROJECT AT SRIKAKULAM, VISAKHAPATNAM AND VIZIANAGARAM DISTRICTS",IOCL,N16000420,ANDHRA PRADESH,6/2019,8/2027,3/2030,"2,880.00",-,171.04,0/0
2023-01,GRASS ROOT TERMINAL AT,,,,12/2018,4/2022,-,611.00,-,241.11,0/0
2023-01,ETHYLENE GLYCOL PROJECT AT PARADIP,IOCL,N16000338,ODISHA,4/2018,10/2021,12/2022,"5,654.00",-,"4,641.99",10/10
2023-01,"REVAMPING, AUGMENTATION OF FACILITIES AT EXISTING PORT TERMINAL AT MANGALORE",IOCL,N16000437,KARNATAKA,1/2022,7/2025,-,463.00,-,39.99,0/0
2023-01,INFRASTRUCTURE DEVELOPMENT FOR UTILIZATION OF NATURAL GAS AT PARADIP REFINERY,IOCL,N16000395,ODISHA,1/2020,7/2022,-,202.16,-,126.16,3/4
2023-01,"CGD PROJECT AT ARWAL, JEHANABAD, BHOJPUR AND BUXAR DISTRICTS",IOCL,N16000422,BIHAR,6/2019,2/2028,8/2029,439.00,-,161.80,0/0
2023-01,INSTALLATION OF STANDBY SRU TRAIN OF 525 TPD ALONGWITH INCINERATOR AT PARADIP REFINERY,IOCL,N16000368,ODISHA,6/2019,9/2022,3/2023,371.00,427.10,135.28,6/8
2023-01,CGD PROJECT AT REWA DISTRICT,IOCL,N16000417,MADHYA PRADESH,10/2018,2/2027,9/2028,177.00,-,88.21,0/0
2023-01,PETROCHEMICAL AND LUBE INTEGRATION PROJECT AT GUJARAT REFINERY,IOCL,N16000409,GUJARAT,9/2020,9/2024,-,"18,936.00",-,"2,444.77",9/15
2023-01,INFRASTRUCTURE DEVELOPMENT TO FACILITATE BULK IMPORT OF GRID POWER AT 220 KV AT MATHURA REFINERY,IOCL,N16000323,UTTAR PRADESH,8/2017,8/2020,11/2022,255.40,-,207.48,3/3
2023-01,"CGD PROJECT AT SHEIKHPURA, JAMUI AND DEOGHAR DISTRICTS",IOCL,N16000427,MULTI STATE,6/2019,2/2028,-,303.00,-,169.69,0/0
2023-01,PARADIP SOMNATHPUR HALDIA PIPELINE,IOCL,N16000345,ODISHA,10/2018,10/2021,7/2022,"1,297.50",-,"1,067.74",1/1
2023-01,"CONSTRUCTION OF CAPTIVE POL LPG JETTY AT KAMARAJAR PORT, CHENNAI",IOCL,N16000403,TAMIL NADU,10/2020,9/2023,-,921.00,-,123.03,0/0
2023-01,"CGD PROJECT AT LAKHISARAI, MUNGER AND BHAGALPUR DISTRICTS",IOCL,N16000424,BIHAR,6/2019,2/2028,8/2029,347.00,-,131.79,0/0
2023-01,INSTALLATION OF SECOND CATALYTIC DEWAXING UNIT (CDW- II) AT HALDIA REFINERY,IOCL,N16000393,WEST BENGAL,6/2020,1/2023,-,"1,019.00",-,504.52,5/6
2023-01,INSTALLATION OF NEW BITUMEN UNIT ALONG WITH ALLIED FACILITIES AT GUJARAT,IOCL,N16000454,GUJARAT,1/2022,9/2024,-,328.00,-,11.42,0/0
2023-01,ATF PIPELINE FROM JAWAHARLAL NEHRU PORT TRUST (JNPT) TO NAVI MUMBAI INTERNATIONAL AIRPORT (NMIA),IOCL,N16000456,MAHARASHTRA,9/2022,8/2025,-,165.00,-,0.00,0/0
2023-01,LPG BP PROJECT CHITTOOR,IOCL,N16000381,ANDHRA PRADESH,7/2019,7/2022,6/2023,167.00,-,63.40,0/5
2023-01,CGD PROJECT AT NAWADA AND KODERMA DISTRICTS,IOCL,N16000426,MULTI STATE,6/2019,12/2029,3/2030,169.00,-,54.89,0/0
2023-01,AUGUMENTATION OF SALAYA MATHURA CRUDE OIL PIPELINE SYSTEM,IOCL,N16000411,GUJARAT,10/2020,8/2023,-,"1,614.00",-,350.56,0/0
2023-01,CGD PROJECT AT SALEM DISTRICT,IOCL,N16000419,TAMIL NADU,10/2018,3/2030,-,"1,304.00",-,78.40,0/0
2023-01,"CGD PROJECT AT MUZAFFARPUR, VAISHALI, SARAN AND SAMASTIPUR DISTRICTS",IOCL,N16000425,BIHAR,6/2019,2/2028,8/2029,"2,996.00",-,465.84,0/0
2023-01,LAYING OF POL PIPELINES IN COMMON CORRIDOR FOR PROPOSED GRASS ROOT TERMINAL AT VALLUR (CHENNAI),IOCL,N16000455,TAMIL NADU,1/2022,7/2024,-,829.00,-,0.47,0/0
2023-01,KOYALI AHMEDNAGAR SOLAPUR PIPELINE,IOCL,N16000249,MAHARASHTRA,5/2016,2/2022,12/2022,"1,945.00","2,251.00","1,910.86",5/5
2023-01,R and D CAMPUS II AT FARIDABAD,IOCL,N16000375,HARYANA,6/2019,12/2022,7/2023,"2,281.94","3,219.94",922.77,5/7
2023-01,EXPANSION OF GUWAHATI REFINERY FROM 1 TO 1.2 MMTPA ALONG WITH INSTALLATION OF CATALYTIC REFORMING UN,IOCL,N16000414,ASSAM,5/2021,10/2023,-,412.00,-,148.49,6/10
2023-01,DEVLEOPMENT OF GRID INFRASTRUCTURE FOR IMPORTING GRID POWER AT 220 KV AT BARAUNI REFINERY,IOCL,N16000324,BIHAR,12/2017,10/2020,6/2023,199.36,-,157.57,2/2
2023-01,SITARGANJ LPG PROJECT,IOCL,N16000282,UTTARAKHAND,2/2017,2/2020,3/2023,160.10,-,121.12,21/26
2023-01,ACRYLICS OR OXO-ALCOHOL PROJECT AT GUJARAT REFINERY,IOCL,N16000382,GUJARAT,11/2019,5/2023,-,"5,251.00",-,"2,264.63",8/11
2023-01,CGD PROJECT AT COIMBATORE DISTRICT,IOCL,N16000418,TAMIL NADU,10/2018,3/2030,-,"2,998.00",-,252.68,0/0
2023-01,ETHANOL PRODUCTION FROM PSA OFF GAS BASED ON LANZATECH TECHNOLOGY AT PANIPAT REFINERY,IOCL,N16000353,HARYANA,10/2018,2/2020,7/2022,598.00,753.89,667.35,4/5
2023-01,REVAMPING OF EXISTING FACILITIES/ AUGMENTATION OF FACILITIES AT BAITALPUR DEPOT FOR,IOCL,N16000303,UTTAR PRADESH,8/2017,8/2021,3/2023,318.80,-,219.37,0/0
2023-01,LPG BP PROJECT JODHPUR,,,,3/2018,/,-,229.80,-,155.49,20/26
2023-01,"CGD PROJECT AT BOKARO, HAZARIBAGH AND RAMGARH DISTRICTS",IOCL,N16000416,JHARKHAND,10/2018,12/2029,3/2030,613.00,-,198.50,0/0
2023-01,PARADIP HYDERABAD PIPLEINE,IOCL,N16000194,MULTI STATE,1/2015,12/2020,2/2023,"2,321.00","3,338.00","3,288.45",5/5
2023-01,LPG BP PROJECT KHORDHA,IOCL,N16000283,ODISHA,12/2016,12/2019,1/2023,161.59,-,116.50,18/26
2023-01,2ND GENERATION ETHANOL PLANT AT PANIPAT REFINERY,IOCL,N16000352,HARYANA,1/2019,1/2021,8/2022,909.00,-,748.42,5/6
2023-01,EXPANSION OF CRYOGENICS GROUP BY SETTING UP NEW MANUFACTURING FACILITY,IOCL,N16000446,MAHARASHTRA,9/2021,10/2023,5/2024,378.00,-,64.34,0/0
2023-01,"SETTING UP LUBE COMPLEX AT VILLAGES AMULLAVOYAL AND VAIKKADU, CHENNAI AS RESITEMENT OF EXISTING FACI",IOCL,N16000405,TAMIL NADU,10/2020,12/2023,-,"1,398.00","1,587.00",473.00,0/0
2023-01,NEW MUNDRA-PANIPAT CRUDE OIL PIPELINE,IOCL,N16000435,RAJASTHAN,12/2021,10/2024,12/2024,"9,028.00",-,"2,924.76",0/0
2023-01,INSTALLATION OF BITUMEN MANUFACTURING UNIT ALONG WITH ALLIED FACILITIES AT BARAUNI,IOCL,N16000453,BIHAR,1/2022,9/2024,-,389.00,-,12.66,0/0
2023-01,"CONSTRUCTION OF GRASS ROOT PETROLEUM TOP AT ATCHUTAPURAM, ANDHRA PRADESH",IOCL,N16000342,ANDHRA PRADESH,8/2018,4/2021,12/2022,466.00,-,385.42,0/0
2023-01,CAPACITY EXPANSION OF PANIPAT REFINERY FROM 15 TO 25 MMTPA,IOCL,N16000412,HARYANA,2/2021,9/2024,-,"34,627.00",-,"1,890.73",9/23
2023-01,"INFRASTRUCTURE DEVELOPMENT TO FACILITATE IMPORT OF GRID POWER AT 220 KV, PANIPAT",IOCL,N16000363,HARYANA,12/2018,6/2021,7/2023,278.60,-,183.39,4/5
2023-01,"AUGMENTATION OF LPG IMPORT TERMINAL FROM 0.6 MMTPA TO 2.5 MMTPA AT KANDLA, GUJARAT",IOCL,N16000336,GUJARAT,3/2018,/,3/2023,588.20,-,381.24,13/17
2023-01,"GRASS ROOT POL TERMINAL AT VALLUR, CHENNAI",IOCL,N16000438,TAMIL NADU,1/2022,7/2024,-,827.00,-,99.62,0/0
2023-01,CATALYST MANUFACTURING UNIT OF 1500 MTPA CAPACITY AT PANIPAT REFINERY,IOCL,N16000321,HARYANA,4/2018,2/2020,2/2023,206.63,340.76,257.10,6/7
2023-01,CBR ASANUR PIPELINE AND ITS HOOK UP WITH EXISTING CHENNAI TRICHY MADURAI PRODUCT PIPELINE,IOCL,N16000451,TAMIL NADU,3/2022,11/2024,-,564.00,-,0.00,0/0
2023-01,"CGD PROJECT AT AURANGABAD, KAIMUR AND ROHTAS DISTRICTS",,,,10/2018,8/2027,2/2029,176.00,-,118.37,0/0
2023-01,NAPHTHA CRACKER EXPANSION PROJECT AT PANIPAT,IOCL,N16000340,HARYANA,8/2018,8/2020,2/2023,"1,636.00",-,"1,246.84",6/7
2023-01,30 INCH CRUDE OIL PIPELINE IN HALDIA-BARAUNI SECTION OF PHBPL AND CONVERSION OF EXISTING 18 INCH HAL,IOCL,N16000332,WEST BENGAL,3/2018,9/2022,2/2023,"3,712.00","3,696.00","2,764.05",3/3
2023-01,REVAMPING OF VIJAYAWADA TERMINAL FOR CONVERSION TO TOP,IOCL,N16000350,ANDHRA PRADESH,10/2018,10/2021,9/2022,316.20,-,202.12,0/0
2023-01,CAPACITY EXPANSION OF DIGBOI REFINERY FROM 0.65 TO 1.0 MMTPA,IOCL,N16000457,ASSAM,6/2022,10/2025,-,768.00,-,1.07,0/0
2023-01,ENNORE-TRICHY-MADURAI LPG PIPELINE,IOCL,N16000162,TAMIL NADU,5/2013,6/2020,-,711.00,-,11.12,0/0
2023-01,PX-PTA REVAMP AT PANIPAT REFINERY,IOCL,N16000376,HARYANA,8/2019,12/2021,1/2023,"1,255.00",-,723.49,6/7
2023-01,"REVAMPING OF FACILITIES AT EXISTING GUWAHATI TERMINAL, ASSAM",IOCL,N16000441,ASSAM,3/2022,7/2026,-,277.00,-,12.37,0/0
2023-01,REPLACEMENT OF EXISTING TWIN 42” OFFSHORE PIPELINES AT VADINAR ALONG WITH TWO EXISTING PIPELINE END,IOCL,N16000400,GUJARAT,6/2020,12/2022,2/2024,"1,378.00",-,534.15,0/0
2023-01,MUZAFFARPUR-MOTIHARI LPG PIPELINE,IOCL,N16000399,BIHAR,6/2020,8/2022,12/2022,403.00,-,232.71,0/2
2023-01,POLY BUTADIENE RUBBER PLANT AT PANIPAT,IOCL,N16000458,HARYANA,3/2022,3/2025,-,"1,459.00",-,72.34,0/0
2023-01,REVAMPING OF FACILITIES AT VIZAG TERMINAL,IOCL,N16000343,ANDHRA PRADESH,4/2018,4/2022,-,355.00,-,174.48,0/0
2023-01,Fuel Quality Upgradation Project at Paradip Refinery,IOCL,N16000362,ODISHA,5/2019,8/2021,3/2024,"3,361.00",-,"2,379.49",8/11
2023-01,"CGD PROJECT AT ARARIA, PURNIA, KATIHAR AND KISHANGANJ DISTRICTS",IOCL,N16000421,BIHAR,6/2019,12/2029,3/2030,988.00,-,62.34,0/0
2023-01,NORTH EAST GAS GRID,IGGL,N16000439,MULTI STATE,11/2020,3/2024,3/2024,"9,265.00","9,265.00","3,328.02",12/18
2023-01,DEVANGONTHI MARKETING TERMINAL,MANGALORE REFIN,N16000401,KARNATAKA,6/2020,6/2023,1/2024,200.00,304.00,84.23,3/6
2023-01,NUMALIGARH REFINERY EXPANSION PROJECT COIT AND PIPELINES,NRL,N16000394,ASSAM,1/2019,10/2024,-,"10,228.00",-,"4,313.01",8/20
2023-01,NUMALIGARH REFINERY EXPANSION PROJECT 6 MMTPA,,,,1/2019,10/2024,-,"12,366.00",-,"3,509.79",8/14
2023-01,PIPELINE REPLACEMENT PROJECT (PRP-VI),ONGC,N16000370,MAHARASHTRA,5/2019,12/2020,12/2022,763.92,-,830.87,4/5
2023-01,HEERA REDEVELOPMENT - PHASE III,ONGC,N16000360,MAHARASHTRA,6/2019,3/2022,3/2023,"2,494.68",-,"2,262.36",5/6
2023-01,REDEVELOPMENT OF SANTHAL FIELD,ONGC,N16000279,GUJARAT,2/2017,3/2026,-,"1,162.56",-,959.58,9/10
2023-01,Field Development Plan of Madanam NELP-IV Block CY-ONN-2002,ONGC,N16000241,TAMIL NADU,11/2015,3/2019,9/2021,650.82,-,463.75,4/6
2023-01,COMMERCIAL POLYMER FLOODING PROJECT IN BECHRAJI FIELD,ONGC,N16000444,GUJARAT,1/2022,11/2024,-,621.40,-,78.78,0/2
2023-01,CREATION OF GDU AND DPD FACILITIES AT RAJAHMUNDRY,ONGC,N16000471,ANDHRA PRADESH,3/2022,5/2024,-,211.22,-,0.00,3/4
2023-01,MUMBAI HIGH NORTH REDEVELOPMENT PHASE-IV,ONGC,N16000358,MAHARASHTRA,4/2019,3/2022,5/2023,"3,228.80","3,976.67","3,458.36",4/6
2023-01,REDEVELOPMENT OF SOBHASAN COMPLEX,ONGC,N16000431,GUJARAT,8/2021,2/2026,-,885.63,-,242.02,0/2
2023-01,PIPELINE REPLACEMENT PROJECT - VII,ONGC,N16000436,MAHARASHTRA,1/2022,5/2024,-,"3,183.58",-,333.15,4/5
2023-01,DEVELOPMENT OF NELP BLOCK KG- ONN-2003/1 NAGAYALANKA FIELD- PH II,ONGC,N16000469,ANDHRA PRADESH,3/2022,6/2023,-,284.79,-,102.42,0/3
2023-01,DAMAN UPSIDE DEVELOPMENT PROJECT (DUDP) IN TAPTI DAMAN BLOCK,ONGC,N16000470,MAHARASHTRA,6/2022,10/2025,-,"4,144.41",-,0.00,3/6
2023-01,DEVELOPMENT PLAN OF CBM - BOKARO BLOCK,ONGC,N16000239,JHARKHAND,12/2015,3/2023,3/2024,823.27,"1,137.79",876.51,9/11
2023-01,"RESTORATION OF GAS TERMINAL, PHASE-I (PART-A), HAZIRA PLANT",ONGC,N16000477,GUJARAT,5/2022,2/2025,-,249.43,-,0.00,1/2
2023-01,CREATION OF GAS DEHYDRATION FACILITIES,ONGC,N16000443,TRIPURA,3/2022,5/2024,-,209.33,-,4.08,1/2
2023-01,DEVELOPMENT OF JHARIA CBM BLOCK (PHASE-1),ONGC,N16000445,JHARKHAND,11/2019,1/2024,-,431.00,-,43.05,1/3
2023-01,REDEVELOPMENT OF LINCH FIELD,ONGC,N16000428,GUJARAT,4/2021,3/2025,-,631.03,-,212.55,0/2
2023-01,KG-DWN-98-2 CLUSTER II DEVELOPMENT PROJECT,ONGC,N16000247,ANDHRA PRADESH,3/2016,6/2020,5/2023,"34,012.00",-,"21,457.42",15/20
2023-01,LIFE EXTENSION OF WALL PLATFORMS OF MUMBAI HIGH AND HEERA FIELDS -,,,,12/2015,4/2018,5/2023,"3,190.69","3,375.90","2,911.17",13/15
2023-01,DEVELOPMENT OF R-SERIES FIELDS INCLUDING REVIVAL OF R-12 (RATNA),ONGC,N16000291,MAHARASHTRA,2/2017,5/2021,-,"4,006.83",-,0.00,0/0
2023-01,"GAS ASSISTED GRAVITY DRAINAGE SCHEME, KASOMARIGAON",ONGC,N16000433,ASSAM,8/2021,2/2023,-,218.38,-,39.77,3/5
2023-01,DEVELOPMENT OF SURFACE FACILITIES FOR PRODUCTION AND EVACUATION OF CRUDE OIL AND NATURAL GAS FROM NA,OIL,N16000331,ASSAM,1/2018,2/2020,12/2022,543.91,-,436.25,1/14
2023-01,"PROJECT TO CONSTRUCT A FIELD GAS GATHERING STATION AT BAGHJAN AREA FOR COLLECTION,PROCESSING",OIL,N16000450,ASSAM,12/2020,7/2024,-,430.76,-,52.14,0/0
2023-01,UPGRADATION OF FACILITIES OF NUMALIGARH-SILIGURI PRODUCT PIPELINE (NSPL) FOR TRANSPORTATION OF ADDIT,OIL,N16000449,ASSAM,6/2021,12/2024,-,860.00,-,34.58,0/0
2023-01,PAKAL DUL HYDRO ELECTRIC PROJECT (1000 MW),CVPPPL,N18000172,JAMMU AND KASHMIR,10/2014,4/2020,7/2025,"8,112.12",-,"2,788.51",0/0
2023-01,KIRU HYDRO ELECTRIC PROJECT,CVPPPL,N18000278,JAMMU AND KASHMIR,3/2019,/,8/2024,"4,287.59",-,930.86,0/0
2023-01,SUBANSIRI LOWER H.E.P (8X250 MW) (NHPC),NHPC,180100221,ARUNACHAL PRADESH,9/2003,9/2010,6/2024,"6,285.33","19,992.43","17,239.89",0/0
2023-01,KALPI SOLAR POWER PROJECT,NHPC,N18000323,UTTAR PRADESH,7/2020,3/2022,3/2023,314.64,337.77,230.94,0/0
2023-01,TEESTA VI HE PROJECT,NHPC,N18000325,SIKKIM,3/2019,3/2024,7/2025,"5,748.04",-,"2,090.30",0/0
2023-01,RATLE HE PROJECT,NHPC,N18000324,JAMMU AND KASHMIR,2/2021,2/2026,5/2026,"5,281.94","5,281.94",199.63,0/0
2023-01,RANGIT IV HE PROJECT,NHPC,N18000326,SIKKIM,3/2021,5/2024,8/2024,938.29,938.29,432.08,0/0
2023-01,PARBATI HEP (4X200 MW) (NHPC) II,NHPC,180100210,HIMACHAL PRADESH,9/2002,9/2009,12/2023,"3,919.59","11,134.54","10,275.06",5/5
2023-01,RAMMAM-III HEPP (3X40 MW),NTPC,N18000178,WEST BENGAL,9/2014,9/2019,12/2024,"1,381.84",-,847.35,6/10
2023-01,BARH STPP(3X660MW) NTPC,NTPC,180100242,BIHAR,2/2005,10/2011,7/2023,"8,692.97","21,312.11","20,627.70",38/49
2023-01,NOKH PLOT-3 SOLAR PV PROJECT 245MW,NTPC,N18000322,RAJASTHAN,3/2022,8/2023,9/2024,"1,426.94",-,51.09,0/0
2023-01,TELANGANA SUPER THERMAL POWER PROJECT PHASE I,,,,1/2016,11/2020,7/2022,"10,598.98",-,"10,004.77",34/39
2023-01,NOKH PLOT-2 SOLAR PV PROJECT 245MW,NTPC,N18000321,RAJASTHAN,3/2022,8/2023,9/2024,"1,409.52",-,52.79,0/0
2023-01,CHHATTARGARH 150 MW,NTPC,N18000294,RAJASTHAN,2/2021,7/2022,3/2024,599.99,-,220.77,0/0
2023-01,SAMBHU KI BHURJ-II SOLAR 300MW,NTPC,N18000286,RAJASTHAN,3/2020,9/2021,9/2024,"1,782.00",-,"1,224.98",0/0
2023-01,NOKH PLOT-1 SOLAR PV PROJECT 245MW,NTPC,N18000320,RAJASTHAN,3/2022,8/2023,9/2024,"1,352.71",-,46.96,0/0
2023-01,PATRATU STPP-I (3X800MW),NTPC,N18000275,JHARKHAND,11/2017,3/2023,-,"18,668.00",-,"10,137.41",6/23
2023-01,GUJARAT 200 MW (GUVNL TENDER),NTPC,N18000295,GUJARAT,1/2021,7/2022,3/2024,842.27,-,92.08,0/0
2023-01,ANTA SOLAR 90 MW,NTPC,N18000292,RAJASTHAN,1/2021,3/2022,12/2023,382.22,-,56.83,0/0
2023-01,LATA-TAPOVAN HYDRO ELECTRIC POWER PROJECT 3X57 MW,NTPC,N18000142,UTTARAKHAND,7/2012,8/2017,-,"1,527.00",-,149.93,0/15
2023-01,DAYAPAR WIND ENERGY PROJECT 150MW,NTPC,N18000319,GUJARAT,11/2021,5/2023,3/2024,937.80,-,146.74,0/0
2023-01,TAPOVAN-VISHNUGAD HEP (4X130MW),NTPC,N18000014,UTTARAKHAND,11/2006,3/2013,12/2021,"2,978.48","5,867.38","5,706.99",8/15
2023-01,NOKHRA,NTPC,N18000282,UTTAR PRADESH,3/2020,9/2021,9/2024,"1,722.14",-,"1,662.11",0/0
2023-01,DURGAPUR PP-III (2X20 MW) - NSPCL,NTPC,N18000277,WEST BENGAL,12/2016,11/2018,3/2023,529.68,633.80,554.20,14/20
2023-01,BHENSARA 320 MW,NTPC,N18000293,RAJASTHAN,1/2021,7/2022,3/2024,"1,221.73",-,147.15,0/0
2023-01,NORTH KARANPURA STPP (3X660 MW),NTPC,N18000177,JHARKHAND,2/2014,6/2019,10/2022,"14,366.58",-,"13,895.13",34/46
2023-01,"150 MW SOLAR PV PROJECT IN GUJARAT (LIMBDI, MESANKA AND RADHANPUR)",NTPC,N18000296,GUJARAT,5/2021,9/2022,3/2024,674.92,-,76.91,0/0
2023-01,HVDC BIPOLE LINK BETWEEN WR AND SR -NORTH TRICHUR - SCHEME -II AC SYSTEM STRENGTHENING AT PUGALUR EN,PGCIL,N18000264,MULTI STATE,8/2017,2/2020,-,"1,931.39",-,"1,922.60",0/0
2023-01,NORTHERN REGION SYSTEM STRENGTHENING - XL,PGCIL,N18000308,MULTI STATE,2/2019,12/2020,-,572.98,-,302.35,0/0
2023-01,"TRANSMISSION SYSTEM FOR POWER EVACUATION FROM ARUN-3 (900MW) HEP, NEPAL OF M/S SAPDC-INDIAN PORTION",PGCIL,N18000299,BIHAR,5/2021,4/2023,-,179.29,-,91.16,0/0
2023-01,NORTH EASTERN REGION POWER,,,,12/2014,12/2018,-,"5,111.33",-,"4,392.29",0/0
2023-01,TRANSMISSION SYSTEM STRENGTHENING SCHEME FOR EVACUATION OF POWER FROM SOLAR ENERGY ZONES IN RAJASTHA,PGCIL,N18000303,RAJASTHAN,3/2021,12/2022,-,353.85,-,187.35,0/0
2023-01,ESTABLISHMENT OF FIBER OPTIC COMMUNICATION SYSTEM IN NR UNDER FIBER OPTIC EXPANSION PROJECT (ADDITIO,PGCIL,N18000184,MULTI STATE,3/2015,3/2018,-,197.40,-,196.36,0/0
2023-01,COMPREHENSIVE SCHEME FOR THE STRENGHTENING OF THE TRANSMISSION AND DISTRIBUTION SYSTEM IN A P,PGCIL,N18000249,MULTI STATE,12/2014,12/2018,-,"4,754.42",-,"4,791.77",0/0
2023-01,"TRANSMISSION SYSTEM FOR PROVIDING CONNECTIVITY TO RE PROJECTS AT BIKANER (PG), FATEHGARH-II AND BHAD",PGCIL,N18000314,RAJASTHAN,1/2020,1/2021,-,562.86,-,383.72,0/0
2023-01,TRANSMISSION NETWORK EXPANSION IN GUJARAT TO INCREASE ATC FROM ISTS: PART B,PGCIL,N18000337,MULTI STATE,7/2022,6/2023,-,"4,546.26",-,181.50,0/0
2023-01,"NORTH EAST-NORTHERN/ WESTERN INTERCONNECTOR-I, PART-C",PGCIL,N18000327,ASSAM,3/2019,3/2023,-,"1,326.00",-,"1,189.51",0/0
2023-01,RELIABLE COMMUNICATION SCHEME UNDER CENTRAL SECTOR FOR NORTHERN REGION,PGCIL,N18000317,MULTI STATE,11/2018,11/2021,-,241.38,-,228.77,0/0
2023-01,TRANSMISSION NETWORK EXPANSION IN GUJARAT TO INCREASE ATC FROM ISTS: PART C,PGCIL,N18000338,MULTI STATE,7/2022,3/2025,-,186.19,-,3.30,0/0
2023-01,TRANSMISSION SYSTEM STRENGTHENING SCHEME FOR EVACUATION OF POWER FROM SOLAR ENERGY ZONES IN RAJASTHA,PGCIL,N18000332,MULTI STATE,5/2022,11/2023,-,"1,666.00",-,162.88,0/0
2023-01,RELIABLE COMMUNICATION SCHEME UNDER CENTRAL SECTOR FOR SOUTHERN REGION,PGCIL,N18000339,MULTI STATE,11/2018,11/2021,-,173.94,-,118.18,0/0
2023-01,TRANSMISSION SYSTEM STRENGTHENING SCHEME FOR EVACUATION OF POWER FROM SOLAR ENERGY ZONES IN RAJASTHA,PGCIL,N18000304,RAJASTHAN,3/2021,12/2022,-,"1,340.81",-,808.54,0/0
2023-01,SYSTEM STRENGTHENING SCHEME IN NORTH REGION XXXVII,PGCIL,N18000245,MULTI STATE,3/2017,12/2019,-,379.95,-,276.46,0/0
2023-01,EASTERN REGION STRENGTHENING SCHEME-XII,PGCIL,N18000164,MULTI STATE,5/2014,11/2016,-,522.29,-,482.10,10/12
2023-01,SYSTEM STRENGTHENING SCHEME FOR EASTERN AND NORTH EASTERN REGION,PGCIL,N18000343,MULTI STATE,10/2022,10/2025,-,307.87,-,0.00,0/0
2023-01,POWERGRID NEEMUCH TRANSMISSION SYSTEM LIMITED,PGCIL,N18000341,MULTI STATE,8/2022,2/2024,-,863.99,-,0.00,0/0
2023-01,EASTERN REGION STRENGTHENING SCHEME-XVIII,PGCIL,N18000258,MULTI STATE,3/2017,7/2020,-,"3,500.00","3,500.00","3,179.26",0/0
2023-01,NORTH EASTERN REGION STRENGTHENING SCHEME-XII,PGCIL,N18000316,MULTI STATE,5/2021,3/2023,-,576.42,-,167.27,0/0
2023-01,EASTERN REGION STRENGTHENING SCHEME - XXIII,PGCIL,N18000315,MULTI STATE,7/2020,6/2021,-,239.89,-,167.05,0/0
2023-01,TRANSMISSION SYSTEM STRENGTHENING SCHEME FOR EVACUATION OF POWER FROM SOLAR ENERGY ZONES IN RAJASTHA,PGCIL,N18000305,RAJASTHAN,6/2021,12/2022,-,713.82,-,397.80,0/0
2023-01,TRANSMISSION SYSTEM FOR EVACUTION OF POWER FROM NEYVELI LIGNITE CORP LTD TS - I (REPLACEMENT) IN NEY,PGCIL,N18000262,TAMIL NADU,5/2017,7/2019,-,186.17,-,177.27,0/0
2023-01,EASTERN REGION STRENTHENING SCHEME XVII( PART B),PGCIL,N18000244,MULTI STATE,2/2017,6/2019,-,235.53,-,165.62,0/0
2023-01,ESTABLISHMENT OF 220/66KV GIS AT UT CHANDIGARH ALONG WITH 220KV D/C LINE FROM CHANDIGARH GIS TO 400/,PGCIL,N18000242,MULTI STATE,2/2017,2/2019,-,322.30,-,215.56,0/0
2023-01,TRANSMISSION SYSTEM STRENGTHENING FOR SRINAGAR- LEH TRANSMISSION SYSTEM,PGCIL,N18000330,MULTI STATE,3/2022,12/2024,-,288.71,-,0.00,0/0
2023-01,TRANSMISSION SYSTEM STRENGTHENING SCHEME FOR EVACUATION OF POWER FROM SOLAR ENERGY ZONES IN RAJASTHA,PGCIL,N18000331,MULTI STATE,2/2022,9/2023,-,359.47,-,11.93,0/0
2023-01,IMPLEMENTATION OF 500 MVAR THYRISTOR CONTROLLED REACTOR AT KURUKSHETRA,PGCIL,N18000302,HARYANA,1/2019,3/2022,-,267.33,-,104.93,0/0
2023-01,TRANSMISSION SYSTEM STRENGTHENING SCHEME FOR EVACUATION OF POWER FROM SOLAR ENERGY ZONES IN RAJASTHA,PGCIL,N18000307,RAJASTHAN,6/2021,12/2022,-,"1,006.00",-,718.67,0/0
2023-01,AUGMENTATION OF TRANSFORMATION CAPACITY IN,,,,3/2022,3/2023,-,176.22,-,4.24,0/0
2023-01,NORTH EASTERN REGION STRENGTHENING SCHEME - III,PGCIL,N18000313,MULTI STATE,9/2015,12/2017,-,167.31,-,129.52,0/0
2023-01,TRANSMISSION SYSTEM STRENGTHENING SCHEME FOR EVACUATION OF POWER FROM SOLAR ENERGY ZONES IN RAJASTHA,PGCIL,N18000306,RAJASTHAN,6/2021,12/2022,-,"1,562.00",-,607.20,0/0
2023-01,TRANSMISSION SYSTEM FOR PROVIDING CONNECTIVITY TO RE PROJECTS AT BHUJ-II (2000 MW) IN GUJARAT,PGCIL,N18000301,GUJARAT,10/2019,8/2021,-,"1,031.00",-,"1,019.04",0/0
2023-01,TRANSMISSION SYSTEM STRENGTHENING SCHEME FOR EVACUATION OF POWER FROM SOLAR ENERGY ZONES IN RAJASTHA,PGCIL,N18000300,RAJASTHAN,5/2021,9/2022,-,"1,184.88",-,395.74,0/0
2023-01,OMKARESHWAR FLOATING SOLAR POWER PROJECT (90 MW),SJVN,N18000342,MADHYA PRADESH,11/2022,4/2024,-,646.17,-,88.68,0/0
2023-01,BUXAR THERMAL POWER PLANT (1320 MW),SJVN,N18000194,BIHAR,3/2019,1/2024,-,"10,439.09",-,"7,067.96",19/27
2023-01,GURHAH SOLAR POWER PROJECT,SJVN,N18000334,UTTAR PRADESH,5/2022,8/2023,-,466.82,-,165.85,0/0
2023-01,LUHRI HYDROELECTRIC PROJECT (STAGE1),SJVN,N18000279,HIMACHAL PRADESH,11/2020,1/2026,-,"1,810.56",-,995.04,2/10
2023-01,RAGHANESDA SOLAR POWER,SJVN,N18000340,GUJARAT,6/2022,12/2023,-,642.15,-,107.76,0/0
2023-01,BIKANER SOLAR POWER PROJECT,SJVN,N18000335,MAHARASHTRA,4/2022,5/2024,-,"5,491.89",532.00,"1,614.23",0/0
2023-01,SUNNI DAM HYDRO ELECTRIC,SJVN,N18000344,HIMACHAL PRADESH,1/2023,4/2028,-,"2,614.51",-,310.66,0/0
2023-01,Bagodara Solar Power Project,SJVN,N18000297,GUJARAT,5/2021,10/2022,-,339.35,-,193.61,0/5
2023-01,NAITWAR MORI HEP,SJVN,N18000265,UTTARAKHAND,10/2017,12/2021,-,648.33,-,"1,032.93",17/32
2023-01,GUJRAI SOLAR POWER PROJECT,SJVN,N18000336,UTTAR PRADESH,6/2022,8/2023,-,279.94,-,101.08,0/3
2023-01,DHAULASIDH HYDROELECTRIC PROJECT (66 MW),SJVN,N18000291,HIMACHAL PRADESH,10/2020,11/2025,-,687.97,-,348.35,3/11
2023-01,KHURJA SUPER THERMAL POWER,,,,3/2019,9/2023,-,"11,089.42",-,"6,153.43",5/13
2023-01,TEHRI PUMPED STORAGE PLANT(1000MW),THDCIL,N18000010,UTTARAKHAND,7/2006,2/2016,6/2022,"1,657.00",-,"5,110.74",28/34
2023-01,VISHNUGAD PIPALKOTI HYDRO ELECTRIC PROJECT,THDCIL,N18000042,UTTARAKHAND,8/2008,6/2013,-,"2,491.58","3,860.35","2,854.36",10/25
2023-01,AMELIA COAL MINE,THDCIL,N18000252,MADHYA PRADESH,1/2017,9/2020,-,"2,104.21",-,835.72,22/25
2023-01,AHMEDNAGAR-PARLI VAIJNATH(NL) CR,CR,220100181,MAHARASHTRA,2/1997,3/2021,-,"2,271.50",-,"3,316.30",0/0
2023-01,MANMAD - JALGAON - 3RD LINE (160 KM),CR,N22000361,MAHARASHTRA,2/2016,3/2022,-,"1,035.16",-,690.33,0/0
2023-01,KALYAN-KASARA 3RD LINE,CR,N22000233,MAHARASHTRA,4/2011,3/2021,-,792.89,-,561.30,0/0
2023-01,ITARSI-NAGPUR (BAL.) - 3RD LINE (267 KM),CR,N22000358,MAHARASHTRA,2/2015,3/2023,-,"2,449.91",-,801.41,0/0
2023-01,WARDHA-BALHARSHAH - 3RD LINE (132 KM),CR,N22000356,MAHARASHTRA,2/2015,3/2022,-,"1,272.19",-,664.04,0/0
2023-01,WARDHA-SEWAGRAM NGP 3RD LINE,CR,N22000250,MAHARASHTRA,4/2012,3/2022,-,540.02,-,381.02,0/0
2023-01,WARDHA - NAGPUR - 4TH LINE (76 KM),CR,N22000362,MAHARASHTRA,2/2016,3/2023,-,637.95,-,384.72,0/0
2023-01,PUNE-MIRAJ-LONDA (467 KM),CR,N22000359,MAHARASHTRA,2/2015,3/2024,-,"3,627.47","3,627.00","2,466.21",0/0
2023-01,WARDHA-NANDED MAHARASHTRA,CR,N22000231,MAHARASHTRA,4/2008,3/2023,-,"3,168.29",-,"1,580.06",0/0
2023-01,DAUND - MANMAD (236 KM),CR,N22000360,MAHARASHTRA,2/2016,3/2023,-,"1,876.00",-,"1,117.97",0/0
2023-01,MULTI MODAL LOGISTICS PARK AT VARNAMA,CCOI,N22000428,GUJARAT,10/2013,3/2019,-,343.00,-,222.83,0/0
2023-01,MULTI MODAL LOGISTICS PARK AT KAKINADA,CCOI,N22000431,ANDHRA PRADESH,8/2016,3/2019,-,234.50,-,14.14,0/0
2023-01,WESTERN DEDICATED FREIGHT CORRIDOR,DFCC,N22000464,MULTI STATE,11/2007,3/2020,-,"16,592.00","51,101.00","47,476.00",0/0
2023-01,EASTERN DEDICATED FREIGHT CORRIDOR PROJECT,DFCC,N22000346,MULTI STATE,10/2006,/,-,"11,589.00","30,357.00","31,304.00",0/0
2023-01,"KODERMA-RANCHI VIA BARKAKANA (NL),ECR",ECR,220100222,JHARKHAND,3/1999,/,-,"1,033.07","3,020.95","3,834.18",0/0
2023-01,KHAGARIA-KUSHESHWAR ASTHAN (NL) (ECR),ECR,220100257,BIHAR,4/1997,/,-,162.87,614.45,380.89,0/0
2023-01,ARARIA-SUPAUL (NL),ECR,N22000177,BIHAR,4/2008,/,-,"1,605.17","1,605.17",257.51,0/0
2023-01,"KODERMA-TILAIYA (NL), ECR",ECR,220100305,JHARKHAND,4/2002,/,-,459.91,"1,625.87","1,233.46",0/0
2023-01,RAMPUR DUMRA - TAL - RAJENDRAPUL DOUBLING INCLUDING GANGA BRIDGE,ECR,N22000350,BIHAR,12/2015,3/2020,-,"1,491.47",-,669.55,1/1
2023-01,SAKRI-NIRMALI AND JHANJHARPUR- LAUKAHABAZAR AND SAHARSA- FORBESGANJ (GC),ECR,N22000180,BIHAR,4/2004,/,-,372.14,"1,470.50","1,887.79",0/0
2023-01,RAMNA - SINGRAULI DOUBLING,ECR,N22000417,UTTAR PRADESH,8/2015,3/2020,-,"2,436.21",-,"2,169.16",0/0
2023-01,SAKRI-HASANPUR ROAD (NL),ECR,N22000171,BIHAR,4/1999,/,-,325.00,735.20,443.86,0/0
2023-01,"JAYANAGAR-DARBHANGA- NARKATIA GANJ(GC),ECR",ECR,220100240,BIHAR,4/1997,3/2012,-,324.73,967.29,"1,148.88",0/0
2023-01,SAGAULI VALMIKINAGAR DOUBLING 109.7 KM,ECR,N22000472,BIHAR,4/2016,3/2021,-,744.04,"1,215.54",774.61,0/0
2023-01,"HAJIPUR-SUGAULI VIA VAISHALI (NL), ECR",ECR,220100303,BIHAR,4/2003,/,-,528.65,"2,066.78","1,710.73",0/0
2023-01,HAJIPUR - BACHAWARA,ECR,N22000334,MULTI STATE,5/2015,3/2019,-,678.54,678.54,"1,068.25",0/38
2023-01,JAYNAGAR-BIJALPURA INCLUDING EXTENSION BIJALPURA- BARDIBAS(NEPAL) GC,ECR,N22000181,BIHAR,4/2009,3/2020,-,548.00,548.00,543.54,0/0
2023-01,KIUL - GAYA DOUBLING PROJECT,ECR,N22000349,BIHAR,12/2015,3/2020,-,"1,200.20","1,200.20","1,173.58",0/1
2023-01,"FATUHA-ISLAMPUR INCL. MM FOR EXTENSION OF NEW LINE FORM BIHARSHARIF-BARBIGHA, DANIYAWAN-BIHARSHARIF,",ECR,N22000476,BIHAR,4/1991,/,-,329.39,"1,483.14","1,890.62",0/0
2023-01,SAMASTIPUR-DARBANGHA,ECR,N22000329,BIHAR,5/2015,/,-,380.00,519.33,373.74,0/0
2023-01,KARAILA ROAD - SHAKTINAGAR DOUBLING,ECR,N22000419,UTTAR PRADESH,8/2015,3/2019,-,528.57,-,534.17,0/0
2023-01,TALCHER-BIMALAGARH(NL)(ECOR),ECOR,220100328,ODISHA,4/2005,6/2021,-,810.78,"1,928.07","1,074.51",0/0
2023-01,KOTTAVALSA - KORAPUT DOUBLING,ECOR,N22000377,ANDHRA PRADESH,4/2015,3/2022,-,"2,499.71",-,"1,029.60",0/0
2023-01,BUDHAPANK - SALEGAON VIA RAJATGARH 3RD AND 4TH LINE.,,,,4/2015,12/2018,3/2025,"1,172.92",-,923.94,0/0
2023-01,BHADRAK - NERGUNDI 3RD LINE,ECOR,N22000316,ODISHA,3/2013,10/2020,3/2024,843.04,-,537.69,0/0
2023-01,JARAPADA - BUDHAPANK WITH FLY OVER AT TALCHER ROAD 3RD AND 4TH LINE,ECOR,N22000380,ODISHA,4/2015,11/2018,-,701.61,-,179.43,0/0
2023-01,SAMBALPUR-TALCHER DOUBLING,ECOR,N22000315,ODISHA,3/2011,2/2019,2/2023,"1,111.99","1,539.28","1,206.36",0/0
2023-01,KIRANDUL - JAGDALPUR DOUBLING,ECOR,N22000318,CHHATISGARH,12/2012,3/2020,-,"1,160.00",-,"1,113.44",1/1
2023-01,KHURDA ROAD-BOLANGIR(NL)ECOR,ECOR,220100284,ODISHA,4/1994,3/2009,-,"2,923.13",-,"2,208.83",0/0
2023-01,JAGADALPUR-KORAPUT DOUBLING,ECOR,N22000376,ODISHA,4/2015,3/2022,-,"1,547.38",-,863.01,0/0
2023-01,KORAPUT - SINGAPUR ROAD DOUBLING,ECOR,N22000379,ODISHA,4/2015,3/2022,3/2026,"2,361.74","2,361.74",829.47,0/0
2023-01,BAZAR SAU -AZIMGANJ JN. DOUBLING,ER,N22000302,WEST BENGAL,4/2012,/,-,255.64,-,341.89,0/0
2023-01,"DANKUNI-CHANDANPUR 4TH LINE, 1ST PHASE OF DANKUNI- SHAKTIGARH 4TH LINE WITH MM BARUIPARA FURFURA NL",ER,N22000229,MULTI STATE,4/2010,3/2017,-,365.17,-,566.24,0/0
2023-01,BOINCHI-SHAKTIGARH 3RD LINE,ER,N22000238,MULTI STATE,4/2011,/,-,175.80,-,392.30,0/0
2023-01,BANDEL-BOINCHI 3RD LINE,ER,N22000221,MULTI STATE,4/2011,/,9/2021,288.35,-,556.99,0/0
2023-01,PIRPAINTI-JASIDIH,ER,N22000219,MULTI STATE,4/2013,3/2022,-,915.98,-,625.29,0/0
2023-01,"TARAKESWAR - BISHNUPUR NEW BG LINE (NL), ER",ER,220100272,WEST BENGAL,4/2000,3/2019,12/2009,"1,188.91",-,926.10,0/0
2023-01,MONIGRAM- NIMTITA,ER,N22000301,MULTI STATE,4/2012,/,-,250.93,-,504.59,0/0
2023-01,KHARSIA DHARAMJAIGARH WITH SPUR LINE EAST CORRIDOR-PHASE I,IRCON,N22000489,CHHATISGARH,4/2013,9/2018,-,"3,055.00",-,"3,040.78",0/1
2023-01,GEVRA ROAD PENDRA ROAD,IRCON,N22000488,CHHATISGARH,2/2014,3/2022,-,"2,288.00",-,"1,741.04",0/1
2023-01,EXECUTION OF RAIL CONNECTIVITY PROJECT FOR COAL TRANSPORTATION IN ODISHA FOR MCRL,IRCON,N22000418,ODISHA,4/2016,3/2020,-,"5,200.00",-,0.00,0/0
2023-01,NEW WORK FOR CONSTRUCTION OF METRO RAILWAY FROM NOAPARA-BARASAI VIA,,,,4/2010,3/2016,-,"2,397.72",-,197.20,0/0
2023-01,BELAPUR-SEAWOOD-URAN ELECTRIFIED DOUBLE LINE(MTP),MRTP,220100164,MAHARASHTRA,3/1996,3/2004,-,495.44,-,"2,410.68",0/0
2023-01,MUMBAI URBAN TRANSPORT PROJECT PHASE-II,MRTP,N22000092,MAHARASHTRA,4/2008,3/2014,-,"5,300.00",-,284.75,0/0
2023-01,EAST WEST METRO CORRIDOR FROM HOWRAH MAIDAN TO SALT LAKE,MRTP,N22000135,WEST BENGAL,3/2013,3/2016,12/2023,"4,874.58","8,574.98","8,461.06",0/0
2023-01,"EXTENSION OF MRTS FROM VELACHERY TO STN. THOMAS, MTP",MRTP,N22000028,TAMIL NADU,4/2006,6/2013,-,495.74,-,565.73,1/4
2023-01,DHOLPUR-SIRMUTTRA WITH EXTENSION TO GANGAPURCITY AND MOHARI-TANTPUR AND TANPUR-BANSI PAHARPUR,NCR,N22000158,MULTI STATE,4/2010,/,5/2025,"2,030.50",-,23.03,0/0
2023-01,JHANSI MANIKPUR AND KHAIRAR BHIMSEN DOUBLING,NCR,N22000495,UTTAR PRADESH,3/2018,3/2023,-,"4,329.53",-,109.37,0/0
2023-01,GWALIOR-SEOPURKALA WITH EXTENSION TO KOTA (GC),NCR,N22000148,MULTI STATE,4/2011,3/2022,-,"2,912.96",-,"1,024.32",0/5
2023-01,JHANSI BINA DOUBLING,NCR,N22000496,UTTAR PRADESH,9/2016,3/2021,-,"2,001.00","2,001.00","1,043.73",2/6
2023-01,NEW BG LINE FROM BALURGHAT TO HILLY NFR,NFR,N22000206,MULTI STATE,4/2010,3/2020,-,242.22,-,80.66,0/0
2023-01,"SEVOK RANGPO, NEFR",NFR,N22000102,SIKKIM,4/2008,12/2015,-,"1,339.48",-,"3,290.96",0/0
2023-01,NEW BONGAIGAON-RANGIA- KAMAKGHYA DOUBLING,NFR,N22000183,MULTI STATE,4/2013,3/2019,-,"1,798.00",-,"1,526.35",0/0
2023-01,JIRIBAM TO IMPHAL (TUPUI)(NL)(NEFR),NFR,220100288,MANIPUR,4/2003,3/2011,3/2025,"4,454.17","12,264.15","13,358.52",0/0
2023-01,BONGAIGAON-GOALPARA- GUWAHATI (176 KM),NFR,N22000388,ASSAM,4/2015,3/2022,-,"2,232.32",-,"2,504.75",0/0
2023-01,NEW BG LINE FROM BYRNIHAT TO SHILLONG,NFR,N22000205,MEGHALAYA,4/2010,3/2021,-,906.46,"1,202.33",266.77,0/0
2023-01,AGARTALA-AKHAURA NL,NFR,N22000195,TRIPURA,4/2012,3/2020,6/2022,569.63,-,418.84,2/3
2023-01,"NEW B.G. LINE FROM ARARIA TO GALGALIA (THAKURGUNG), NEFR",NFR,N22000087,BIHAR,9/2006,3/2019,-,532.87,"2,132.03","1,351.47",0/0
2023-01,MURKONGSELEK-PASIGHAT NL,NFR,N22000208,MULTI STATE,4/2011,3/2020,-,414.84,-,346.80,0/0
2023-01,NEW BG LINE FROM JAGBANI TO BIRATNAGAR,NFR,N22000207,MULTI STATE,4/2010,/,-,241.52,-,343.30,0/0
2023-01,NEW LINE FROM DIMAPUR TO ZUBZA(KOHIMA) NATIONAL,,,,4/2006,3/2015,-,"2,326.52",-,"2,080.85",0/0
2023-01,"NEW B.G. LINE FROM TETELIA TO BYRNIHAT (NATIONAL PROJECT), NEFR",NFR,N22000086,ASSAM,9/2006,3/2019,-,385.20,-,"1,057.67",0/0
2023-01,"BHAIRABI SAIRONG, NL, NEFR",NFR,N22000100,MIZORAM,4/2008,3/2014,-,"2,393.47","5,021.45","5,831.52",0/0
2023-01,NANPARA - NEPALGANJ GAUGE CONVERSION.,NER,N22000459,UTTAR PRADESH,4/2017,4/2017,-,150.00,-,1.20,0/0
2023-01,AUNRIHAR - JAUNPUR PATCH DOUBLING .,NER,N22000469,UTTAR PRADESH,4/2016,1/2022,-,600.00,-,387.95,0/0
2023-01,INDARA - DOHRIGHAT GAUGE CONVERSION.,NER,N22000456,UTTAR PRADESH,4/2016,4/2016,-,213.00,-,194.18,0/0
2023-01,"SHAHGANJ-BHATNI-PHEPHNA- INDARA, MAU-SHAHGANJ (EXCL. MAU-INDARA) PATCH DOUBLING.",NER,N22000470,UTTAR PRADESH,4/2016,12/2019,-,"1,177.96",-,"1,083.17",0/0
2023-01,BURHWAL - GONDA - 3RD RUNNING LINE.,NER,N22000468,UTTAR PRADESH,4/2016,/,-,602.50,-,255.32,0/0
2023-01,ROSA-SITAPUR CANTT-BURHWAL DOUBLING,NER,N22000347,UTTAR PRADESH,3/2015,3/2022,-,"1,295.42",-,"2,022.83",0/0
2023-01,CHHAPRA-BALLIA UP,NER,N22000134,MULTI STATE,3/2013,1/2019,-,295.00,-,753.09,0/0
2023-01,"DAUSA-GANGAPUR CITY(NL),NWR",NWR,220100184,RAJASTHAN,2/1997,2/2019,-,410.08,-,880.11,0/0
2023-01,JODHPUR (RAI KA BAGH) - DEGANA DOUBLING (145 KM),NWR,N22000466,RAJASTHAN,8/2018,8/2022,-,808.85,-,755.90,0/0
2023-01,PHULERA - DIGANA DOUBLING,NWR,N22000326,MULTI STATE,5/2015,3/2020,-,600.00,-,515.96,0/0
2023-01,ANAND VIHAR-TILAK BRIDGE 3RD AND 4TH LINE,NR,N22000281,DELHI,4/2012,/,-,295.68,-,133.78,0/0
2023-01,"MANSA-BHATINDA (PHASE-I), INCL. NEW MATERIAL MODIFICATION FOR RAMA MANDI (RAMAN) - SADA SINGHWALA VI",NR,N22000502,PUNJAB,6/2009,8/2016,-,404.00,-,190.00,0/0
2023-01,"UDHAMPUR-SRINAGAR-BARAMULLA (NL),NR",NR,220100133,JAMMU AND KASHMIR,3/1995,11/2002,6/2023,"2,500.00","37,012.26","32,874.72",0/0
2023-01,CHANDIGARH-BADDI,NR,N22000467,MULTI STATE,4/2007,3/2023,6/2025,328.14,"1,540.14",485.02,0/0
2023-01,ROHTAK-MEHAM HANSI,NR,N22000272,HARYANA,4/2012,12/2011,-,287.00,-,686.20,0/0
2023-01,DEOBAND (MUZAFFARNAGAR)- ROORKEE NL,NR,N22000274,MULTI STATE,4/2007,/,-,336.91,-,572.99,0/0
2023-01,MUMBAI AHMEDABAD HIGH SPEED RAIL PROJECT,NHSRCL,N22000463,MULTI STATE,12/2015,12/2023,-,"1,08,000.00",-,"36,722.58",0/2
2023-01,DOUBLING OF TRACK BETWEEN GOOTY AND DHARMAVARAM OF SOUTH CENTRAL RAILWAY,RITES,N22000394,TELANGANA,3/2015,3/2021,2/2023,636.38,998.30,945.68,3/3
2023-01,BHIMSEN - JHANSI DOUBLING WITH ELECTRIFICATION,RVNL,N22000413,UTTAR PRADESH,3/2012,12/2020,-,"1,183.25",-,"2,170.25",0/0
2023-01,VIJAYWADA-GUDUGOLANU- BHIMAVARAM-NARSAPUR DL (221 KM),RVNL,N22000313,ANDHRA PRADESH,3/2012,3/2020,6/2022,"1,503.71",-,"4,369.25",0/0
2023-01,MADURAI - MANIYACHI - TUTICORIN (160 KM) DOUBLING,RVNL,N22000451,TAMIL NADU,2/2015,3/2020,-,760.00,-,"1,721.12",0/0
2023-01,MATHURA-JHANSI-3RD LINE (273.80 KM),RVNL,N22000501,UTTAR PRADESH,6/2016,12/2023,-,"3,677.76",-,"3,744.18",0/0
2023-01,SUKINDA ROAD - ANGUL (NL)(ECOR),RVNL,220100325,ODISHA,4/1998,2/2015,-,"1,202.70",-,"2,319.86",0/0
2023-01,BANASPANI- JAKHPURA - DOUBLING,RVNL,N22000412,ODISHA,3/2009,3/2019,-,942.95,-,"1,559.00",0/0
2023-01,MANIYACHI - NAGERCOIL (102 KM) DOUBLING,RVNL,N22000449,TAMIL NADU,2/2015,3/2022,-,"1,700.00",-,"1,372.79",0/0
2023-01,SAMBALPUR - TITLAGARH - DOUBLING,RVNL,N22000410,ODISHA,3/2006,3/2020,11/2022,948.04,-,"2,448.81",0/0
2023-01,BHANUPALI-BILASPUR BERI NL,RVNL,N22000273,HIMACHAL PRADESH,4/2008,12/2026,-,"2,966.99",-,"3,085.48",0/0
2023-01,PALANPUR-SAMAKHAYALI (DL),RVNL,N22000144,GUJARAT,4/2013,12/2021,-,"1,548.66",-,"2,576.83",0/0
2023-01,VARANASI-MODHOSINGH- ALLAHABAD DOUBLING,RVNL,N22000401,UTTAR PRADESH,4/2015,3/2022,-,943.60,-,"1,196.67",0/0
2023-01,NEW WORK FOR CONSTRUCTION OF METRO RAILWAY FROM NSCB AIRPORT TO NEW GARIA VIA RAJARHAT (MTP),RVNL,N22000110,WEST BENGAL,4/2010,3/2016,-,"3,951.98",-,"4,626.89",0/0
2023-01,BINA - KOTA DOUBLING WITH RE,RVNL,N22000414,MADHYA PRADESH,4/2011,12/2020,-,"1,485.85",-,"2,471.09",0/0
2023-01,NEW WORK FOR CONSTRUCTION OF METRO RAILWAY FROM BARANAGAR TO BARRACKPORE AND DAKSHINESHWAR (MTP),RVNL,N22000109,WEST BENGAL,4/2010,3/2014,-,"2,298.42",-,347.21,0/0
2023-01,"LUCKNOW- PILIBHIT VIA SITAPUR, LAKHIMPUR GC",RVNL,N22000404,UTTAR PRADESH,4/2011,3/2019,-,927.01,-,"1,412.46",0/0
2023-01,RAIPUR - TITLAGARH - DOUBLING,RVNL,N22000411,CHHATISGARH,3/2007,3/2020,-,"1,402.02",-,"1,439.34",0/0
2023-01,NEW WORK FOR CONSTRUCTION OF METRO RAILWAY FROM JOKA TO BINOY BADAL DINESH BAGH.,RVNL,N22000111,WEST BENGAL,4/2010,3/2016,-,"2,913.51",-,"2,611.18",0/0
2023-01,VIZIANAGARAM -SAMABALPUR 3RD LINE,RVNL,N22000409,ODISHA,1/1991,12/2024,-,"2,335.67",-,"2,979.22",0/0
2023-01,KHURDA ROAD - BARANG 3RD LINE (DL) (ECOR),RVNL,220100327,ODISHA,4/2000,3/2009,3/2009,133.41,207.00,477.64,1/1
2023-01,DAUND-GULBARGA - DOUBLING (224.9 KM) AND PUNE-GUNTAKAL - ELECTRIFICATION (641.37 KM),RVNL,N22000407,MAHARASHTRA,3/2009,3/2020,8/2022,713.48,-,"3,167.32",0/0
2023-01,MULTI MODAL TRANSPORT SYSTEM(MMTS) PHASE-II HYDERABAD,RVNL,N22000213,TELANGANA,4/2012,3/2016,-,632.68,-,647.73,0/0
2023-01,HOSPET-HUBLI-LONDA- VASCODAGAMA DL,RVNL,N22000297,KARNATAKA,4/2010,3/2023,-,"2,127.00",-,"2,875.39",0/1
2023-01,MAU-GHAZIPUR-TARIGHAT NEW LINE,RVNL,N22000405,UTTAR PRADESH,4/2015,3/2023,-,"1,765.92",-,"1,409.39",0/0
2023-01,RISHIKESH - KARNAPRAYAG NEW LINE,RVNL,N22000406,UTTARAKHAND,4/2011,12/2024,-,"16,216.00",-,"10,494.79",0/0
2023-01,"MUNEERABAD- MAHABOOBNAGAR(NL),SCR",SCR,220100205,MULTI STATE,4/1997,3/2000,-,"1,723.00",1.00,"2,220.99",0/0
2023-01,MANMAD-PARBHANI-NANDED- SECUNDERABAD-GADWAL-DHONE- GUNTAKAL - TRAIN COLLISION AVOIDANCE SYSTEM (958 K,SCR,N22000432,TELANGANA,4/2017,3/2022,-,119.73,185.00,104.79,0/0
2023-01,BHADRACHALAM-KOVVUR,SCR,N22000264,MULTI STATE,4/2012,/,-,923.23,-,2.46,1/1
2023-01,MANOHARABAD-KOTHPALL NEW LINE(SCR),SCR,N22000032,TELANGANA,4/2006,3/2010,-,"1,160.48",-,797.92,1/1
2023-01,GUNTUR-GUNTAKAL,SCR,N22000368,ANDHRA PRADESH,4/2016,3/2022,-,"3,631.00",-,"1,829.35",0/0
2023-01,KAZIPET-BALHRSHA,SCR,N22000367,MULTI STATE,4/2015,3/2021,-,"2,063.03",-,"1,941.00",0/0
2023-01,KAZIPET-VIJAYAWADA 3RD LINE WITH ELECTRIFICATION,SCR,N22000261,MULTI STATE,4/2012,3/2023,-,"1,856.95",-,984.34,0/0
2023-01,NADIKUDE-SRI KALAHASTI,SCR,N22000286,ANDHRA PRADESH,4/2011,3/2021,-,"2,288.70",-,"1,302.55",0/1
2023-01,KOTLPALLI-NARASAPUR (NL) (SCR),SCR,220100265,ANDHRA,12/2001,3/2009,-,"1,045.20",-,"1,105.07",0/0
2023-01,ANUPPUR-KATNI,SECR,N22000485,MADHYA PRADESH,4/2015,12/2021,12/2023,"1,370.00",-,"1,010.45",0/0
2023-01,WADSA-GADHCHIROLI NEW LINE (52.36 KM),SECR,N22000480,MAHARASHTRA,6/2018,12/2021,-,229.00,-,113.29,0/1
2023-01,JHARSUGUDA-BILASPUR 4TH LINE,SECR,N22000484,CHHATISGARH,4/2015,3/2021,12/2023,"1,973.00","2,135.34","1,258.33",0/1
2023-01,RAJNANDGAON - NAGPUR - 3RD LINE (SECR),SECR,N22000420,MAHARASHTRA,9/2016,3/2023,12/2023,"1,908.51","2,753.05","2,034.26",0/1
2023-01,NARAYANGARH TO BHADRAK 3RD LINE (155 KM),SER,N22000506,MULTI STATE,3/2019,5/2023,-,"1,866.31",-,810.89,0/0
2023-01,BONDAMUNDA RANCHI DOUBLING,SER,N22000396,JHARKHAND,3/2016,3/2021,-,"1,724.20",-,"1,513.35",0/0
2023-01,LODHMA TO PISKA LINK LINE BY PASSING HATIA/RANCHI WITH Y CONNECTION (17.2 KM),SER,N22000508,JHARKHAND,4/2018,6/2022,-,428.65,-,90.33,0/0
2023-01,PURULIA TO KOTSHILA DOUBLING (39.1 KM),SER,N22000510,WEST BENGAL,4/2018,6/2022,-,338.00,-,46.73,0/0
2023-01,ROURKELA JHARSUGUDA THIRD LINE 101 KM,SER,N22000395,ODISHA,11/2015,3/2020,-,969.83,-,"1,353.66",0/0
2023-01,TALGARIA TO BOKARO N/CABIN DOUBLING(38 KM),SER,N22000509,JHARKHAND,4/2018,12/2021,-,390.39,-,333.27,0/0
2023-01,HUBLI- CHIKJAJUR,SWR,N22000325,KARNATAKA,3/2015,3/2020,-,"1,156.94",-,"1,481.28",4/5
2023-01,MARIKUPPAM - KUPPAM,SWR,N22000308,KARNATAKA,4/2012,3/2016,-,279.54,-,36.49,0/0
2023-01,SHIMOGA-HARIHAR NL,SWR,N22000278,KARNATAKA,4/2011,3/2016,-,832.47,-,0.94,0/0
2023-01,TUMKUR-CHITRADURGA- DAVENGERE NL,SWR,N22000256,KARNATAKA,4/2011,/,-,"1,801.01",-,106.96,0/0
2023-01,GADAG-WADI NL,SWR,N22000299,KARNATAKA,4/2013,12/2018,-,"2,841.84",-,532.10,0/0
2023-01,"HUBLI-ANKOLA(NL),SWR",SWR,220100193,KARNATAKA,4/1997,/,-,"2,315.00",-,159.44,0/0
2023-01,HOTGI-KUDGI-GADAG,SWR,N22000333,MULTI STATE,3/2015,3/2019,-,"1,614.59",-,"1,703.69",0/0
2023-01,RAYADURGA-TUMKUR NL,SWR,N22000279,MULTI STATE,4/2007,/,-,"2,062.30","2,404.03","1,188.05",2/2
2023-01,BAGALKOT-KUDACHI NL,SWR,N22000258,KARNATAKA,4/2010,3/2016,-,986.30,"1,378.00",336.08,1/1
2023-01,KADUR CHIKMAGALUR SAKLESHPUR NEW LINE (93 KM),,,,3/1996,3/2017,-,644.78,889.00,499.14,0/0
2023-01,TIDIVANAM-NAGARI (NL),SR,N22000085,TAMIL NADU,9/2006,/,12/2025,582.83,-,659.19,0/0
2023-01,MADURAI-TUTICORIN VIA ARUPPUKKOTTAI,SR,N22000215,MULTI STATE,4/2011,3/2019,12/2027,120.70,-,324.68,0/0
2023-01,TURAVUR-AMBALAPUZHA DOUBLING,SR,N22000400,KERALA,2/2015,/,-,"1,000.00",-,0.93,0/0
2023-01,TRIVANDRUM-KANYAKUMARI DOUBLING,SR,N22000399,KERALA,2/2015,/,-,"1,431.90",-,"1,164.18",0/0
2023-01,MAYLADUTHURAI-THIRUVARUR- KARAIKUDI-THIRU 'PONDI'- AGASTIYAMPALLI,SR,N22000079,TAMIL NADU,9/2007,2/2019,-,724.69,-,"1,823.50",0/0
2023-01,MADURAI-BODINAYAKKANUR,SR,N22000201,TAMIL NADU,4/2008,/,11/2022,164.41,-,504.94,0/0
2023-01,"LALITPUR-SATNA-REWA-SINGRULI NL, (NCR)",WCR,220100232,MULTI STATE,9/1998,5/2008,-,247.66,-,"2,427.33",1/9
2023-01,KATNI-BINA 3RD LINE (263 KM),WCR,N22000415,MADHYA PRADESH,6/2016,3/2022,-,"2,478.23","2,938.00","1,596.70",8/17
2023-01,KATNI GRADE SEPARATOR/BYE PASS,WCR,N22000416,MADHYA PRADESH,8/2016,3/2022,-,582.13,-,786.04,1/1
2023-01,KATNI - SINGRAULI DOUBLING,WCR,N22000351,MADHYA PRADESH,12/2015,3/2020,-,"1,763.93","2,445.30","1,822.07",1/1
2023-01,"RAMGANJMUNDI-BHOPAL (NL),WCR",WCR,220100314,MADHYA PRADESH,4/2001,3/2021,3/2024,424.60,-,"1,803.41",4/15
2023-01,SURENDRA NAGAR RAJKOT,WR,N22000392,GUJARAT,4/2015,3/2021,3/2023,"1,002.39",-,"1,093.19",0/0
2023-01,VIRAMGAM-SAMAKHIALI (DL),WR,N22000145,GUJARAT,4/2011,3/2021,3/2023,"1,037.15",-,"1,430.81",0/0
2023-01,VIRAR SURAT ROAD OVER BRIDGE IN LIEU OF LEVEL CROSSING NOS 60 64 66 68 69 71 74 75 77 81 AND 82 ALON,WR,N22000436,GUJARAT,3/2012,/,-,248.26,-,127.92,0/0
2023-01,RATLAM-MHOW-KHANDWA-AKOLA (GC),WR,N22000120,MADHYA PRADESH,4/2008,3/2022,3/2026,"3,503.69",-,"2,639.45",0/0
2023-01,VIRAR SURAT ROAD OVER BRIDGE IN LIEU OF LEVEL CROSSING NOS 42 46A 48 52 55 102 106 108 130 AND 137 A,WR,N22000435,MAHARASHTRA,3/2012,/,-,217.38,-,219.72,0/0
2023-01,AHMEDABAD-HIMMATNAGAR- UDAIPUR (WR),WR,N22000121,GUJARAT,4/2008,3/2020,3/2024,829.74,"1,631.75","2,216.18",0/0
2023-01,MUMBAI CENTRAL VIRAR VADODARA AHMEDABAAD TRAIN PROTECTION SYSTEM 500 RKM,,,,3/2010,/,-,265.88,-,0.00,0/0
2023-01,"DAHOD-INDORE VIA SARDARPUR, JHABUA AND DHAR (NL)",WR,N22000139,MULTI STATE,4/2007,3/2022,3/2025,"1,640.04",-,990.90,0/0
2023-01,MEHSANA PALANPUR DOUBLING PROJECT 65.10 KMS,WR,N22000505,GUJARAT,4/2018,3/2024,12/2024,537.31,-,69.33,0/0
2023-01,MIYAGAM-KARJAN-DABHOI- SAMLAYA (GC),WR,N22000142,GUJARAT,4/2011,/,10/2025,844.10,-,444.60,0/0
2023-01,ANAND GODHRA DOUBLING PROJECT 79 KMS,WR,N22000504,GUJARAT,4/2017,3/2020,12/2024,692.25,-,48.92,0/0
2023-01,INDORE-DEWAS-UJJAIN (80 KMS),WR,N22000493,MADHYA PRADESH,4/2016,6/2020,10/2023,700.00,-,540.87,0/0
2023-01,BHUJ-NALIYA(GC) WITH EXTENSION FROM NALIYA TO VAYOR (WR),WR,N22000123,GUJARAT,4/2008,3/2012,3/2024,318.24,-,126.40,0/0
2023-01,NIMACH BADI SADRI NEW LINE,WR,N22000503,MADHYA PRADESH,4/2017,3/2022,3/2026,495.18,495.18,1.01,0/0
2023-01,CHOTTAUDEPUR-DHAR(NL),WR,N22000138,MULTI STATE,4/2007,3/2022,12/2024,"1,347.26",-,"1,136.31",0/0
2023-01,CONSTRUCTION OF ATAL AKSHAY URJA BHAWAN CGO COMPLEX LODHI ROAD NEW DELHI,CPWD R ENERGY,N28000118,DELHI,10/2017,11/2019,-,271.90,-,249.96,0/0
2023-01,4-LANING OF KASHIPUR-SITARGANJ SECTION,MEGA,N24000465,UTTARAKHAND,11/2012,8/2016,-,605.84,-,0.00,0/0
2023-01,MUL TO CHANDRAPUR,MoRTH,N24001117,MAHARASHTRA,12/2016,7/2019,-,162.34,-,73.78,1/4
2023-01,2L+PS FOR WORK OF NH-325 (BALOTRA TO SANDERAO VIA JALORE) BY CONSTRUCTION OF BYPASSES:(1) ASOTRA- BR,MoRTH,N24001527,RAJASTHAN,12/2021,5/2024,-,411.40,-,0.00,0/0
2023-01,SATARA MURVAD PILLOV PANDHARPUR,MoRTH,N24001095,MAHARASHTRA,1/2017,/,-,388.44,-,213.91,0/0
2023-01,REHABILITATION AND UP- GRADATION TO TWO LANE WITH PAVED SHOULDERS FROM KM 0/0 TO 72/6 OF NH-365 (NAKR,MoRTH,N24000996,TELANGANA,1/2017,10/2019,6/2021,605.08,-,412.16,0/0
2023-01,SHIROD SHAHPURER TO NANDED,MoRTH,N24001041,MAHARASHTRA,1/2017,7/2019,-,211.34,-,136.33,2/4
2023-01,PIMPLA TO MANJARSUMBHA,MoRTH,N24001030,MAHARASHTRA,1/2017,8/2019,-,595.77,-,332.72,2/4
2023-01,UP GRADATION OF NEWLY DECLARED NH 341 TO TWO LANE WITH PAVED SHOULDER CONFIGURATION BETWEEN KM. 65.4,,,,3/2018,6/2021,7/2023,351.00,270.00,197.76,3/4
2023-01,Rehabilitation and up gradation to 2 lane with paved shoulder configuration from existing km. 122.00,MoRTH,N24000820,A & N ISLANDS,11/2017,11/2019,4/2023,237.80,-,94.55,0/0
2023-01,WARDHA TO ARVI,MoRTH,N24001150,MAHARASHTRA,2/2018,4/2020,-,313.58,-,229.05,0/4
2023-01,PAITHAN TO SHIRUR,MoRTH,N24001122,MAHARASHTRA,3/2017,6/2019,-,341.80,-,203.09,0/4
2023-01,KARAD PATAN CHIPLUN GUHAGAR,MoRTH,N24001057,MAHARASHTRA,2/2017,6/2019,-,407.19,407.00,323.02,0/4
2023-01,SARSAM TO KOTHARI,MoRTH,N24001002,MAHARASHTRA,2/2016,7/2019,-,545.64,-,220.90,0/4
2023-01,UPGRADATION OF BIAORA- MAKSUDANGARH ROAD TO 2L + PS,MoRTH,N24000893,MADHYA PRADESH,11/2017,2/2018,3/2022,254.17,-,211.15,0/0
2023-01,MALE VILLAGE TO PUNE RAIGARH DISTRICT BORDER,MoRTH,N24001080,MAHARASHTRA,3/2018,12/2019,-,256.15,-,100.31,0/0
2023-01,REHABILITATION AND UPGRADATION OF EXISTING NH-565 FROM KM.86.057 TO 133.922 OF NAGARJUNASAGAR DAM T,MoRTH,N24000282,ANDHRA PRADESH,1/2014,11/2014,5/2022,195.45,-,95.15,0/4
2023-01,CONSTRUCTION OF NEW ROAD AT THE MISSING LINK PORTION OF NH- 81 ALONG THE APPROVED ALIGNMENT BETWEEN H,MoRTH,N24000874,WEST BENGAL,3/2016,11/2018,3/2022,271.17,291.20,131.34,0/0
2023-01,WIDENING OF EXISTING SINGLE LANE ROAD TO TWO LANE WITH PAVED SHOULDERS CONFIGURATION FROM KM. 235.00,MoRTH,N24000774,UTTARAKHAND,12/2017,12/2019,3/2023,248.22,-,146.17,0/0
2023-01,SILLOD TO FARDAPUR,MoRTH,N24001125,MAHARASHTRA,2/2017,6/2019,-,337.46,-,332.67,0/4
2023-01,STRENGTHENING AND WIDENING TO 2 LANE WITH PAVED SHOULDER FROM KM 103.865 TO 142.050 (GAYA- GOH) OF NH,MoRTH,N24001000,BIHAR,3/2018,/,3/2022,153.24,-,121.22,0/0
2023-01,REHABILITATION AND UPGRADATION OF EXISTING NH-167 FROM KM 14.900 TO KM 70.00 (DESIGN CH.14.900 TO 69,MoRTH,N24000931,ANDHRA PRADESH,11/2016,5/2017,-,290.15,-,201.18,3/4
2023-01,KATOL TO WARUD,MoRTH,N24001019,MAHARASHTRA,1/2017,6/2019,-,463.62,664.00,265.78,0/4
2023-01,4-LANNING OF NH17 AND NEW NO. NH66 FROM KM 241/300 TO 281/300 UNDER HYBRID ANNUITY MODE,MoRTH,N24000585,MAHARASHTRA,3/2016,/,-,"1,101.58",-,435.00,0/0
2023-01,STRENGTHENING AND WIDENING TO TWO LANE WITH PAVED SHOULDERS FROM KM.106.00 TO 153.00 OF NH-218 BIJAP,MoRTH,N24000334,KARNATAKA,3/2015,11/2015,-,165.67,-,125.65,0/0
2023-01,WIDENING AND STRENGTHENING/ RECONSTRUCTION OF EXISTING PAVEMENT TO FOUR ALNE WITH PAVED SHOULDERS FR,MoRTH,N24000998,TELANGANA,1/2019,/,1/2023,193.19,249.72,201.59,0/0
2023-01,RISOD TO HINGOLI,MoRTH,N24001149,MAHARASHTRA,2/2018,12/2019,-,355.99,-,247.60,0/0
2023-01,CHIKALI TO DHAD,MoRTH,N24001061,MAHARASHTRA,3/2018,12/2019,-,189.46,189.00,111.73,0/4
2023-01,KUMBHARI PHTA TO DEULGAON RAJA,MoRTH,N24001127,MAHARASHTRA,2/2017,6/2019,-,406.51,-,340.26,0/0
2023-01,WIDENING TO EXISTING SINGRE/INTERMEDIATE RANE TO 2 LANE FROM KM 135 TO KM 147 AND FROM KM 156.00 TO,MoRTH,N24001467,NAGALAND,3/2021,2/2024,-,226.44,-,35.70,0/0
2023-01,IMPROVEMENT AND UP-GRADATION OF EXISITING CARRIAGEWAY TO TWO LANE WITH PAVED SHOULDER FROM KM 0.00 T,MoRTH,N24001211,UTTAR PRADESH,11/2018,6/2021,-,281.45,-,232.78,0/0
2023-01,UPGRADATION OF MORENA-PORSA ROAD TO 2L + PS,MoRTH,N24000872,MADHYA PRADESH,3/2018,8/2018,8/2021,166.21,-,154.26,0/0
2023-01,KHERDA TO NAGZARI,MoRTH,N24001072,MAHARASHTRA,3/2018,12/2019,-,181.30,-,137.37,0/4
2023-01,"WIDENING, STRENGTHENING AND RECONSTRUCTION OF NH-552- EXTN FROM KM 76/600 TO 112/00 (SAWAI MADHOPUR",MoRTH,N24000950,RAJASTHAN,11/2017,4/2018,-,187.82,-,186.51,3/4
2023-01,CONSTRUCTION OF MAJOR BRIDGE WITH APPROACHES ACROSS PRANHITA RIVER AT KM 57.300 ON NH-63(16),MoRTH,N24000252,MAHARASHTRA,3/2015,/,-,168.30,-,100.56,0/4
2023-01,MANGAON TO DIGHI PORT,MoRTH,N24001024,MAHARASHTRA,1/2017,7/2019,-,457.52,-,392.92,2/4
2023-01,REHABILITATION AND UPGRADATION TO 2-LANE CONFIGURATION OF HAMIRPUR- KARNOHAL SECTION (KM 141.000 TO K,MoRTH,N24001447,HIMACHAL PRADESH,8/2020,12/2024,-,371.93,-,24.58,0/0
2023-01,SATARA TO MHASWAD,MoRTH,N24001092,MAHARASHTRA,1/2017,7/2019,-,653.46,-,298.70,0/4
2023-01,RECONSTRUCTION WITH GEOMETRIC IMPROVEMENT OF EXISTING 2 LANE/INTERMEDIATE LANE TO 2LANE WITH PAVED S,MoRTH,N24000772,UTTARAKHAND,12/2017,12/2019,6/2021,257.34,-,156.63,0/0
2023-01,WIDENING TO TWO LANE WITH PAVED SHOULDERS FROM KM 15.525 TO KM 62.880 OF JADCHERLA-KALWAKURTHY SECTI,MoRTH,N24000984,TELANGANA,1/2017,12/2019,12/2019,283.00,-,253.06,0/0
2023-01,WIDENING OF EXISTING SINGLE LANE / INTERMEDIATE LANE ROAD TO 2 LANE FROM KM 101 TO KM 125 OF NH 61 I,MoRTH,N24001465,NAGALAND,6/2020,9/2024,-,252.19,-,0.28,0/0
2023-01,SALAIKHURD TO TIRORA,MoRTH,N24001042,MAHARASHTRA,1/2018,12/2019,-,415.25,415.25,273.34,0/4
2023-01,WIDENING TO 4/6/8 LANES OF EXISTING NH-17 FROM KM 522/615 (NEAR GMC) TO KM 530/850 JOINING NEW ZUIAR,MoRTH,N24000516,GOA,12/2015,/,-,819.95,-,504.65,0/0
2023-01,SANGOLA TO JATH,MoRTH,N24001052,MAHARASHTRA,1/2018,12/2019,-,257.38,257.00,166.31,0/4
2023-01,2L+PS OF THIKRI ANJAD SECTION OF NH-347B,MoRTH,N24000892,MADHYA PRADESH,11/2017,7/2018,8/2021,249.05,-,221.19,0/0
2023-01,WIDENING TO 2LPS FROM 173/37 TO 229/40 OF NH-59 IN THE STATE OF ODISHA,MoRTH,N24000916,ODISHA,3/2018,8/2018,3/2023,214.23,-,151.55,0/0
2023-01,BALANCE WORK FOR REHABILITATION AND UPGRADATION OF SATNA-BELA SECTION OF NH-75 FROM KM. 155.0 TO KM.,MoRTH,N24001151,MADHYA PRADESH,11/2017,3/2018,3/2022,392.33,-,420.20,0/0
2023-01,WIDENING TO 2LPS FROM 50/0 TO 140/9 OF NH-57 (SONEPUR TO MADHAPUR) IN THE STATE OF ODISHA,MoRTH,N24000913,ODISHA,9/2016,2/2017,3/2023,295.67,-,203.61,0/0
2023-01,INDAPAUR TO AGARDANDA,MoRTH,N24001025,MAHARASHTRA,1/2017,7/2019,-,355.17,-,270.78,3/4
2023-01,REHABILITATION AND UP GRADATION OF NH-544E FROM KM 56/803 TO KM 99/179 OF MADAKASIRA TO SIRA SECTION -,,,,3/2020,3/2021,-,207.79,-,154.41,3/4
2023-01,KUNDRAL TO WAZAR,MoRTH,N24001077,MAHARASHTRA,1/2018,12/2019,-,225.25,327.33,199.34,2/4
2023-01,PAHUR TO BODHWAD,MoRTH,N24001084,MAHARASHTRA,1/2017,5/2020,-,244.93,-,167.44,0/4
2023-01,NASHIK TO PETH,MoRTH,N24001121,MAHARASHTRA,12/2015,11/2018,-,289.60,-,210.10,0/4
2023-01,SHEGAON TO DEORI PHATA,MoRTH,N24001010,MAHARASHTRA,2/2017,5/2019,-,373.10,373.00,320.45,0/4
2023-01,"DEVELOPMENT OF 4-LANING SECTION OF NH-31 FROM KM 551.36 (GHOSHPUKUR) TO KM 563.26 (BIHAR MORE, BAGDO",MoRTH,N24000883,WEST BENGAL,3/2018,10/2020,3/2022,254.30,-,150.56,0/0
2023-01,CONSTRUCTION OF TWINS 2-LANE ROB AND ITS APPROACHES IN REPLACEMENT OF EXISTING LEVEL CROSSING GATE N,MoRTH,N24000887,WEST BENGAL,6/2016,9/2021,8/2022,236.78,-,129.43,0/0
2023-01,WIDENING TO TWO LANE WITH PAVED SHOULDER FROM KM 544.200 TO KM 594.000 OF NH-150A HOSMANE CROSS – PA,MoRTH,N24001156,KARNATAKA,1/2017,9/2017,-,166.67,-,190.61,0/0
2023-01,DHANGIPIMPRI TO JALNA AND AMBAD CHOWK TO MANTH CHOWK,MoRTH,N24001064,MAHARASHTRA,3/2018,2/2020,-,217.14,217.00,153.92,0/4
2023-01,CONSTRUCTION OF BRIDGE INCLUDING APPROACHES ACROSS RIVER ZUARI ON NH-17 (NH-66) ON PANJIM-MANGALORE,MoRTH,N24000444,GOA,10/2015,/,9/2022,936.40,-,622.88,0/0
2023-01,CONSTRUCTION OF ROAD FROM KM. 1 TO KM. 49/4 OF NH-26A IN THE STATE OF MADHYA PRADESH.,MoRTH,N24000886,MADHYA PRADESH,1/2017,3/2017,12/2021,205.05,-,140.29,0/0
2023-01,WAKAN PALI KHOPOLI,MoRTH,N24001026,MAHARASHTRA,1/2017,5/2019,-,376.19,-,113.66,1/4
2023-01,MANSAR TO SALAIKHURD,MoRTH,N24001035,MAHARASHTRA,1/2018,12/2019,-,418.36,-,263.13,0/4
2023-01,WIDENING TO 2LPS FROM 239/9 TO 294/3 OF NH-57 (NAYAGARH TO KHURDA) IN THE STATE OF ODISHA,MoRTH,N24000914,ODISHA,12/2016,8/2018,3/2023,223.50,-,134.64,0/0
2023-01,IMPROVEMENT AND UPGRADATION TO TWO LANE WITH PAVED SHOULDER CONFIGURATION FROM EXISTING KM 55.00 TO,MoRTH,N24001469,UTTAR PRADESH,11/2021,5/2024,-,307.11,-,0.00,0/0
2023-01,PARLI PIMPLA DAHIGUDA,MoRTH,N24001138,MAHARASHTRA,2/2017,6/2019,-,205.72,206.00,85.71,1/4
2023-01,SHAHPUR PATGAON SECTION I,MoRTH,N24001027,MAHARASHTRA,1/2018,12/2019,-,150.79,-,60.78,1/4
2023-01,WIDENING TO TWO LANE WITH PAVED SHOULDERS FROM 24.600 TO 70.063 OF MUDIGERE TO KADUR SECTION OF NH-,MoRTH,N24001161,KARNATAKA,12/2017,1/2019,-,297.30,-,260.53,0/0
2023-01,SAKOLI TO BHANDARA,MoRTH,N24001118,MAHARASHTRA,1/2017,6/2019,-,362.96,-,230.70,0/4
2023-01,CONSTRUCTION OF A NEW 2-LANE HIGHWAY FROM KM 0.00 (ON NH-54 NEAR LAWNGTLAI),MoRTH,N24000415,MIZORAM,8/2010,10/2010,12/2022,195.04,434.65,410.11,0/0
2023-01,RECONSTRUCTION WITH GEOMETIC IMPROVEMENT OF SINGLE LANE TO 2- LANE WITH PAVED SHOULDER CONFIGURATION,MoRTH,N24000777,UTTARAKHAND,11/2017,11/2019,2/2023,283.51,-,196.03,0/0
2023-01,ALLAHGANJ TO MIRANPUR KATRA SECTION OF NH-730C FROM KM.52.770 TO 114.00,MoRTH,N24001463,UTTAR PRADESH,4/2020,7/2024,-,294.84,-,69.64,0/0
2023-01,UPGRADATION OF PACHORE- SHUJALPUR ROAD TO 2L + PS,MoRTH,N24000881,MADHYA PRADESH,11/2017,2/2018,9/2021,184.62,-,144.38,0/0
2023-01,UPGRADATION OF REWA-SIRMOUR ROAD TO 2L + PS,MoRTH,N24000870,MADHYA PRADESH,3/2018,3/2018,10/2021,162.56,-,137.52,0/0
2023-01,UPGRADATION OF PAWAI-SALEHA- JASSO-NAGOD ROAD TO 2L + PS,MoRTH,N24000888,MADHYA PRADESH,3/2018,3/2018,6/2022,214.69,-,92.62,0/0
2023-01,UPGRADATION AND REHABILITATION TO TWO LANE WITH PAVED SHOULDER OF BARMER GHAGARIYA SECTION FROM KM 0,MoRTH,N24001531,RAJASTHAN,3/2022,8/2024,-,304.87,-,18.00,0/0
2023-01,NILAJPHATA TO BHANDARA,MoRTH,N24001043,MAHARASHTRA,1/2018,5/2020,-,420.63,421.00,209.61,0/4
2023-01,SHIRUR TO KHARDA,MoRTH,N24001123,MAHARASHTRA,2/2017,6/2019,-,381.77,-,186.62,0/4
2023-01,REHABILITATION AND UP GRADATION FROM KM. 121/0 TO 154/0 OF NAKAREKAL – MALLAMPALLY SECTION OF NH-365,MoRTH,N24000997,TELANGANA,3/2018,7/2019,6/2022,192.67,-,171.08,0/0
2023-01,WIDENING TO 2-LANE WITH PAVED,,,,10/2016,8/2020,-,171.90,-,136.98,0/0
2023-01,CONSTRUCTION OF ROB AND ITS APPROACHES IN LIEU OF UNMANNED LEVEL CROSSING AT KM 303.9 ON NH-60 (PAND,MoRTH,N24000885,WEST BENGAL,3/2016,9/2023,11/2022,160.27,-,53.33,0/0
2023-01,UPGRADATION TO TWO LANE PAVED SHOULDER OF KOTHUN- LALSOT-KAROLI-DHOLPUR ROAD NH-23 (OLD NH-11B) IN TH,MoRTH,N24001530,RAJASTHAN,12/2021,9/2024,-,150.11,-,0.00,0/0
2023-01,UPGRADATION OF PORSA-BHIND ROAD TO 2L + PS,MoRTH,N24000890,MADHYA PRADESH,3/2018,8/2018,6/2022,217.22,-,210.66,0/0
2023-01,2-LANE WITH PS OF BEWAR TO NEAR KARRI VILLAGE SECTION OF NH-92 FROM KM.0.00 TO 30.00 UNDER GNHCP,MoRTH,N24001461,UTTAR PRADESH,4/2020,3/2024,-,236.47,-,9.57,0/0
2023-01,CONSTRUCTION OF 6 LANE BRIDGE ON GANGA ON NH-96 AND ITS APPROACHES IN PHAPHAMAU ALLAHABAD ON EPC MOD,MoRTH,N24001421,UTTAR PRADESH,7/2018,2/2024,-,"1,948.25",-,567.78,0/0
2023-01,MAHAD TO RAIGAD FORT,MoRTH,N24001038,MAHARASHTRA,7/2018,5/2020,-,237.40,-,43.93,0/4
2023-01,WIDENING TO 2LPS FROM 58/00 TO 116/10 OF NH-153B (NAKTIDEUL TO BOUDH) IN THE STATE OF ODISHA,MoRTH,N24000915,ODISHA,12/2016,4/2018,3/2023,206.88,-,123.46,0/0
2023-01,TALEGAON TO GONAPUR,MoRTH,N24001096,MAHARASHTRA,1/2018,3/2019,-,264.41,264.00,200.42,0/0
2023-01,REHABILITATION UPGRADATION OF NH214(NH216) FROM KM41.161 TO KM59.800(GURJANAPALLI TO POLEKURU SECT,MoRTH,N24000966,ANDHRA PRADESH,1/2016,8/2016,6/2022,348.95,-,289.63,3/4
2023-01,DAHEGAON TO KUHI,MoRTH,N24001017,MAHARASHTRA,1/2017,6/2019,-,228.89,229.00,154.82,3/4
2023-01,REHABILITATION AND UPGRADATION OF NH-221 FROM KM 121/0 TO 165/00 (OF VIJAYAWADA- JAGDALPUR RUDRAMPUR,MoRTH,N24000247,TELANGANA,10/2014,2/2017,12/2022,295.47,-,219.56,0/1
2023-01,CONSTRUCTION OF 4-LANE BYPASS TO VIJAYANAGARAM TOWN ON NH43 (NEW NH26) FROM 537/6 TO 552/0 (RAIPUR-V,MoRTH,N24000933,ANDHRA PRADESH,2/2017,11/2017,-,429.43,-,374.94,3/4
2023-01,WIDENING AND PAVED SHOULDER OF TOHANA (IN HARYANA),,,,3/2018,8/2020,-,293.10,341.84,275.52,0/1
2023-01,RECONSTRUCTION WITH GEOMETIC IMPROVEMENT OF EXISTING TWO LANE TO 2- LANE WITH PAVED SHOULDERS CONFIG,MoRTH,N24000776,UTTARAKHAND,11/2017,11/2019,3/2023,232.81,-,151.70,0/0
2023-01,CONSTRUCTION OF MARGOA WESTERN BYPASS FOR NH-17 (NEW NH-66 ) FROM KM. 26 /200 ( CHAINAGE 00/00) TO K,MoRTH,N24000257,GOA,3/2015,/,12/2021,298.33,354.43,349.92,0/4
2023-01,BHOKAR TO SARSAM,MoRTH,N24001128,MAHARASHTRA,2/2017,7/2019,-,295.09,-,186.27,0/4
2023-01,GADCHIROLI TO MUL,MoRTH,N24001116,MAHARASHTRA,12/2016,6/2019,-,484.15,-,349.78,2/4
2023-01,CONSTRUCTION OF A NEW 4 LANE BRIDGE PARALLEL TO EXISTING MG SETU WITH ITS APPROACHES FROM KM 0.00,MoRTH,N24001201,BIHAR,2/2019,/,-,"2,926.42",-,677.59,0/0
2023-01,WIDENING TO TWO LANE WITH PAVED SHOULDERS FROM KM 20.150 TO KM 40.00 OF BC ROAD KOTTIGEHARA SECTION,MoRTH,N24001159,KARNATAKA,1/2018,7/2018,-,159.70,-,128.27,0/0
2023-01,WIDENING TO 2 LANES WITH PAVED SHOULDERS FROM KM.87/000 TO 133/720 (NATTUKAL TO THANAU JN. IN PALAKK,MoRTH,N24001369,KERALA,2/2017,8/2017,3/2022,294.28,296.53,221.45,0/0
2023-01,REHABILITATION AND UPGRADATION TO INTERMEDIATE LANE CONFIGURATION OF SHRI KYARI-GUMMA SECTION (KM 75,MoRTH,N24001383,HIMACHAL PRADESH,8/2020,4/2021,-,349.20,-,239.34,0/0
2023-01,NANDGAON TO MORSHI,MoRTH,N24001014,MAHARASHTRA,1/2017,6/2019,-,385.87,386.00,258.29,0/0
2023-01,WIDENING TO TWO LANE WITH PAVED SHOULDERS FROM KM 0/970 TO KM 40/410 OF JANAGAON- THIRUMALAGIRI OF NH,MoRTH,N24000983,TELANGANA,1/2017,10/2019,10/2019,196.52,-,121.74,0/0
2023-01,WIDENING FROM 2 LANE TO 4 LANE AND STRENTHENING THE EXISTING CARRIAGE WAY FROM KM 36/0 -80/0 OF SALE,MoRTH,N24001236,TAMIL NADU,3/2019,11/2019,-,297.55,-,276.41,3/4
2023-01,CONSTRUCTION OF 4 LANE WITH PAVED SHOULDERS THIRUVAYARU BYPASS IN BETWEEN EXISTING KM.55/926 TO 62/6,MoRTH,N24001455,TAMIL NADU,2/2022,8/2022,-,191.33,-,0.00,0/4
2023-01,CONSTRUCTION OF 2 LANE ROAD OF POTIN TO PANGIN SECTION OF NH 13 FROM KM 77.95 TO KM 117.56 (PACKAGE -,,,,3/2019,3/2027,-,421.48,-,243.20,0/0
2023-01,RECONSTRUCTION WITH GEOMETRIC IMPROVEMENT OF EXISTING SINGLE/INTERMEDIATE LANE TO 2 LANE WITH EAR,MoRTH,N24000779,UTTARAKHAND,2/2018,2/2020,3/2023,418.88,-,264.67,0/0
2023-01,WIDENING TO TWO LANE WITH PAVED SHOULDERS FROM KM 40/410 TO KM 84/037OF THIRUMALAGIRI TO SURYAPET SE,MoRTH,N24000982,TELANGANA,1/2017,5/2019,8/2019,244.54,-,173.42,0/0
2023-01,OMREGA TO AUSA,MoRTH,N24001067,MAHARASHTRA,3/2018,12/2019,-,272.04,272.00,272.04,0/4
2023-01,JALGAON TO BHADGAON,MoRTH,N24001045,MAHARASHTRA,1/2018,11/2019,-,307.54,308.00,221.49,0/4
2023-01,CONSTRUCTION OF 4 NOS GRADE SEPARATOR BETWEEN KM. 281.000 TO KM 307.600 KM. 286.400 KUMHARI KM. 299.,MoRTH,N24001227,CHHATISGARH,3/2018,1/2019,-,349.03,-,0.00,0/0
2023-01,REHABILITATION AND UPGRADATION TO 2-LANE CONFIGURATION OF KALWAHAN- MANDI SECTION (KM 208.950 TO KM 2,MoRTH,N24001470,HIMACHAL PRADESH,8/2020,4/2025,-,314.32,-,9.45,0/0
2023-01,SARAD VANI PIMPALGAON,MoRTH,N24001103,MAHARASHTRA,1/2017,7/2019,-,250.46,-,174.16,0/4
2023-01,REHABILITATION AND UPGRADATION OF NH 200 FROM KM 178.944 TO 241.553 BANARI VILLAGE TO MASANIA KALA V,MoRTH,N24001219,CHHATISGARH,1/2016,9/2016,-,476.20,544.00,458.58,0/0
2023-01,4L+PS OF BEAWAR-ASIND SECTION (KM 30.00 TO KM 74.00) OF NH-158 (GNHCP) WORLD BANK. PKG-II,MoRTH,N24001410,RAJASTHAN,8/2020,12/2020,-,216.72,-,111.88,2/4
2023-01,RALEGAON TO RAMTIRTH,MoRTH,N24001046,MAHARASHTRA,1/2017,7/2019,-,210.81,-,210.81,0/4
2023-01,VITA TO NAGAJ,MoRTH,N24001050,MAHARASHTRA,3/2018,12/2019,-,304.58,305.00,142.11,0/4
2023-01,REHABILITATION AND UPGRADATION OF NH326A FROM KM 0/0 TO 41/979 (EXCLUDING KM 2/255 TO 3/372 AND KM 3,MoRTH,N24000934,ANDHRA PRADESH,3/2018,8/2018,-,228.32,-,174.29,3/4
2023-01,WADI TO ASOLA,MoRTH,N24001022,MAHARASHTRA,1/2017,9/2019,-,363.82,364.00,136.74,1/4
2023-01,PUNE RAIGARH DISTRICT BORDER TO MANGAON,MoRTH,N24001082,MAHARASHTRA,3/2018,12/2019,-,223.46,-,68.00,0/0
2023-01,UPGRADATION TO 2 LANE WITH PAVED SHOULDER FROM KM . 0/0,,,,2/2018,6/2018,-,370.30,-,336.23,3/4
2023-01,TEMBHURNI PANDHARPUR MANGALWEDHA MARWADE UMDI,MoRTH,N24001056,MAHARASHTRA,2/2017,7/2019,-,422.02,422.00,302.13,0/0
2023-01,R AND U OF LAKHIMPUR - SISIYA SECTION (KM140.00 TO 188.800) OF NH-730 TO 2L WITH PS,MoRTH,N24001209,UTTAR PRADESH,3/2016,9/2020,-,296.50,-,259.77,0/0
2023-01,MORSHI TO MAH/MP BORDER,MoRTH,N24001016,MAHARASHTRA,1/2017,6/2019,-,471.61,472.00,321.02,0/0
2023-01,UP-GRADATION TO TWO LANING WITH PAVED SHOULDER OF AJMER- NAGAUR SECTION BY EXECUTING BALANCE WORK FRO,MoRTH,N24001241,RAJASTHAN,3/2020,8/2020,-,255.23,-,90.00,3/4
2023-01,REHABILITATION AND UP GRADATION OF 2 LANE/ 2 LANE WITH PAVED SHOULDER FROM EXISTING KM. 172.900 TO K,MoRTH,N24000780,UTTARAKHAND,2/2018,/,4/2023,293.68,-,193.64,0/0
2023-01,PARBHANI TO GANGKHED,MoRTH,N24001065,MAHARASHTRA,3/2018,12/2019,-,238.19,238.00,190.37,0/4
2023-01,AKOT TO ANJANGAON,MoRTH,N24001006,MAHARASHTRA,1/2017,6/2019,-,245.77,246.00,221.84,0/4
2023-01,NAGAJ TO VAIJAPUR,MoRTH,N24001023,MAHARASHTRA,1/2017,6/2019,-,376.72,377.00,273.87,0/4
2023-01,WIDENING TO 2 LANE WITH PAVED SHOULDERS FROM KM 0 TO 54 OF NH-50 UNDER EPC MODE IN THE STATE OF KARN,MoRTH,N24001164,KARNATAKA,10/2016,3/2017,-,396.96,-,329.58,0/0
2023-01,WIDEINING TO TWO/FOUR LANE WITH PAVED SHOULDERS FROM EXISTING KM 180.60 TO KM 223.00 OF NH-63 ON NIZ,MoRTH,N24000981,TELANGANA,10/2016,3/2019,4/2023,248.83,-,150.98,0/0
2023-01,REHABILITATION AND UPGRADATION OF NH-167 FROM DESIGN KM.157.707 TO 187.723 (DESIGN LENGTH 30.016 KMS,MoRTH,N24000991,TELANGANA,2/2018,11/2019,6/2022,220.28,-,205.90,0/0
2023-01,REHABILITATION AND UPGRADATION OF NH -565 FROM KM 1.00 TO 86.057 (NAKREKAL TO NAGARJUNSAGAR DAM SECT,MoRTH,N24000245,TELANGANA,1/2014,3/2016,9/2019,270.00,-,0.00,1/4
2023-01,CONSTRUCTION OF 2-LANE WITH PAVED SHOULDER GANGTOK BYPASS ROAD FROM RANIPOOL TO BURTUK (L=23.316KM),MoRTH,N24001442,SIKKIM,10/2021,5/2024,-,385.15,-,39.06,0/0
2023-01,UMARIYA TO SHAHDOL SECTION OF NH-78 IN MADYA PRADESH KM 68/4 TO 142/200 -,,,,3/2015,8/2017,12/2023,511.83,-,455.78,0/0
2023-01,BARASGAON TO RAHATEE,MoRTH,N24001113,MAHARASHTRA,7/2016,9/2018,-,289.11,290.00,144.69,0/4
2023-01,CONSTRUCTION OF MAJOR BRIDGE AT KM 180.865 ACROSS RIVER KRISHNA ON NH-167 HAGARI – JADERCELA SECTION,MoRTH,N24001173,KARNATAKA,2/2017,5/2019,-,157.32,188.00,24.20,0/0
2023-01,KANTE TO WAKED,MoRTH,N24001134,MAHARASHTRA,3/2016,11/2019,-,"1,230.02","1,230.00",676.62,1/4
2023-01,DEORI TO AMGAON,MoRTH,N24001032,MAHARASHTRA,1/2017,5/2019,-,409.62,410.00,290.44,0/4
2023-01,CONSTRUCTION OF RING ROAD FOR RAEBARELI CITY (PHASE -I) ON EASTERN SIDE OF NH 24B,MoRTH,N24000331,UTTAR PRADESH,12/2019,4/2022,-,282.41,-,228.58,0/0
2023-01,REHABILITATION AND UPGRADATION TO 2-LANE WITH PAVED SHOULDERS CONFIGURATION OF PADERU- GONDIGUDA SECT,MoRTH,N24001386,ANDHRA PRADESH,8/2020,3/2021,-,222.61,-,56.40,1/4
2023-01,REHABILITATION AND UP- GRADATION OF EXISTING INTERMEDIATE LANE FLEXIBLE PAVEMENT TO 2L+PS FLEXIBLE PA,MoRTH,N24000875,MADHYA PRADESH,2/2018,3/2018,12/2022,169.63,-,100.95,0/0
2023-01,RECONSTRUCTION WITH GEOMETRIC IMPROVEMENT OF EXISTING SINGLE/INTERMEDIATE LANE TO 2LANE WITH PAVED S,MoRTH,N24000778,UTTARAKHAND,11/2017,11/2019,2/2023,266.52,-,153.44,0/0
2023-01,NAGBHID TO ARMORI,MoRTH,N24001119,MAHARASHTRA,9/2016,7/2019,-,269.05,-,200.00,0/4
2023-01,CONSTRUCTION OF FOUR LANE PINJORE BYPASS FROM KM 0.00 TO 7.70 ON EPC MODE.,MoRTH,N24001513,HARYANA,12/2016,12/2017,-,170.27,-,97.57,0/0
2023-01,BALANCE WORK OF 2-LANING OF LONGDING– TISSA- KHONSA ROAD (NH-215) ON EPC MODE IN THE STATE OF ARUNAC,MoRTH,N24001373,ARUNACHAL PRADESH,1/2020,2/2024,-,358.26,-,209.05,0/0
2023-01,PATGAON KHOPOLI SECTION I,MoRTH,N24001028,MAHARASHTRA,1/2018,12/2019,-,170.00,-,125.80,0/4
2023-01,HIMAYATNAGAR TO PHULSAWANGI,MoRTH,N24001081,MAHARASHTRA,3/2018,12/2019,-,294.87,295.00,168.07,1/4
2023-01,REHABILITATION AND UPGRADATION OF LOSARI- MACHAVARAM SECTION FROM,,,,3/2016,9/2016,-,444.84,-,414.35,3/4
2023-01,DHAD BHOKARDAN TO BHOKARDHAN SILLOD,MoRTH,N24001062,MAHARASHTRA,3/2018,12/2019,-,336.21,336.00,234.29,0/4
2023-01,2L+PS FROM KM 148/170 TO 211 /100 (DEVAL- DUNGARPUR-HIRATA - VARDA-SAGWARA) SECTION OF NH- 927A. PKG-,MoRTH,N24001413,RAJASTHAN,2/2021,11/2021,-,240.99,-,42.59,0/0
2023-01,AHMEDNAGAR TO BARAMATI,MoRTH,N24001100,MAHARASHTRA,1/2017,8/2019,-,955.40,-,492.20,0/4
2023-01,UPGRADATION OF NH-81 WITH A MINIMUM OF 2-LANE WITH PAVED SHOULDER CONFIGURATION STARTING FROM KM 19.,MoRTH,N24000880,WEST BENGAL,2/2018,9/2020,3/2022,426.18,-,307.60,0/0
2023-01,TASGAON TO SHIRDHON,MoRTH,N24001054,MAHARASHTRA,1/2017,11/2019,-,195.64,196.00,116.92,0/4
2023-01,REHABILITATION AND UPGRADATION OF SINDOOR RIVER TO START OF BARELI BYPASS SECTION OF NH-12 FROM EXIS,MoRTH,N24000898,MADHYA PRADESH,1/2016,7/2018,5/2021,809.16,-,635.00,0/0
2023-01,REHABILITATION AND UPGRADATION OF NH-219 FROM KM 58-600 TO KM 140-750 IN THE STATE OF ANDHRA PRADES,MoRTH,N24000301,ANDHRA PRADESH,3/2015,10/2015,-,271.45,-,238.23,4/4
2023-01,4 LANING OF ITANAGAR TO BANDARDEWA SECTION OF NH-415 FROM KM 40+430 TO KM 51+735 (PACKAGE B) ON EPC,MoRTH,N24001375,ARUNACHAL PRADESH,6/2020,3/2027,-,496.47,-,60.02,0/0
2023-01,RECONSTRUCTION TO TWO LANE WITH PAVED SHOULDERS FROM DS. CH. 442+180 (EX. KM 448.00) TO DS. CH.485+2,MoRTH,N24001158,KARNATAKA,3/2018,6/2019,-,159.97,-,95.49,0/0
2023-01,BARELA-MANDLA SECTION OF NH- 12A IN MADHYA PRADESH KM 22/8 TO KM 89/6 OF NH-12A,MoRTH,N24000378,MADHYA PRADESH,6/2015,/,3/2021,390.51,-,320.50,0/0
2023-01,MANJUSUMBA TO CHUMBALI,MoRTH,N24001031,MAHARASHTRA,1/2017,8/2019,-,228.54,-,161.24,2/4
2023-01,CONSTRUCTION OF SIX LANE ELEVATED CORRIDOR FROM KM.7.950 (UPPAL) TO KM.14.200 OF NH-163 TO DE-CONGES,MoRTH,N24000994,TELANGANA,3/2018,7/2020,5/2023,626.76,-,237.29,0/0
2023-01,JALGAON TO NANDURA,MoRTH,N24001088,MAHARASHTRA,3/2018,12/2019,-,177.84,177.00,110.20,0/0
2023-01,MANTHA TALUKAS BORDER TO PARTUR,MoRTH,N24001033,MAHARASHTRA,1/2017,7/2019,-,486.19,-,315.19,2/4
2023-01,PANDHARPUR TO SANGOLA,MoRTH,N24001102,MAHARASHTRA,7/2017,7/2019,-,218.38,-,175.69,0/4
2023-01,RECONSTRUCTION WITH GEOMETRIC IMPROVEMENT OF EXISTING 2 LANE/INTERMEDIATE LANE TO 2LANE WITH PAVED S,MoRTH,N24000775,UTTARAKHAND,6/2017,6/2019,3/2023,282.08,-,206.46,0/0
2023-01,CONSTRUCTION OF ROB WITH APPROACHES IN LIEU OF L C NO 165 OF AHMEDABAD PALANPUR BETWEEN RAILWAY STAT,MoRTH,N24001427,GUJARAT,6/2020,4/2023,4/2023,166.21,-,75.85,3/4
2023-01,JINTUR TO PARBHANI,MoRTH,N24001039,MAHARASHTRA,1/2017,/,-,356.66,-,194.12,0/4
2023-01,REHABILITATION AND UPGRADATION OF NH219(NEW NH42) FROM KM 244.930 TO 299.775 (MADANAPALLI PUNGANURU,MoRTH,N24000929,ANDHRA PRADESH,9/2016,2/2017,-,372.68,-,274.75,4/4
2023-01,"WIDENING AND STRENGTHENING FROM KM.15.000 TO KM, 58.600 (BHADEWARA -DRAMANDGANJ SECTION) OF NATIONAL",MoRTH,N24001478,UTTAR PRADESH,12/2021,5/2024,-,257.97,-,25.79,0/0
2023-01,REHABILITATION AND UPGRADING TO 2 LANES/2 LANE WITH PAVED SHOULDERS CONFIGURATION OF BIRPUR - BIHPUR,MoRTH,N24000382,BIHAR,1/1991,/,6/2023,675.00,780.77,427.85,0/0
2023-01,"ENGINEERING, PROCUREMENT, AND CONSTRUCTION OF REHABILITATION AND UPGRADING TO 2-LANES/2 -LANE WITH P",MoRTH,N24000576,BIHAR,2/2016,5/2016,2/2023,178.85,225.06,227.48,0/0
2023-01,REHABILITATION AND UPGRADATION OF NH 43 KANKER TO BEDMA SECTION KM. 130 TO 180,MoRTH,N24001217,CHHATISGARH,1/2016,8/2016,-,497.14,-,293.97,0/0
2023-01,CONSTRUCTION OF 2 LANE WITH PAVED SHOULDER FROM KM. 168 TO 183.783 (YESEMYONG TO UNGER) ON MOKOKCHUN,MoRTH,N24001179,NAGALAND,3/2017,11/2020,2/2023,217.35,-,181.04,0/0
2023-01,"REHABILIATION OF 4-LANE 5.575 KM LONG,4-LANE MG SETU OVER GANGA RIVER ON NH-19 FROM KM 212.72 TO KM",MoRTH,N24000610,BIHAR,8/2016,12/2016,6/2022,"1,742.01",-,"1,868.95",0/0
2023-01,FOUR LANING OF GAYA-HISUA- RAJGIRI-NALANDA-BIHARSHARIF SECTION (KM0.00 TO 92.935) ON NH-,,,,1/2014,10/2016,-,"1,408.85","2,138.16","1,445.73",0/0
2023-01,RECONSTRUCTION WITH GEOMETRIC IMPROVMENT OF EXISTING INTERMEDIATE LANE TO 2 LANE WITH PAVED SHOULDER,MoRTH,N24001130,UTTARAKHAND,8/2016,12/2017,3/2023,234.88,-,174.51,0/0
2023-01,ESTIMATE FOR WIDENING TWO LANE TO FOUR LANE FROM FROM KM.129.00 TO 144.00 OF NH-63 ANKOLA-GOOTY SECT,MoRTH,N24001168,KARNATAKA,5/2018,5/2018,-,171.60,-,116.73,0/0
2023-01,WIDENING OF EXISTING SINGLE/INTERMEDIATE LANE ROAD TO 2 LANE ROAD FROM KM. 83.00 TO KM 101.00 ON NH-,MoRTH,N24001180,NAGALAND,3/2019,12/2022,-,237.51,-,182.52,0/0
2023-01,GOHARGANJ TO BHOPAL SECTION OF NH-12 IN MADHYA PRADESH KM 43 TO 93,MoRTH,N24000478,MADHYA PRADESH,12/2015,2/2020,8/2021,957.54,-,784.39,0/0
2023-01,REHABILITATION AND UPGRADING TO 2 LANE WITH PAVED SHOULDER CONFIGURATION AND STRENGTHENING OF NAUPAR,MoRTH,N24000645,ODISHA,8/2013,6/2016,9/2022,171.96,172.00,108.00,0/0
2023-01,WIDENING TO TWO LANE WITH PAVED SHOULDER FROM KM 194.900 TO KM 243.200 OF NH-234 BANAVARA-HULIYAR,MoRTH,N24001160,KARNATAKA,9/2017,10/2018,-,191.60,-,111.94,0/0
2023-01,MEHKAR TO AJISPUR,MoRTH,N24001048,MAHARASHTRA,1/2017,7/2019,-,232.77,-,151.60,0/0
2023-01,REHABILITATION AND UPGRADATION OF NH-167 FROM DESIGN KM.187.723 TO 234.434 (MIRYALAGUDA TO KODAD SEC,MoRTH,N24000993,TELANGANA,3/2018,9/2020,6/2022,322.81,-,301.31,0/0
2023-01,WARDHA TO HINGAGHAT,MoRTH,N24001098,MAHARASHTRA,1/2018,12/2019,-,216.90,217.00,164.00,1/4
2023-01,PALPHATA TO PHULAMBARI,MoRTH,N24001060,MAHARASHTRA,3/2018,12/2019,-,227.19,227.00,141.92,0/4
2023-01,CONSTRUCTION OF 1 ROB CUM FLYOVER FROM KM 136.200 TO 137.800 AND 2 FLYOVERS,MoRTH,N24001459,UTTAR PRADESH,1/2022,4/2024,-,297.06,-,94.93,0/0
2023-01,KARAD TO VITA,MoRTH,N24001049,MAHARASHTRA,1/2018,12/2019,-,344.85,245.00,273.00,0/4
2023-01,KHAMGAON TO SHEGAON,MoRTH,N24001009,MAHARASHTRA,2/2017,5/2019,-,203.21,203.00,163.81,0/0
2023-01,MOPA AIRPORT,MoRTH,N24001458,GOA,12/2021,4/2022,-,"1,183.16",-,239.67,0/0
2023-01,VADPALE TO BHOGAN KHURD,,,,1/2017,11/2019,-,"1,598.47",-,"1,262.55",1/4
2023-01,KHAMGAON TO DEULGAON SAKARSHA,MoRTH,N24001074,MAHARASHTRA,3/2018,12/2019,-,249.29,-,146.41,0/0
2023-01,WIDENING TO 2-LANE WIH PAVED SHOULDER FROM KM. 544.20 TO 594.00 (HOSAMANE CROSS TO PANDAVAPURA) SECT,MoRTH,N24001387,KARNATAKA,1/2017,9/2017,-,264.34,-,190.61,0/0
2023-01,PANCHARAL TO MANDANGHAR,MoRTH,N24001107,MAHARASHTRA,7/2018,5/2020,-,381.08,302.00,21.02,0/4
2023-01,REPANPALLI TO SIRONCHA,MoRTH,N24001468,MAHARASHTRA,3/2022,6/2022,-,282.07,-,20.00,0/0
2023-01,REHABILITATION AND UPGRADATION TO 2-LANE CONFIGURATION OF ASHYARI-SHRI KYARI SECTION (KM 50.000 TO K,MoRTH,N24001422,HIMACHAL PRADESH,2/2021,9/2021,-,345.89,-,128.37,0/0
2023-01,WIDENING TO 2 LANE WITH PAVED SHOULDERS AND GEOMETRIC IMPROVEMENT OF NH-114A FROM KM 141 TO KM 184 I,MoRTH,N24001216,JHARKHAND,12/2016,9/2021,-,196.00,-,150.41,3/4
2023-01,4L+PS OF NH -58 FROM BEAWAR- GOMTI (OLD CH KM 58.245 TO KM. 108.600) PKG-I.,MoRTH,N24001411,RAJASTHAN,12/2020,10/2021,-,379.23,-,79.00,0/0
2023-01,REHABILITATION AND UPGRADATION OF MACHILIPATNAM TO AVANIGADDA SECTION FROM KM84/550 - 124/200 OF NH2,MoRTH,N24000968,ANDHRA PRADESH,11/2016,8/2017,-,376.25,-,392.30,3/4
2023-01,FOUR LANING OF 5.122 KM OF NH9(NEW NH 65) FROM KM 269.900(DESIGN CH0.0) TO KM 275/622(DESIGN CH 5.12,MoRTH,N24000928,ANDHRA PRADESH,10/2015,12/2015,-,333.21,-,342.71,3/3
2023-01,WIDENING TO 2-LANE WITH PAVED SHOULDER IN/C GEOMETRIC IMPROVEMENT FROM KM 397.00 TO KM 422.00 ( 25 K,MoRTH,N24001307,TRIPURA,1/2017,12/2022,-,197.67,-,164.70,0/0
2023-01,REHABILITATION AND UPGRADATION OF NH 78 FROM KM 469.000 TO 531.000 PATTHALGAON TO KUNKURI,MoRTH,N24001222,CHHATISGARH,3/2016,7/2016,-,452.94,-,146.09,0/0
2023-01,CONSTRUCTION OF 2-LANE MAJOR BRIDGE INCLUDING APPROACHESOVER BRAHMAPUTRA BETWEEN MAJULI ON NORTH BAN,MoRTH,N24001408,ASSAM,2/2021,7/2025,-,925.47,-,8.97,0/0
2023-01,4L+PS OF NH -58 FROM BEAWAR- GOMTI (OLD CH KM 108.600 TO KM 144 KM 158.419 TO KM 173.300 PKG- II. -,,,,12/2020,10/2021,-,339.65,-,108.04,0/0
2023-01,UPGRADATION AND WIDENING OF BILASPUR TO MUNGELI SECTION NH-130A,MoRTH,N24001228,CHHATISGARH,11/2017,5/2019,-,188.80,-,128.76,0/0
2023-01,REHABILITATION AND UPGRADATION OF NEW NH-544E FROM KM. 0.000 TO KM 56.803 OF KODIKONDA - MADAKASIRA,MoRTH,N24000939,ANDHRA PRADESH,3/2018,11/2018,-,504.19,504.00,515.39,4/4
2023-01,MALEWADA TO CHIMUR,MoRTH,N24001104,MAHARASHTRA,10/2016,6/2019,-,322.55,-,213.50,2/4
2023-01,TALGAON TO KALMATH,MoRTH,N24001136,MAHARASHTRA,10/2016,3/2020,-,904.70,"1,428.09",969.90,2/4
2023-01,CONSTRUCTION OF TIMMAPURAM TO GURJANAPALLE SECTION FROM KM 26.150 TO 41.161 OF NH- 214(NH216)(KAKINAD,MoRTH,N24000964,ANDHRA PRADESH,8/2016,1/2017,12/2022,350.61,-,336.69,3/4
2023-01,"ENGINEERING, PROCUREMENT, AND CONSTRUCTION OF REHABILITATION AND UPGRADING TO 2-LANES/2 -LANE WITH P",MoRTH,N24000578,BIHAR,2/2016,5/2016,3/2022,553.30,587.41,556.97,0/0
2023-01,REHABILITATION AND UPGRADATION OF KALUPUR-LALTA FROM KM 285.00 TO KM 326.00 OF NH-76 TO 2-LANE WITH,MoRTH,N24001141,UTTAR PRADESH,3/2016,1/2020,-,240.30,240.00,200.00,0/0
2023-01,WADIGODRI TO DHANGRIPIMPRI,MoRTH,N24001063,MAHARASHTRA,3/2018,2/2020,-,194.23,194.00,134.91,0/4
2023-01,PEN TO KHOPOLI,MoRTH,N24001106,MAHARASHTRA,3/2018,3/2018,-,301.39,302.00,152.00,0/4
2023-01,KALMATH TO ZARAP,MoRTH,N24001137,MAHARASHTRA,9/2016,3/2020,-,"1,338.13","2,617.44","1,346.39",3/5
2023-01,NALDURG TO AKKALKOT,MoRTH,N24001051,MAHARASHTRA,2/2018,12/2019,-,274.50,275.00,143.39,0/4
2023-01,BODHWAD TO STATE BORDER,MoRTH,N24001086,MAHARASHTRA,1/2017,7/2019,-,178.26,-,159.96,0/4
2023-01,"WIDENING TO 2 LANE, RE- ALIGNMENT AND GEOMETRIC IMPROVEMENT FROM KM 11/00 TO KM 114/618 OF NH-44A IN",MoRTH,N24000306,MIZORAM,11/2010,3/2011,6/2023,624.41,"1,109.88","1,021.46",0/0
2023-01,CONSTRUCTION OF A NEW 4 LANE MAJOR BRIDGE ACROSS RIVER KOSI AT PHULAUT INCLUDING RHABILITATION AND,MoRTH,N24000943,BIHAR,9/2018,/,-,"1,478.40",-,264.81,0/0
2023-01,CONSTRUCTION OF KUND BYPASS FROM EXISTING KM 33+130 TO KM,,,,5/2018,5/2020,12/2023,248.00,-,111.85,0/0
2023-01,CONSTRUCTION OF 2-LANE WITH PAVED SHOULDER OF FLEXIBLE PAVEMENT FROM KM 42.80 TO KM 60.30 ON NH NO.1,MoRTH,N24001182,MIZORAM,1/2017,1/2021,-,205.95,-,176.22,0/0
2023-01,MHASWAD TO TEMBHURNI,MoRTH,N24001099,MAHARASHTRA,1/2017,7/2019,-,488.60,-,240.92,0/4
2023-01,SHIVUR TO YEOLA,MoRTH,N24001059,MAHARASHTRA,3/2018,12/2019,-,181.08,-,97.86,0/4
2023-01,CONSTRUCTION OF 2 LANE ROAD OF POTIN TO PANGIN SECTION OF NH 13 FROM KM 117.56 TO KM 163.59 (PACKAGE,MoRTH,N24001292,ARUNACHAL PRADESH,3/2019,3/2027,-,543.05,-,294.70,0/0
2023-01,CHIMUR TO WARORA,MoRTH,N24001105,MAHARASHTRA,11/2016,3/2019,-,467.70,-,235.04,0/4
2023-01,JAHIRABAD TO LATUR,MoRTH,N24001040,MAHARASHTRA,1/2017,11/2019,-,461.96,-,329.59,2/4
2023-01,REHABILITATION AND UPGRADATION OF NH565 FROM EXISTING KM 361.330(DORNALA T JUNCTION) TO KM 420.800(P,MoRTH,N24000963,ANDHRA PRADESH,1/2018,8/2018,-,418.03,-,363.95,4/4
2023-01,REHABILITATION AND UPGRADATION OF NEW NH-544DD FROM DESIGN CHAINAGE KM 56.00 TO 102.20 OF KALYANDURG,MoRTH,N24000937,ANDHRA PRADESH,3/2018,8/2018,-,289.67,290.00,247.07,3/4
2023-01,PATRADEVI TO KARASWADA 4L,MoRTH,N24001004,GOA,3/2017,5/2020,-,634.32,-,377.11,1/4
2023-01,SELDOH TO PANVAR,MoRTH,N24001097,MAHARASHTRA,7/2018,5/2020,-,404.33,404.00,123.35,0/4
2023-01,WIDENING EXISTING 2 LANE TO 4 LANE WITH PAVED SHOULDER INCLUDING STRENGTHENING CARRIAGEWAY FROM KM 8,MoRTH,N24001380,TAMIL NADU,8/2020,2/2021,-,302.62,-,228.64,2/4
2023-01,CONSTRUCTION OF 2 LANE ROAD OF POTIN TO PANGIN SECTION OF NH 13 FROM KM 314.25 TO KM 351.383 (PACKAG,MoRTH,N24001296,ARUNACHAL PRADESH,3/2019,3/2027,-,394.27,-,257.51,0/0
2023-01,WIDENING TO 2LPS FROM 0/0 TO 119/0 OF NH-157 IN THE STATE OF ODISHA.,MoRTH,N24000912,ODISHA,8/2016,2/2017,3/2023,287.70,-,227.43,0/0
2023-01,44 LANE DIVIDED CARRIAGEWAY OF BARMER BYPASS OF NH-15 (NEW,,,,12/2021,8/2024,-,451.66,-,0.00,0/0
2023-01,TAKARKHED TO JALNA,MoRTH,N24001085,MAHARASHTRA,9/2017,6/2019,-,417.90,418.00,282.61,0/4
2023-01,4-LANNING OF NH17 AND NEW NO. NH66 FROM KM 161/600 TO 205/400 UNDER HYBRID ANNUITY MODE,MoRTH,N24000584,MAHARASHTRA,3/2016,/,-,"1,142.62","1,907.03",978.04,0/0
2023-01,CONSTRUCTION OF A NEW 2-LANE HIGHWAY FROM KM 38/00 TO 71/00 IN MIZORAM TO SUPPORT KALADAN MULTI MOD,MoRTH,N24001181,MIZORAM,8/2010,9/2014,11/2022,186.96,-,312.50,0/0
2023-01,REHABILITATION AND UPGRADATION OF DHINDI- DIGAMARRU SECTION FROM KM126/510 TO KM135/740 OF NH214(NH21,MoRTH,N24000965,ANDHRA PRADESH,1/2016,5/2016,7/2022,386.09,316.06,234.66,3/4
2023-01,CONSTRUCTION OF MAJOR BRIDGE ACROSS SHARAVATHI BACKWATERS AND APPROCHES BETWEEN AMBARGODU AND KALASA,MoRTH,N24001388,KARNATAKA,3/2019,12/2019,-,423.15,-,255.58,0/0
2023-01,CHALISGAON TO NANDGAON,MoRTH,N24001108,MAHARASHTRA,3/2018,12/2019,-,206.97,207.00,145.87,0/4
2023-01,FARDAPUR TO JALGAON,MoRTH,N24001126,MAHARASHTRA,2/2017,6/2019,-,456.45,-,427.43,0/4
2023-01,REHABILITATION AND UPGRADATION OF END OF AHMEDNAGAR BYPASS TO KHARWANDI KASAR SECTION OF NH-222 FROM,MoRTH,N24000332,MAHARASHTRA,1/2015,/,-,225.81,-,114.55,0/0
2023-01,"ENGINEERING, PROCUREMENT, AND CONSTRUCTION OF REHABILITATION AND UPGRADING TO 2-LANES/2 -LANE WITH P",MoRTH,N24000574,BIHAR,11/2013,7/2016,6/2022,683.83,828.45,754.06,0/0
2023-01,REHABILITATION AND UPGRADATION OF NONGSTOIN TO WAHKAJI SECTION OF PROJECT ROAD KM 0.000 TO KM 43.06,MoRTH,N24001441,MEGHALAYA,8/2020,2/2022,-,302.88,-,29.68,0/0
2023-01,ARDHAPUR TO HIMAYATNAGAR,MoRTH,N24001079,MAHARASHTRA,12/2017,6/2020,-,426.06,426.00,260.06,1/4
2023-01,WIDENING FROM TWO LANE TO TWO LANE WITH PAVED SHOULDER FROM KM 34/000 TO 49/000 AND TWO LANE TO FOUR,MoRTH,N24001454,TAMIL NADU,2/2022,8/2022,-,184.15,-,26.81,0/4
2023-01,6 LANING FROM KM 9.90 TO KM 19.948 (ARAMGARH-SAMSHABAD SECTION) OF HYDERABAD- SAMSHABAD SECTION OF NH -,,,,1/2018,5/2020,12/2022,283.15,-,233.66,0/0
2023-01,WIDNG WITH PS AND STRNG FROM KM.0.00 TO 50.675 OF NH-730A EPC MODE,MoRTH,N24000511,UTTAR PRADESH,5/2013,8/2015,-,164.54,-,141.33,0/0
2023-01,WIDENING AND STRENGTHENING FROM KM 0.00 TO KM 15.089 OF NH- 334A (PURKAJI-LAKSAR-HARIDWAR ROAD) TO TW,MoRTH,N24001480,UTTAR PRADESH,10/2021,4/2024,-,227.06,-,10.58,0/0
2023-01,REHABILITAITON AND UPGRADATION OF REPALLE TO EEPPURPALEM SECTION FROM KM 128/927 TO KM 195/000 OF NH,MoRTH,N24000970,ANDHRA PRADESH,1/2017,1/2018,-,576.48,-,561.79,3/4
2023-01,BAMNI TO NAVAEGAON,MoRTH,N24001110,MAHARASHTRA,9/2017,4/2020,-,241.69,242.00,172.01,1/4
2023-01,RECONSTRUCTION WITH GEOMETRIC IMPROVEMENT OF EXISTING 2 LANE/INTERMEDIATE LANE TO 2LANE WITH PAVED S,MoRTH,N24000821,A & N ISLANDS,11/2017,11/2019,-,257.34,-,214.90,0/0
2023-01,NAIGAONBANDI TO MANGRULPIR,MoRTH,N24001094,MAHARASHTRA,12/2017,3/2019,-,244.04,244.00,177.32,0/0
2023-01,WIDENING TO TWO LANE WITH PAVED SHOULDERS FROM KM 59.500 TO KM 132.033 OF MANNEGUDA-RAVULAPALLY SECT,MoRTH,N24000985,TELANGANA,1/2017,5/2019,10/2020,359.27,-,313.89,0/0
2023-01,MANGAWA-MP/UP BORDER SECTION OF NH-27 (4L) IN MP,MoRTH,N24000412,MADHYA PRADESH,1/2012,4/2015,-,410.72,-,392.45,0/0
2023-01,CONSTRUCTION OF A NEW 2-LANE HIGHWAY FROM KM 71/00 TO 99/83 IN MIZORAM TO SUPPORT KALADAN MULTI MOD,MoRTH,N24000308,MIZORAM,8/2010,10/2010,12/2022,193.69,374.59,364.32,0/0
2023-01,AKOLA TO AKOT,MoRTH,N24001003,MAHARASHTRA,1/2017,6/2019,-,313.95,-,270.26,0/4
2023-01,CONSTRUCTION OF 2 LANE ROAD OF POTIN TO PANGIN SECTION OF NH 13 FROM KM 44.35 TO KM 77.95 (PACKAGE 2,MoRTH,N24001290,ARUNACHAL PRADESH,3/2019,3/2027,-,342.55,-,334.26,0/0
2023-01,CHIKLI TO TAKARKHED,MoRTH,N24001083,MAHARASHTRA,3/2018,12/2019,-,393.10,393.00,255.24,2/4
2023-01,KARAD TO TAGAON,MoRTH,N24001053,MAHARASHTRA,1/2017,6/2019,-,537.81,538.00,241.00,0/4
2023-01,PROJECTS- REHABILITATION AND UPGRADATION OF NH-731A FROM KM 0.00 TO KM.35.00 -,,,,3/2021,8/2023,-,264.86,-,10.14,0/0
2023-01,PARSHURAM GHAT TO ARAWALI,MoRTH,N24001133,MAHARASHTRA,4/2016,12/2019,-,983.14,"2,226.11",841.00,1/4
2023-01,REHABILITATION AND UPGRADATION OF EXISTING PAVEMENT TO FOUR LANE WITH PAVED SHOULDER FROM KM 135.230,MoRTH,N24001210,UTTAR PRADESH,3/2018,6/2021,-,306.59,-,227.35,0/0
2023-01,CONSTRUCTION OF MISSING LINKS (SINGLE LANE) IN LAKHPAT GADULI HAJIPIR ODMA KHAVDA DHOLAVIRA MAUVANA,MoRTH,N24000925,GUJARAT,10/2018,5/2019,6/2023,400.76,394.44,239.45,2/4
2023-01,WIDENING AND STRENGTHENING OF EXISTING CARRIAGEWAY IN 2 LANE WITH PAVED SHOULDERS FROM KM.25/0 TO 59,MoRTH,N24000989,TELANGANA,2/2018,6/2020,1/2021,206.13,-,186.27,0/0
2023-01,REHABILITATION AND UPGRADING TO 2 LANES/2 LANE WITH PAVED SHOULDERS (KM 40 TO KM 219.945) OF NH-104,MoRTH,N24000531,BIHAR,1/1991,/,2/2023,319.68,404.10,401.17,0/0
2023-01,WASHIM TO DASTAPUR,MoRTH,N24001068,MAHARASHTRA,3/2018,12/2019,-,165.51,-,133.93,1/4
2023-01,"STRENGTHENING WITH PAVED SHOULDER FROM KM 30/0 TO KM 46/0, KM 54/0 TO KM 61/0, KM 69/0 TO KM 80/0 AN",MoRTH,N24001152,ASSAM,9/2018,9/2021,2/2022,160.00,-,139.02,0/0
2023-01,KAIJ TO KUSALAM,MoRTH,N24001037,MAHARASHTRA,1/2017,7/2019,-,554.78,-,345.00,2/4
2023-01,INDAPUR TO VADPALE,MoRTH,N24001114,MAHARASHTRA,1/2017,12/2019,-,"1,202.52","1,203.00",953.80,1/4
2023-01,WIDENING AND STRENGTHENING TO TWO LANE WITH PAVED SHOULDERS FROM KM 491/000 TO KM 525/200 OF RAIPUR,MoRTH,N24001385,ANDHRA PRADESH,6/2020,5/2021,-,221.40,-,139.74,2/4
2023-01,KOLDE TO KHETIYA,MoRTH,N24001090,MAHARASHTRA,1/2017,7/2019,-,509.18,-,283.13,0/4
2023-01,KALMAB TO RALEGAON,MoRTH,N24001044,MAHARASHTRA,1/2017,6/2019,-,467.78,-,467.78,0/4
2023-01,LATUR TO PANGAON,MoRTH,N24001066,MAHARASHTRA,3/2018,12/2019,-,336.47,336.00,203.39,0/4
2023-01,WIDENING TO 2 LANE AND IMPROVEMENT VIJAYWADA RANCI ROUTE FROM KM 377-700 TO 471- 900 (BERHMAPUR-TAPTA,MoRTH,N24000527,ODISHA,12/2011,8/2015,3/2021,191.08,-,182.41,0/0
2023-01,BALANCE WORK 2-LANING OF,,,,2/2021,3/2024,-,588.09,-,180.66,0/0
2023-01,MANGRUPHIR TO MAHAN,MoRTH,N24001087,MAHARASHTRA,3/2018,11/2019,-,222.13,222.00,156.87,0/4
2023-01,NASRATPUR TO BARASGAON,MoRTH,N24001112,MAHARASHTRA,7/2016,9/2019,-,406.54,407.00,195.23,2/4
2023-01,REHABILITATION AND UPGRADATION OF KARNATATKA/AP BORDER-GOOTY SECTION FROM KM 368.920 TO KM 424.225 O,MoRTH,N24000940,ANDHRA PRADESH,3/2016,5/2016,-,995.09,995.00,643.54,3/4
2023-01,DASTAPUR TO KARANJA,MoRTH,N24001070,MAHARASHTRA,3/2018,12/2019,-,182.63,-,137.99,2/4
2023-01,ARNI TO NAIGAINBANDI,MoRTH,N24001093,MAHARASHTRA,12/2017,12/2019,-,309.94,310.00,207.17,0/0
2023-01,UPGRADATION OF DABOH-UP BORDER ROAD TO 2L + PS,MoRTH,N24000891,MADHYA PRADESH,3/2018,3/2018,10/2021,233.04,-,187.88,0/0
2023-01,AHMADPUR TO PIMPLA,MoRTH,N24001029,MAHARASHTRA,1/2017,8/2019,-,422.38,-,253.00,2/4
2023-01,PUNE TO MALE VILLAGE,MoRTH,N24001078,MAHARASHTRA,3/2018,12/2019,-,228.31,-,100.97,0/0
2023-01,CONSTRUCTION OF 2 LANE ROAD OF POTIN TO PANGIN SECTION OF NH 13 FROM KM 163.59 TO KM 206.66 (PACKAGE,MoRTH,N24001297,ARUNACHAL PRADESH,3/2019,3/2027,-,450.65,-,201.96,0/0
2023-01,CONSTRUCTION OF 2 LANE ROAD OF POTIN TO PANGIN SECTION OF NH 13 FROM KM 247.05 TO KM 284.92 (PACKAGE,MoRTH,N24001294,ARUNACHAL PRADESH,3/2019,3/2027,-,560.39,-,393.05,0/0
2023-01,WIDENING OF EXISTING ROAD TO 2 LANE NH STANDARDS ALONG WITH IMPROVEMENT AND REALIGNMENT FROM NECHIPU,MoRTH,N24001194,ARUNACHAL PRADESH,9/2011,/,12/2021,"1,979.00",-,"1,251.08",0/0
2023-01,REHABILITATION AND UPGRADATION OF BARELI TO GOHARGANJ SECTION OF NH-12 FROM EXISTING KM 193/0 TO KM,MoRTH,N24000899,MADHYA PRADESH,3/2016,6/2019,4/2021,877.79,-,807.22,0/0
2023-01,MORSHI TO ACHALPUR,MoRTH,N24001015,MAHARASHTRA,1/2017,6/2019,-,341.16,341.00,247.86,0/0
2023-01,UPGRADATION OF ADHALGAON-,,,,11/2021,2/2022,-,223.35,-,92.87,0/0
2023-01,NANDED TO JALKOT,MoRTH,N24001069,MAHARASHTRA,12/2017,9/2019,-,456.93,457.00,456.93,1/4
2023-01,OSMANNAGAR TO KUNDRAL,MoRTH,N24001075,MAHARASHTRA,9/2017,8/2020,-,344.25,344.00,182.24,0/4
2023-01,KARWANDI TO RAJURI,MoRTH,N24001058,MAHARASHTRA,3/2018,12/2019,-,276.95,277.00,160.17,0/4
2023-01,ANJANGAON TO MAH/MP BORDER,MoRTH,N24001007,MADHYA PRADESH,1/2017,6/2019,-,359.00,359.00,326.56,0/4
2023-01,KOTHARI TO DHANORA,MoRTH,N24001073,MAHARASHTRA,9/2018,8/2020,-,301.38,301.00,195.29,0/0
2023-01,WIDENING TO 2-LANE WITH PAVED SHOULDERS FROM KM 119/017 TO KM 161/300 ON NH 85 (OLD NH 49),MoRTH,N24001370,KERALA,2/2017,9/2017,1/2022,380.76,372.87,312.93,0/0
2023-01,AURANGABAD TO SILLOD,MoRTH,N24001124,MAHARASHTRA,2/2017,6/2019,-,456.32,-,341.63,0/4
2023-01,REHABILITATION AND UPGRADATION TO 2 LANE WITH PAVED SHOULDER OF MOGA (DESIGN CH 0.000) TO MAKHU (DES,MoRTH,N24000941,PUNJAB,3/2018,8/2020,-,293.64,-,289.70,0/0
2023-01,CHIKALI TO KHAMGAON,MoRTH,N24001012,MAHARASHTRA,2/2017,6/2019,-,548.03,548.00,406.13,0/4
2023-01,R AND U OF KHUTAR -LAKHIMPUR SECTION (KM 82.00 TO KM140.00) OF NH-730 TO 2L WITH PS,MoRTH,N24000877,UTTAR PRADESH,11/2016,9/2021,-,326.99,327.00,248.59,0/0
2023-01,CONSTRUCTION OF SIGNATURE BRIDGE BETWEEN DWARKA AND BEY DWARKA AND ITS APPROACHES IN THE STATE OF GU,MoRTH,N24000926,GUJARAT,8/2017,3/2018,5/2023,962.43,869.78,683.39,3/4
2023-01,WIDENING TO 2LPS FROM 269/30 TO 328/20 OF NH-49 IN THE STATE OF ODISHA,MoRTH,N24000917,ODISHA,3/2018,8/2018,3/2023,199.16,-,101.34,0/0
2023-01,BHADGAON TO CHALISGAON,MoRTH,N24001047,MAHARASHTRA,1/2018,11/2019,-,259.55,260.00,215.68,0/0
2023-01,BHOGAN KHURD TO KASHEDI,MoRTH,N24001132,MAHARASHTRA,9/2017,6/2021,-,743.21,743.00,514.00,1/4
2023-01,CONSTRUCTION OF 4 LANE ELEVATED VIADUCT AT KM. 7.500 MUNSHI PULIA OF NH-24A,MoRTH,N24001460,UTTAR PRADESH,12/2021,9/2024,-,170.60,-,0.00,0/0
2023-01,REHABILATION AND UPGRADATION OF NH-222(61) FOM KM 342.00 TO,,,,1/2014,/,-,446.77,-,303.72,3/4
2023-01,KUSUMBA TO MALEGAON,MoRTH,N24001109,MAHARASHTRA,3/2018,12/2019,-,243.45,244.00,170.25,0/4
2023-01,REHABILITATION AND UPGRADATION TO 2 LANE WITH PS OF RADHAITA TO PILIBHIT SECTION OF 46.130 KM,MoRTH,N24001456,UTTAR PRADESH,4/2020,2/2024,-,199.39,-,9.54,0/0
2023-01,WIDENING OF PACHPADRA- BAGUNDI SECTION TO 4 LANE FROM KM 73/60 TO 95/70 OF NH-25 ON EPC MODE IN THE,MoRTH,N24001528,RAJASTHAN,1/2022,12/2024,-,194.88,-,0.00,0/0
2023-01,MEHKAR TO CHIKALI,MoRTH,N24001011,MAHARASHTRA,2/2017,5/2019,-,322.48,322.00,230.03,0/4
2023-01,REHABILITATION AND UP GRADATION TO 2 LANE WITH PAVED SHOULDER OF NH-703A FROM MAKHU (DESIGN CH 0 000,MoRTH,N24000910,PUNJAB,3/2018,11/2020,-,170.57,192.48,84.87,0/1
2023-01,REHABILITATION AND UPGRADATION OF NH 216 FROM KM 3.800 TO 90.460 RAIGARH TO SARAIPALLI SECTION,MoRTH,N24001226,CHHATISGARH,12/2014,3/2015,-,496.02,-,240.11,0/0
2023-01,WIDENING TO TWO LANE WITH PAVED SHOULDER FROM KM 4.40 TO KM 56.00 OF NH-218 BIJAPURA- HUBLI SECTION U,MoRTH,N24001172,KARNATAKA,1/2017,8/2017,-,291.49,-,238.77,0/0
2023-01,WIDEINING TO TWO/FOUR LANE WITH PAVED SHOULDERS FROM EXISTING KM 182.120 TO KM 227.600 OF NH-167 ON,MoRTH,N24000980,TELANGANA,10/2016,2/2019,6/2022,298.32,-,168.62,0/0
2023-01,CONSTRUCTION OF 2 LANE ROAD OF POTIN TO PANGIN SECTION OF NH 13 FROM KM 0.00 TO KM 44.35 (PACKAGE 1),MoRTH,N24001289,ARUNACHAL PRADESH,3/2019,3/2027,-,403.68,-,289.36,0/0
2023-01,CONSTRUCTION OF 2 LANE ROAD OF POTIN TO PANGIN SECTION OF NH 13 FROM KM 284.92 TO KM 314.25 (PACKAGE,MoRTH,N24001295,ARUNACHAL PRADESH,3/2019,3/2027,-,347.78,-,276.79,0/0
2023-01,KOLHA TO NASRATPUR,MoRTH,N24001111,MAHARASHTRA,4/2016,4/2019,-,281.78,282.00,73.92,0/4
2023-01,WIDENING AND STRENGTHENING OF EXISTING 2-LANE TO 2-LANE WITH PAVED SHOULDERS FROM KM.159/0 TO 165/4,MoRTH,N24000988,TELANGANA,1/2018,12/2019,11/2020,230.03,-,229.05,0/0
2023-01,REHABILITATION AND UPGRADATION OF NH 78 FROM KM 531.250 TO KM 597.946 KUNKURI TO,,,,3/2017,1/2018,-,423.79,-,321.31,0/0
2023-01,REHABILITATION AND UPGRADATION OF NH 78 FROM KM 373.505 TO 469.300 AMBIKAPUR TO PATHALGAON SECTION,MoRTH,N24001221,CHHATISGARH,1/2016,10/2016,-,624.98,-,486.44,0/0
2023-01,CONSTRUCTION OF 2 LANE ROAD OF POTIN TO PANGIN SECTION OF NH 13 FROM KM 206.66 TO KM 247.05 (PACKAGE,MoRTH,N24001293,ARUNACHAL PRADESH,3/2019,3/2027,-,486.70,-,290.09,0/0
2023-01,REHABILITATION AND UPGRADATION OF 2 LANE WITH PAVED SHOULDER FROM EXISTING KM. 195.175 TO KM. 220.00,MoRTH,N24000782,UTTARAKHAND,3/2018,/,-,460.73,-,0.00,0/0
2023-01,BHANDARA TO GHOTITOK,MoRTH,N24001018,MAHARASHTRA,1/2017,6/2019,-,392.83,393.00,274.75,0/0
2023-01,WIDENING TO EXISTING SINGLE LANE /INTERMEDIATE LANE TO 2 LANE FROM KM185.00 TO KM 220.00 OF NH-61 (N,MoRTH,N24001466,NAGALAND,3/2021,7/2024,-,297.24,-,30.17,0/0
2023-01,REHABILITATION AND UPGRADATION TO 2-LANE WITH PAVED SHOULDER CONFIGURATION OF NANDAKUMAR-CONTAI-CHAN,MoRTH,N24000876,WEST BENGAL,1/2017,9/2019,3/2022,396.86,-,321.50,0/0
2023-01,DIGRAS DARWAH KARANJA,MoRTH,N24001013,MAHARASHTRA,1/2017,6/2019,-,391.06,391.00,256.99,0/0
2023-01,CONSTRUCTION OF 2L+PS FROM PASARLAPUDI-DHINDI (105/700 TO 127.500 OF NH-214) OF NH-216,MoRTH,N24000969,ANDHRA PRADESH,1/2017,9/2017,12/2022,263.45,263.45,137.96,1/4
2023-01,CONSTRUCTION OF BYPASS FOR PROVIDING INTER CONNECTIVITY AMONG (NHS) AROUND THE PRATAPGARH CITY (PRAT,MoRTH,N24001423,UTTAR PRADESH,4/2021,9/2023,-,309.48,-,40.51,0/0
2023-01,UPGRADATION OF MAKSUDANGARH-SIRONJ ROAD TO 2L + PS,MoRTH,N24000894,MADHYA PRADESH,2/2018,3/2018,11/2021,279.44,-,234.24,0/0
2023-01,REHABILITATION AND UPGRADATION OF EXISTING PAVEMENT TO 2 LANE WITH PS FROM KM 537.000 TO KM 564.750,MoRTH,N24001206,UTTAR PRADESH,3/2018,4/2020,-,263.89,273.70,196.77,0/0
2023-01,PARTUR TO MAJALGAON,MoRTH,N24001034,MAHARASHTRA,1/2017,7/2019,-,420.57,-,270.28,2/4
2023-01,WIDENING TWO LANE WITH PAVED SHOULDERS FROM FROM KM.56.00 TO 106.00 OF NH-218 (218-KNT-2014-,,,,3/2015,1/2016,3/2023,159.12,-,127.72,0/0
2023-01,CONSTRUCTION OF FOUR-LANE ELEVATED VIADUCT FROM KM.4+634 TO KM.6+345 ON NH-24A INCLUDING RETAINING W,MoRTH,N24001424,UTTAR PRADESH,3/2021,9/2023,-,185.09,-,30.64,0/0
2023-01,REHABILITATION AND UPGRADATION OF NH 111 FROM KM 163.400 TO 215.800 SHIVNAGAR TO AMBIKAPUR SECTION,MoRTH,N24001218,CHHATISGARH,11/2015,6/2017,-,335.32,-,293.88,0/0
2023-01,4-LANING OF ITANAGAR TO BANDARDEWA SECTION OF NH-415 FROM KM 51+700 TO KM 59+199 (PACKAGE-C) ON EPC,MoRTH,N24001374,ARUNACHAL PRADESH,6/2020,3/2027,-,437.60,-,112.46,0/0
2023-01,REHABILITATION AND UPGRADATION OF NH-42 FROM KM 4-350 TO KM 75-600,MoRTH,N24000422,ANDHRA PRADESH,3/2015,9/2015,-,309.01,-,0.00,0/0
2023-01,REHABILITATION AND UPGRADATION OF NH-340 FROM KM 0/0 TO KM 60/380 (DESIGN CH. 0/000 TO 60/025 EXCLUD,MoRTH,N24000932,ANDHRA PRADESH,1/2017,8/2017,-,319.28,-,241.94,4/4
2023-01,REHABILITATION AND UPGRADATION OF NH-167 FROM DESIGN KM.113.900 TO 154.479 (MALLEPALLY - HALIYA SECT,MoRTH,N24000990,TELANGANA,2/2018,11/2019,3/2022,294.13,-,191.99,0/0
2023-01,KARASWADA TO BAMBOLIM,MoRTH,N24001005,GOA,3/2017,12/2019,-,852.67,-,235.49,1/4
2023-01,REHABILITATION AND UPGRADATION TO 2-LANE/2-LANE WITH PAVED SHOULDERS/4-LANE CONFIGURATION OF PAONTA,MoRTH,N24001381,HIMACHAL PRADESH,8/2020,4/2021,-,272.98,-,117.49,0/0
2023-01,WIDENING TO 2 LANE WITH PAVED SHOULDERS FROM KM 34.00 TO 70.900 OF NH-150 UNDER EPC MODE IN THE STAT,MoRTH,N24001165,KARNATAKA,11/2016,3/2017,-,314.90,-,233.43,0/0
2023-01,CONSTRUCTION TO TWO LANE WITH PAVED SHOULDERS WITH FLEXIBLE PAVEMENT ON KHALGHAT TO SARWARDEWLA ROAD,MoRTH,N24001198,MADHYA PRADESH,1/2019,3/2021,11/2021,264.50,-,215.21,0/0
2023-01,IMPROVEMENT AND RECONSTRUCTION TO TWO LANE WITH PAVED SHOULDERS FROM KM 489.845 (NEW KM.58.125) AN,MoRTH,N24001162,KARNATAKA,3/2018,10/2018,-,325.86,-,356.74,0/0
2023-01,AMDI TO SAONER,MoRTH,N24001021,MAHARASHTRA,1/2017,6/2019,-,396.91,397.00,289.79,3/4
2023-01,JALKOT TO TOGRI,MoRTH,N24001071,MAHARASHTRA,7/2018,8/2020,-,299.92,300.00,186.89,0/4
2023-01,DEVELOPMENT OF CHILODA GANDHINAGAR SARKHEJ OF NH 147 OLD NH 8C FROM KM 0/0 TO KM 44/042 IN THE STATE,MoRTH,N24000922,GUJARAT,12/2017,11/2018,3/2023,867.97,913.49,724.93,3/4
2023-01,IMPROVEMENTS AND RECONSTRUCTION TO TWO LANE WITH PAVED SHOULDERS FROM KM 243.20 TO KM 290.20 OF NH,MoRTH,N24001157,KARNATAKA,8/2016,2/2017,-,175.50,-,177.41,0/0
2023-01,WIDENING TO 4/6 LANES OF EXISTING NH-17 FROM KM 531/934 (AFTER ZUARI BR.) TO KM 536/250 JN. WITH VER,MoRTH,N24000514,GOA,12/2015,/,-,773.98,-,417.18,0/0
2023-01,WAKED TO TALEGAON,MoRTH,N24001135,MAHARASHTRA,2/2016,2/2019,-,"1,244.75","1,245.00",911.66,0/0
2023-01,JALANDHAR-HOSHIARPUR SECTION OF NH-70,FROM EXISTING KM 11.400 TO KM 49.200 - [N24000909],NEW NH NO. 3,MoRTH,10/2017,10/2019,-,"1,069.59",-,739.08,0/1
2023-01,DEULGAON SAKARSHA TO MEHKAR,MoRTH,N24001076,MAHARASHTRA,3/2018,12/2019,-,219.91,-,146.73,0/0
2023-01,EPC- CORRIDOR APPROACH WORKS - NH (O): WIDENING EXISTING 2 LANE TO 2 LANE WITH PAVED SHOULDERS IN KM,MoRTH,N24000248,TELANGANA,3/2015,1/2017,-,153.21,-,100.96,0/0
2023-01,CONST. OF MISSING LINK BETWEEN KM. 11/680 TO KM. 14/020 AND WIDENING OF EXISTING TWO LANE ROAD,MoRTH,N24000258,GOA,3/2015,/,-,184.05,-,118.37,2/4
2023-01,REHABILATION AND UPGRADATION TO 2 LANE WITH PAVED SHPULDERS CONFIGURATION OF BEAWAR- ASIND SECTION (K,MoRTH,N24001242,RAJASTHAN,8/2020,11/2020,-,196.23,-,115.00,2/4
2023-01,WIDENING TO TWO LANE WITH PAVED SHOULDERS FROM KM 67.00 TO 114.425 OF KALWAKURTHY- MALLEPALLY SECTION,MoRTH,N24000986,TELANGANA,1/2017,5/2019,7/2021,300.00,-,220.54,0/0
2023-01,REHABILITATION AND UPGRADATION TO 2-LANE CONFIGURATION OF HEWNA- ASHYARI SECTION (KM 25.000 TO KM 50.,MoRTH,N24001382,HIMACHAL PRADESH,8/2020,3/2021,-,242.80,-,65.40,0/0
2023-01,R/U TO 2-LANE WITH PS OF BEWAR TO ALLAHGANJ SECTION OF NH- 730C FROM KM.0.00 TO 52.770 UNDER GNHCP,MoRTH,N24001471,UTTAR PRADESH,4/2020,11/2024,-,325.24,-,0.46,0/0
2023-01,BALANCE WORK FOR,,,,3/2020,12/2020,-,166.94,-,103.06,0/0
2023-01,REHABILITATION AND UPGRADATION OF HYDERABAD OUTER RING ROAD TO MEDAK SECTION OF NH-765D FROM EXISTIN,MoRTH,N24000992,TELANGANA,2/2018,4/2020,7/2020,426.52,-,402.36,0/0
2023-01,HELWAK TO KARAD,MoRTH,N24001055,MAHARASHTRA,2/2017,7/2019,-,416.99,-,225.83,0/4
2023-01,MALEGAON TO RISOD,MoRTH,N24001089,MAHARASHTRA,2/2018,12/2019,-,303.24,303.00,199.08,0/4
2023-01,WIDENING AND UPGRADATION TO FOUR LANE CONFIGURATION FROM KM.34.900 (BHADOHI) TO KM.73.134 (JAUNPUR),MoRTH,N24001479,UTTAR PRADESH,3/2021,5/2024,-,395.62,-,0.00,0/0
2023-01,AJANTHA TO BULDHANA,MoRTH,N24001008,A & N ISLANDS,2/2017,7/2019,-,401.00,401.00,260.08,0/4
2023-01,JABALPUR TO HIREN RIVER SECTION OF NH-12 IN MADHYA PRADESH KM 11/400 TO 66/400,MoRTH,N24000475,MADHYA PRADESH,11/2015,1/2020,6/2021,628.45,-,467.04,0/0
2023-01,RECONSTRUCTION WITH GEOMETRIC IMPROVEMENT OF EXISTING 2 LANE/INTERMEDIATE LANE TO 2LANE WITH PAVED S,MoRTH,N24000773,UTTARAKHAND,12/2017,12/2019,3/2023,200.34,-,141.39,0/0
2023-01,KURUDWADI TO PANDHARPUR,MoRTH,N24001101,MAHARASHTRA,1/2017,7/2019,-,307.63,-,202.87,0/4
2023-01,4-LANING OF DERGAON TOWN,NHIDCL,N24001435,ASSAM,3/2020,6/2022,-,287.63,-,359.14,0/4
2023-01,CONSTRUCTION AND UPGRADATION OFEXISTINGROAD TO 2-LANE WITH PAVED SHOULDER INCLUDING GEOMETRIC IMPROV,NHIDCL,N24001261,SIKKIM,8/2020,4/2023,-,311.00,-,115.31,2/4
2023-01,KAILASHAHAR TO KHOWAI PKG-3,NHIDCL,N24001310,TRIPURA,11/2020,7/2022,12/2022,280.91,296.48,166.26,3/4
2023-01,REHABILITATION AND UP GRADATION OF SECTION FROM KM 107.760 TO KM 129.445 (AFTER MIDDLE STRAIT TO HUM,NHIDCL,N24000748,A & N ISLANDS,2/2018,10/2018,-,391.00,-,150.53,2/4
2023-01,JORAM – KOLORIANG ROAD FROM EXISTING KM 50.050 TO KM 70.00 (PKG-3),NHIDCL,N24001390,ARUNACHAL PRADESH,8/2020,4/2022,3/2023,228.71,-,85.33,3/4
2023-01,2 LANE WITH PAVED SHOULDER FROM KM 430.00 TO KM 468.00 OF CHAMOLI TO PAINI UNDER,,,,3/2018,5/2018,11/2020,417.24,-,320.20,3/4
2023-01,DULTE- KWALKULH - CHAMPAI PKG.2,NHIDCL,N24001356,MIZORAM,3/2021,12/2022,7/2023,233.25,-,97.15,2/4
2023-01,MARAM - PEREN PKG-3,NHIDCL,N24001439,MANIPUR,8/2021,5/2023,-,467.41,-,66.34,1/4
2023-01,4 LANING FROM RANGAGARA TO KALIABHOR TINALI FROM KM 297.00 TO KM 315.315 OF NH-37 ON EPC BASIS.,NHIDCL,N24000438,ASSAM,12/2015,12/2018,7/2021,289.99,-,150.88,2/4
2023-01,DEMBUEN - BRUNI,NHIDCL,N24001321,ARUNACHAL PRADESH,12/2020,3/2023,-,606.63,-,219.49,3/4
2023-01,OUR LANNNING OF DOLABARI TO JAMUGURI SECTION FROM KM 17.300 OF NH 37A TO KM 182.00 OF NH52 IN THE ST,NHIDCL,N24001196,ASSAM,3/2017,8/2023,-,"1,049.51",-,197.93,2/4
2023-01,"2 LANE WITH HARD SHOLDER , REHABILITATION AND UP GRADATION OF SECTION FROM KM 242.0 TO KM 298.0 OF N",NHIDCL,N24000745,A & N ISLANDS,3/2017,12/2017,-,409.85,-,124.15,3/4
2023-01,CONSTRUCTION OF 2-LANE WITH PAVED SHOULDER INCLUDING GEOMETRIC IMPROVEMENT FROM KM 0.000 TO KM 16.00,NHIDCL,N24000767,SIKKIM,3/2017,4/2022,5/2022,375.80,-,111.89,2/4
2023-01,IMPHAL - KHONGSANG PKG-2,NHIDCL,N24001353,MANIPUR,3/2021,12/2022,-,195.14,-,34.94,0/4
2023-01,WIDENING AND UP-GRADATION TO 2-LANE WITH PAVED SHOULDER CONFIGURATION AND GEOMETRIC IMPROVEMENTS FRO,NHIDCL,N24000858,MIZORAM,4/2017,9/2019,-,640.07,-,704.20,1/4
2023-01,JORAM – KOLORIANG ROAD FROM EXISTING KM122.600 TO KM138.00 (PKG-7),NHIDCL,N24001393,ARUNACHAL PRADESH,8/2020,4/2022,11/2023,184.88,-,66.55,2/4
2023-01,CONSTRUCTION OF TWO LANE WITH PAVED SHOULDERS OF JORAM KOLORIANG ROAD (NH 713) ON EPC BASIS FROM EXI,NHIDCL,N24000685,ARUNACHAL PRADESH,2/2017,4/2017,3/2023,167.28,229.70,120.76,3/4
2023-01,DABOKA KATHKATI PACKAGE-5,NHIDCL,N24001366,ASSAM,3/2021,1/2023,-,288.85,-,86.96,0/4
2023-01,CONSTRUCTION OF 2-LANING WITH HARD SHOULDERS OF DEMWE- BRAHMAKUND SECTION OF NH-13 FROM CH.0.00 KM TO,NHIDCL,N24001245,ARUNACHAL PRADESH,9/2020,5/2022,10/2022,353.90,-,41.82,1/4
2023-01,RANIKOR-MAHESHKHOLA- BAGHMARA (RMB) PKG-3,,,,3/2021,12/2022,-,260.21,-,104.78,1/4
2023-01,2-LANING OF CHURACHANDPUR TUIVAI SECTION OF NH-102B (PKG- 2A),NHIDCL,N24001270,MANIPUR,3/2020,6/2022,-,292.24,-,98.42,2/4
2023-01,CONSTRUCTION AND UPGRADATION OF EXISTING ROAD TO 2 LANE WITH PAVED SHOULDER FROM KM 368.00 TO KM 399,NHIDCL,N24000741,UTTARAKHAND,3/2018,5/2018,11/2020,274.31,-,222.18,3/4
2023-01,FOUR LANING OF NUMALIGARH TO JORHAT SECTION FROM KM. 402.500 TO KM. 453.000 (DESIGN KM 403.200 TO KM,NHIDCL,N24000305,ASSAM,5/2015,5/2018,-,454.89,814.56,484.15,3/4
2023-01,WIDENING TO 2-LANE WITH GEOMETRIC IMPROVEMENTS OF TURA DALU ROAD UNDER JICA FUNDING FROM KM 85.000 T,NHIDCL,N24000771,MEGHALAYA,4/2017,9/2021,9/2021,553.51,-,261.02,2/4
2023-01,JIA BHARALI BRIDGE ALONG WITH ITS APPROACH ROAD,NHIDCL,N24001328,ASSAM,12/2020,8/2023,-,804.00,-,361.10,2/4
2023-01,CONSTRUCTION OF TWO LANE WITH HARD SHOULDERS OF CHAKABAMA-ZUNHEBOTO ROAD FROM EXISTING KM100.345 TO,NHIDCL,N24000758,NAGALAND,3/2018,9/2018,12/2021,240.64,255.58,148.41,0/4
2023-01,DIBRUGARH-LAHOAL-CHABUA BYPASS PACKAGE-2,NHIDCL,N24001452,ASSAM,4/2022,7/2024,-,170.95,-,0.02,0/4
2023-01,2-LANING OF CHURACHANDPUR TUIVAI SECTION OF NH-102B (PKG- 4A),NHIDCL,N24001272,MANIPUR,3/2020,6/2022,-,167.95,204.12,77.72,2/4
2023-01,CONSTRUCTION OF TWO LANE WITH HARD SHOULDERS OF CHAKABAMA-ZUNHEBOTO ROAD FROM EXISTING KM 52.370 TO,NHIDCL,N24000756,NAGALAND,3/2018,9/2018,-,285.68,-,135.30,2/4
2023-01,KHELLANI-KHANABAL PKG-5,NHIDCL,N24001396,JAMMU AND KASHMIR,7/2021,2/2023,-,497.09,-,52.73,1/4
2023-01,CONSTRUCTION AND UPGRADATION OFEXISTINGROAD TO 2-LANE WITH PAVED SHOULDER INCLUDING GEOMETRIC IMPROV,NHIDCL,N24001262,SIKKIM,7/2020,4/2023,-,345.38,-,223.30,2/4
2023-01,REHABILITATION AND UPGRADATION OF EXISTING ROAD TO 2-LANE WITH PAVED SHOULDER INCLUDING GEOMETRIC IM,NHIDCL,N24001327,SIKKIM,8/2020,5/2022,-,292.80,336.82,61.85,1/4
2023-01,DABOKA KATHKATI PACKAGE-2,NHIDCL,N24001364,ASSAM,3/2021,1/2024,-,335.88,-,168.24,2/4
2023-01,CONSTRUCTION OF TWO LANE WITH HARD SHOULDERS OF CHAKABAMA-ZUNHEBOTO ROAD FROM EXISTING KM 79.040 TO,NHIDCL,N24000757,NAGALAND,3/2018,9/2018,12/2021,315.03,-,170.88,0/4
2023-01,CONSTRUCTION OF 2-LANE ROAD,,,,4/2016,12/2019,-,245.79,-,231.31,4/4
2023-01,MERANGKONG-TAMLU-MON (MTM) PKG-5,NHIDCL,N24001438,NAGALAND,7/2021,12/2023,-,161.73,-,32.41,1/4
2023-01,CONSTRUCTION AND UPGRADATION OF EXISTING ROAD TO 2-LANE WITH PAVED SHOULDER FROM NEW ROLEP BRIDGE AT,NHIDCL,N24001337,SIKKIM,10/2020,11/2023,-,493.42,478.79,25.93,1/4
2023-01,CONSTRUCTION OF TWO LANE WITH HARD SHOULDERS OF MERANGKONG-TAMLU-MON ROAD FROM EXISTING KM 60.345 TO,NHIDCL,N24000765,NAGALAND,3/2018,9/2018,6/2023,323.98,-,70.01,0/4
2023-01,KARGIL-ZANSKR PACKAGE-8,NHIDCL,N24001348,LADAKH,3/2021,1/2023,-,398.37,-,61.66,1/4
2023-01,DULTE- KWALKULH - CHAMPAI PKG.1,NHIDCL,N24001355,MIZORAM,3/2021,12/2022,5/2023,374.39,-,178.49,2/4
2023-01,DIBRUGARH-LAHOAL-CHABUA BYPASS PACKAGE-1,NHIDCL,N24001451,ASSAM,3/2022,7/2024,-,215.27,-,19.05,0/4
2023-01,REHABILITATION AND UP- GRADATION OF ROAD FROM DESIGN KM 11.800 TO KM 25.250 OF KAILASHAHAR-KURTI BRID,NHIDCL,N24001267,TRIPURA,3/2020,7/2022,3/2023,178.43,-,42.31,2/4
2023-01,JORAM – KOLORIANG ROAD FROM EXISTING KM 70.00 TO KM 88.700 (PKG-4),NHIDCL,N24001391,ARUNACHAL PRADESH,8/2020,4/2022,3/2023,294.04,-,121.64,3/4
2023-01,4 LANING FROM KALIABOR TINALI TO DOLABARI SECTION FROM KM 0.0 TO KM 17.3 OF NH 37A INCL. ADDITIONAL,NHIDCL,N24000323,ASSAM,10/2014,11/2018,2/2022,588.95,811.28,569.79,3/4
2023-01,(II) CONSTRUCTION OF DIMAPUR BYPASS (ASSAM PORTION) OF 4/6 LANE PAVEMENT ON EPC BASIS FROM EXISTING,NHIDCL,N24000753,NAGALAND,3/2018,9/2018,6/2023,500.09,583.31,238.19,2/4
2023-01,TWO LANING OF EXISTING HAYULIANG HAWAI ROAD ON EPC BASIS FROM DESIGN KM. 17.000 (KHUPA) TO KM. 34.00,NHIDCL,N24000679,ARUNACHAL PRADESH,2/2017,4/2017,8/2022,195.23,252.79,196.95,3/4
2023-01,JORAM – KOLORIANG ROAD FROM EXISTING KM104.850 TO KM 122.60 (PKG-6),NHIDCL,N24001392,ARUNACHAL PRADESH,8/2020,4/2022,3/2023,199.03,-,86.16,3/4
2023-01,CONSTRUCTION OF TWO LANE WITH PAVED SHOULDER OF SELLING-DULTE SECTION OF NH-06 (PKG-II) -,,,,3/2020,7/2022,2/2023,216.49,-,181.34,1/4
2023-01,UP-GRADATION TO 4-LANE WITH PAVED SHOULDER OF JAMMU- AKHNOOR ROAD SECTION OF NH- 144A FROM GANESH VIHA,NHIDCL,N24000868,JAMMU AND KASHMIR,3/2018,7/2019,-,253.44,-,140.66,2/4
2023-01,2 LANING OF KOHIMA - JESSAMI SECTION (PACKAGE II),NHIDCL,N24001282,NAGALAND,3/2020,6/2022,-,355.79,-,99.88,1/4
2023-01,DULTE- KWALKULH - CHAMPAI PKG.3,NHIDCL,N24001357,MIZORAM,3/2021,6/2023,-,674.71,-,364.55,2/4
2023-01,KARGIL-ZANSKR PACKAGE-2,NHIDCL,N24001344,LADAKH,3/2021,1/2023,-,404.89,-,6.02,1/4
2023-01,REHABILITATION AND UPGRADATION OF ROAD FROM DESIGN KM 0.00 TO KM 11.800 OF KAILASHAHAR-KURTI BRIDGE,NHIDCL,N24001265,TRIPURA,3/2020,7/2022,3/2023,154.51,-,32.94,2/4
2023-01,2-LANING OF CHANGTONGYA TO LONGLENG ROAD OF NH-702 (PKG-I),NHIDCL,N24001286,NAGALAND,3/2020,6/2022,10/2022,278.95,-,158.00,3/4
2023-01,REHABILITATION AND UP GRADATION OF SECTION FROM KM 206.00 TO KM 242.00 (NIMBUTALA TO AUSTIN CREEK) O,NHIDCL,N24000749,A & N ISLANDS,3/2018,10/2018,-,234.27,-,109.50,3/4
2023-01,2-LANING FROM JOLAIBARI - BELONIA,NHIDCL,N24001317,TRIPURA,6/2020,1/2022,-,201.99,-,70.77,2/4
2023-01,CONSTRUCTION OF 2-LANE WITH PAVED SHOULDER OF KOHIMA- BYPASS ROAD FROM DESIGN KM10.500 TO 21.00KM,NHIDCL,D - [N24001255,NAGALAND,9/2020,10/2022,-,277.44,-,97.97,2/4
2023-01,KEIFANG - TUVAI PKG-1,NHIDCL,N24001440,MIZORAM,9/2021,5/2023,-,492.94,-,49.78,0/4
2023-01,KAILASHAHAR TO KHOWAI PKG-4,NHIDCL,N24001309,TRIPURA,11/2020,6/2022,2/2023,159.13,171.50,43.36,2/4
2023-01,DONIPAWA TO ASHAJIPORA BYPASS PKG-7,NHIDCL,N24001342,JAMMU AND KASHMIR,3/2021,12/2022,-,260.40,-,20.14,1/4
2023-01,TAMENGLONG - MAHUR PKG-2,NHIDCL,N24001403,MANIPUR,7/2021,3/2023,-,483.87,-,89.48,1/4
2023-01,LADDA - BASAI,NHIDCL,N24001316,ARUNACHAL PRADESH,2/2021,4/2023,-,445.96,-,3.52,0/4
2023-01,IMPROVEMENT/WIDENING TO 2- LANE WITH PAVED SHOULDER / 4- LANING FROM (DESIGN KM 63.530 TO KM 71.520) B,NHIDCL,N24001335,MEGHALAYA,11/2020,12/2023,-,284.21,-,45.08,0/4
2023-01,IMPROVEMENT/WIDENING TO 2- LANE WITH PAVED SHOULDER FROM (DESIGN KM 45.760 TO KM,,,,11/2020,12/2023,-,445.51,-,190.95,1/4
2023-01,CHURACHANPUR TUIVAI PKG-3,NHIDCL,N24001405,MANIPUR,7/2021,10/2023,-,673.27,-,236.34,1/4
2023-01,RANIKOR-MAHESHKHOLA- BAGHMARA (RMB) PKG-4 (KANAI- RONGARA),NHIDCL,N24001339,MEGHALAYA,10/2020,4/2022,-,157.86,-,85.43,2/4
2023-01,MARIAM - PEREN (PKG 1B),NHIDCL,N24001350,MANIPUR,2/2021,12/2022,-,188.36,-,59.45,2/4
2023-01,CONSTUCTION/UPGRADATION OF EXISTING HIGHWAY TO 2 LANE WITH PAVED SHOULDER FROM KM 13.00 TO KM 25.600,NHIDCL,N24001252,SIKKIM,8/2020,4/2023,8/2023,295.97,-,124.54,2/4
2023-01,CONSTRUCTION OF 2-LANE WITH PAVED SHOULDER OF NEW GREEN FIELD ALIGNMENT FROM CHOCHENPHERI AT KM 52.0,NHIDCL,N24001338,SIKKIM,10/2020,12/2023,9/2024,816.79,786.60,56.16,1/4
2023-01,CONSTUCTION/UPGRADATION OF EXISTING HIGHWAY TO 2 LANE WITH PAVED SHOULDER FROM KM 0.00 TO KM 13.00 N,NHIDCL,N24001251,SIKKIM,3/2019,4/2022,-,402.94,-,151.51,2/4
2023-01,MANU-SIMLUNG ( PKG 4),NHIDCL,N24001363,TRIPURA,3/2021,12/2022,-,354.79,-,28.71,1/4
2023-01,2-LANING FROM MANU-SIMLUNG ( PKG III),NHIDCL,N24001249,TRIPURA,6/2020,1/2022,8/2022,347.36,-,185.95,3/4
2023-01,CONSTRUCTION AND UPGRADATION OF EXISTING ROAD TO 2-LANE WITH PAVED SHOULDER FROM KM27.200 (END OF RO,NHIDCL,N24001336,SIKKIM,8/2020,4/2023,9/2023,230.45,244.91,43.84,2/4
2023-01,UP-GRADATION TO 4-LANE WITH PAVED SHOULDER OF JAMMU- AKHNOOR SECTION OF NH-144A FROM CANAL HEAD (KM 0,NHIDCL,N24000866,JAMMU AND KASHMIR,3/2018,8/2018,2/2021,404.17,-,321.76,4/4
2023-01,TWO LANING OF EXISTING KHUPA HAYULIANG HAWAI ROAD ON EPC BASIS FROM DESIGN KM. 0.000 (KHUPA) TO KM.,NHIDCL,N24000690,ARUNACHAL PRADESH,1/2017,4/2017,10/2022,198.22,252.05,172.98,3/4
2023-01,GOHA-KHELLANI PKG-3,NHIDCL,N24001397,JAMMU AND KASHMIR,2/2021,3/2023,5/2023,431.28,-,114.85,0/4
2023-01,WIDENING AND UP-GRADATION TO 2-LANE WITH PAVED SHOULDER CONFIGURATION AND GEOMETRIC IMPROVEMENTS FRO,NHIDCL,N24000861,MIZORAM,4/2017,9/2019,-,473.18,-,382.66,2/4
2023-01,DABOKA KATHKATI PACKAGE-6,NHIDCL,N24001450,ASSAM,9/2021,7/2024,-,625.64,-,170.34,0/4
2023-01,CONSTRUCTION OF CHHIATHLANG - SERCHHIP BYPASS (PKG-1) ON AIZAWL-TUIPANG SECTION OF NH- 54,NHIDCL,N24001277,MIZORAM,9/2020,10/2022,7/2023,275.02,-,105.00,1/4
2023-01,WIDENING AND UP-GRADATION TO 2-LANE WITH PAVED SHOULDER CONFIGURATION AND GEOMETRIC IMPROVEMENTS FRO,NHIDCL,N24000864,MIZORAM,4/2017,9/2019,-,404.29,-,333.22,2/4
2023-01,CONSTRUCTION OF 2-LANE ROAD WITH PAVED SHOULDERS FROM KM16.00 OF ROING-HUNLI SECTION TO KM 21.500 OF,NHIDCL,N24000946,ARUNACHAL PRADESH,3/2017,3/2022,2/2022,"1,718.59",-,640.12,2/4
2023-01,4 LANING FROM JAMUGURI TO BISWANATH CHARIALI FROM KM 182 TO KM 208 OF NH-52,NHIDCL,N24000431,ASSAM,1/1991,6/2019,6/2019,520.01,-,256.77,3/4
2023-01,2-LANING OF KHOWAI -AGARTALA SECTION FROM DESIGN KM 6.500 TO KM 19.300 OF NH-208A PKG-1,NHIDCL,N24001329,TRIPURA,3/2020,7/2022,-,165.54,-,55.00,2/4
2023-01,CONSTRUCTION OF TWO LANE WITH HARD SHOULDERS OF CHAKABAMA-ZUNHEBOTO ROAD FROM EXISTING KM 25.760 TO,NHIDCL,N24000755,NAGALAND,3/2018,9/2018,12/2022,239.30,-,174.15,4/4
2023-01,CONSTRUCTION OF 4.5 KM LONG SILKYARA TUNNEL BETWEEN KM 25.40 TO 50.25 KM (TUNNEL WORK),NHIDCL,N24000855,UTTARAKHAND,3/2018,7/2018,7/2022,"1,383.78",-,474.68,3/5
2023-01,FOUR LANING OF BALACHERA- HARANGAJAO SECTION OF NH-54 (EXT) FROM KM 275.00 TO KM 244.000 IN THE STATE,NHIDCL,N24000902,ASSAM,10/2017,6/2020,6/2020,818.00,887.68,547.93,2/4
2023-01,RISHI BORDER- ROLEP- MENLA PKG- 2A,NHIDCL,N24001361,SIKKIM,1/2021,9/2023,-,332.20,-,25.42,1/4
2023-01,WIDENING/IMPROVEMENT TO 4- LANE WITH PAVED SHOULDER FROM CH.75.330KM TO CH.88.00KM (DESIGN CH.71.800,NHIDCL,N24001248,ASSAM,8/2020,4/2022,-,208.84,-,61.47,1/4
2023-01,(I) CONSTRUCTION OF FOUR/SIX LANING FROM KM 132.375 TO KM 158.058 (TOTAL NEW ALIGNMENT LENGTH OF 20.,NHIDCL,N24000752,NAGALAND,2/2017,9/2018,8/2022,387.00,-,376.97,3/4
2023-01,4 LANING OF NH-37 SECTION BETWEEN DEMOW TO END OF MORAN BYPASS (FROM KM. 534.800 TO KM. 561.700) O,NHIDCL,N24000582,ASSAM,1/2016,1/2016,-,294.17,-,248.03,3/4
2023-01,CONSTRUCTION OF TWO LANE,,,,3/2018,9/2018,-,339.57,-,232.22,4/4
2023-01,SENAPATI- IMPHAL PKG-5B,NHIDCL,N24001400,MANIPUR,3/2021,1/2023,-,211.70,-,0.00,0/4
2023-01,TWO LANING OF EXISTING HAYULIANG HAWAI ROAD ON EPC BASIS FROM DESIGN KM. 34.000 TO KM. 51.825,NHIDCL,EXIST - [N24000680,ARUNACHAL PRADESH,2/2017,4/2017,6/2022,203.36,263.31,191.38,3/4
2023-01,CONSTRUCTION OF TWO LANE WITH PAVED SHOULDER OF SELLING-DULTE SECTION OF NH-06 (PKG-IV),NHIDCL,N24001283,MIZORAM,3/2020,7/2022,1/2023,281.78,-,211.76,2/4
2023-01,WIDENING AND UP-GRADATION TO 2-LANE WITH PAVED SHOULDER CONFIGURATION AND GEOMETRIC IMPROVEMENTS FRO,NHIDCL,N24000865,MIZORAM,4/2017,9/2019,-,428.11,-,336.23,2/4
2023-01,IMPROVEMENT/WIDENING TO 2- LANE WITH EARTHEN SHOULDERS FROM RANIKOR TO NONGJRI EXISTING CHAINAGE FROM,NHIDCL,N24000903,MEGHALAYA,3/2019,5/2019,-,306.28,-,179.18,2/4
2023-01,RHENOK-RORAHTHANG-PAKYONG ON NH 717A,NHIDCL,N24000695,SIKKIM,4/2017,10/2017,6/2022,388.00,530.67,478.17,4/4
2023-01,WIDENING/IMPROVEMENT TO 4- LANE WITH PAVED SHOULDER FROM KM 66.00 TO KM 81.00 (DESIGN CHAINAGE 65.923,NHIDCL,N24001250,ASSAM,8/2020,3/2022,-,278.46,-,242.59,3/4
2023-01,UPGRADATION OF EXISTING ROAD TO 2-LANE WITH PAVED SHOULDER FROM KOHIMA TO MAO FROM KM 185.540 TO KM,NHIDCL,N24001259,NAGALAND,9/2020,4/2022,-,315.63,-,18.26,1/4
2023-01,CHANGTONGYA TO LONGLENG ROAD PKG-2,NHIDCL,N24001389,NAGALAND,3/2020,6/2022,9/2022,206.53,-,98.69,3/4
2023-01,IMPROVEMENT/WIDENING TO 2-L WITH PAVED SHOULDER FROM (DESIGN KM 0.00 TO KM 10.670) / 4- LANING FROM (,NHIDCL,N24001313,MEGHALAYA,11/2020,12/2023,-,351.12,-,171.79,0/4
2023-01,IMPROVEMENT/UPGRADATION OF EXISTING 2-LANE TO 4-LANE DIVIDED HIGHWAY FROM TAPHOU KUKI TO DAILI SECTI,NHIDCL,N24001274,MANIPUR,8/2020,4/2022,-,379.39,-,182.07,1/4
2023-01,2 LANING OF KOHIMA - JESSAMI SECTION (PACKAGE III),NHIDCL,N24001284,NAGALAND,3/2020,6/2022,-,361.53,-,77.73,1/4
2023-01,CONSTRUCTION OF 2-LANE ROAD WITH PAVED SHOULDER (GREENFIELD ALIGNMENT) OF EXISTING STRETCH BETWEEN L,NHIDCL,N24001322,SIKKIM,9/2020,5/2022,-,183.31,-,87.22,1/4
2023-01,CONSTRUCTION OF 2-LANING WITH HARD SHOULDER ROAD OF UKHRUL - TOLOI - TADUBI SECTION OF NH- 102A FROM,NHIDCL,N24001473,MANIPUR,9/2021,2/2024,-,310.76,-,12.48,0/0
2023-01,CONSTRUCTION OF TWO LANE WITH HARD SHOULDERS OF MERANGKONG-TAMLU-MON ROAD FROM EXISTING KM 20.456 TO,NHIDCL,N24000763,NAGALAND,3/2018,9/2018,8/2022,215.79,-,97.45,1/4
2023-01,2-LANING FROM YAINGANGPOKPI TO FINCH CORNER (PKG-II),NHIDCL,N24001332,ASSAM,3/2020,6/2022,-,217.50,-,46.43,1/4
2023-01,2-LANING FROM YAINGANGPOKPI TO FINCH CORNER (PKG-I),NHIDCL,N24001331,ASSAM,3/2020,6/2022,-,261.13,-,45.67,1/4
2023-01,IMPHAL - KHONGSANG PKG-4,NHIDCL,N24001453,MANIPUR,8/2021,12/2023,-,579.63,-,28.55,0/4
2023-01,TAMENGLONG - MAHUR PKG-3,NHIDCL,N24001354,MANIPUR,3/2021,12/2022,-,234.08,-,67.18,2/4
2023-01,PEREN-DIMAPUR PKG-5,NHIDCL,N24001407,NAGALAND,2/2021,3/2023,-,207.33,-,0.00,0/0
2023-01,DABOKA KATHKATI PACKAGE-4,NHIDCL,N24001365,ASSAM,2/2021,12/2023,-,260.07,-,270.59,3/4
2023-01,TLABUNG - LUNGLEI PKG-A,NHIDCL,N24001358,MIZORAM,3/2021,12/2022,10/2023,698.44,-,100.54,1/4
2023-01,TWO- LANE WITH PAVED SHOULDER CONFIGURATION OF IMPHAL - MOREH SECTION OF NH-39 FROM KM 330 TO KM 350,NHIDCL,N24001333,ASSAM,9/2019,5/2023,-,761.54,820.56,379.69,3/4
2023-01,2-LANING FROM MANU-SIMLUNG ( PKG I),NHIDCL,N24001247,TRIPURA,3/2020,1/2022,10/2022,247.76,251.89,93.42,2/4
2023-01,WIDENING AND UP-GRADATION TO 2-LANE WITH PAVED SHOULDER CONFIGURATION AND GEOMETRIC IMPROVEMENTS FRO,NHIDCL,N24000863,MIZORAM,4/2017,9/2019,-,518.53,-,507.45,2/4
2023-01,CONSTRUCTION OF 2 LANING OF EXISTING HUNLI-ANINI ROAD ON EPC BASIS FROM DESIGN KM 53.500 TO KM 92.50,NHIDCL,N24000948,ARUNACHAL PRADESH,9/2016,12/2019,5/2021,568.92,-,493.58,3/4
2023-01,KHELLANI-KHANABAL PKG-4,NHIDCL,N24001395,JAMMU AND KASHMIR,7/2021,8/2023,-,859.67,-,32.50,1/4
2023-01,CONSTRUCTION OF 2-LANING WITH HARD SHOULDERS OF ARROWA- KHUPA-HAYULIANG SECTION OF NH- 113 FROM CH.68.,NHIDCL,N24001244,ARUNACHAL,8/2020,4/2022,5/2024,301.06,-,70.21,1/4
2023-01,TWO LANING OF JORAM KOLORIANG ROAD (NH 713) ON EPC BASIS FROM DESIGN KM. 138+000 TO KM. 154+036,NHIDCL,EX - [N24000683,ARUNACHAL PRADESH,2/2017,4/2017,11/2023,180.57,244.10,81.02,1/4
2023-01,"CONSTRUCTION, OPERATION AND MAINTENANCE OF Z-MORH TUNNEL INCLUDING APPROACHES ON NH-01 SRINAGAR-SONA",NHIDCL,N24001253,JAMMU AND KASHMIR,12/2019,12/2023,-,"2,680.42",-,0.00,2/4
2023-01,2 LANE WITH PAVED SHOULDER FROM KM 399.00 TO KM 430.00 OF KARANPARYAG TO CHAMOLI UNDER CHARDHAM PARI,NHIDCL,N24000742,UTTARAKHAND,3/2018,6/2018,11/2020,403.36,-,306.29,3/4
2023-01,2-LANING OF CHURACHANDPUR TUIVAI SECTION OF NH-102B (PKG- 2B),NHIDCL,N24001271,MANIPUR,6/2020,8/2022,-,365.53,-,142.51,2/4
2023-01,TULUNGIA-JOGIGHOPA-PAIKAN ROAD PKG-7,NHIDCL,N24001368,ASSAM,3/2021,1/2024,-,286.72,-,25.90,0/4
2023-01,KARGIL-ZANSKR PACKAGE-1,NHIDCL,N24001343,LADAKH,3/2021,1/2023,-,384.23,-,32.83,1/4
2023-01,JOGIGHOPA BRIDGE,NHIDCL,N24001434,ASSAM,8/2021,11/2024,-,746.76,-,30.26,0/4
2023-01,CONSTRUCTION OF 2-LANE WITH PAVED SHOULDER INCLUDING GEOMETRIC IMPROVEMENT FROM KM 16.000 TO KM 32.5,NHIDCL,N24000768,SIKKIM,11/2017,11/2017,4/2022,290.05,375.80,218.36,3/4
2023-01,MARIAM - PEREN PKG-2B,NHIDCL,N24001351,MANIPUR,2/2021,12/2022,-,232.26,-,71.33,2/4
2023-01,IMPHAL - KHONGSANG PKG-3,NHIDCL,N24001401,MANIPUR,7/2021,3/2023,-,467.00,-,108.70,1/4
2023-01,2-LANING OF CHURACHANDPUR TUIVAI SECTION OF NH-102B (PKG- IB),NHIDCL,N24001269,ASSAM,3/2020,3/2022,-,216.49,241.52,78.50,2/4
2023-01,FOUR LANING OF EXISTING DIMAPUR KOHIMA ROAD FROM DESIGN KM 152.490 TO KM 166.700 (EXISTING KM 156.00,NHIDCL,N24000688,NAGALAND,3/2016,8/2016,8/2022,429.52,562.98,267.69,3/4
2023-01,TAMENGLONG - MAHUR PKG-5,NHIDCL,N24001436,MANIPUR,8/2021,5/2023,-,477.86,-,28.98,1/4
2023-01,KHELLANI-KHANABAL PKG-1,NHIDCL,N24001323,JAMMU AND KASHMIR,3/2021,9/2022,6/2023,486.45,-,52.63,2/4
2023-01,2 LANING OF KOHIMA - JESSAMI SECTION (PACKAGE IV),NHIDCL,N24001285,NAGALAND,3/2020,12/2021,-,330.78,-,143.83,1/4
2023-01,4-L DHUBRI PHULBARI BRIDGE WITH,,,,11/2020,9/2028,-,"4,997.04",-,695.19,1/4
2023-01,IMPROVEMENT/WIDENING TO 2 LANING OF STRETCH FROM KHONGSANG TO TAMENGLONG OF NH-137,NHIDCL,N24001268,MANIPUR,3/2019,7/2022,-,471.00,-,305.48,3/4
2023-01,IMPROVEMENT/UPGRADATION OF EXISTING 2-LANE TO 4-LANE DIVIDED HIGHWAY FROM KURAOPOKPI TO SEKMAI SECTI,NHIDCL,N24001276,MANIPUR,8/2020,4/2022,-,228.97,-,0.00,0/4
2023-01,KAILASHAHAR TO KHOWAI PKG-5,NHIDCL,N24001308,TRIPURA,11/2020,7/2022,11/2022,332.14,-,110.04,2/4
2023-01,KARGIL-ZANSKR PACKAGE-7,NHIDCL,N24001347,LADAKH,1/2021,6/2024,-,308.86,-,114.68,2/4
2023-01,4 LANING OF NH 37 SECTION BETWEEN END OF MORAN BYPASS TO BOGIBEEL JUNCTION NEAR LAPETKETA (KM. 561,NHIDCL,N24000583,ASSAM,1/2016,1/2016,12/2019,252.00,330.30,146.16,2/4
2023-01,KHELLANI-KHANABAL PKG-3,NHIDCL,N24001341,JAMMU AND KASHMIR,3/2021,12/2022,-,398.51,-,43.10,1/4
2023-01,TWO LANING OF AKAJAN LIKABALI BAME ROAD ON EPC BASIS FROM EXISTING KM 71.000 TO KM 99.000 (DESIGN KM,NHIDCL,N24000678,ARUNACHAL PRADESH,3/2017,4/2017,12/2022,284.09,323.49,219.27,4/4
2023-01,IMPHAL – MOREH PACKAGE- 3,NHIDCL,N24001352,MANIPUR,3/2021,12/2022,-,259.31,-,117.33,2/4
2023-01,KARGIL-ZANSKR PACKAGE-6,NHIDCL,N24001346,LADAKH,1/2021,5/2024,-,239.81,-,96.84,2/4
2023-01,RISHI BORDER- ROLEP- MENLA PKG- 3B,NHIDCL,N24001362,SIKKIM,12/2020,2/2024,2/2024,410.60,379.30,56.07,1/4
2023-01,CONSTRUCTION OF (I) CONNECTING ROAD FROM Z-MORH TUNNEL TO ZOJILA TUNNEL AND (II) 14.150 KM LONG BI-D,NHIDCL,N24001256,JAMMU AND KASHMIR,8/2020,9/2026,-,"6,808.69",-,"1,213.83",3/7
2023-01,2-LANING OF CHURACHANDPUR TUIVAI SECTION OF NH-102B (1A PACKAGES),NHIDCL,N24001312,MANIPUR,3/2020,6/2022,-,167.95,-,83.64,4/4
2023-01,4 LANING OF JORHAT TO JHANJI SECTION FROM KM. 453.00 TO KM. 491.08 (DESIGN KM 403.200 TO KM 454.240),NHIDCL,N24000319,ASSAM,6/2015,6/2018,-,437.39,-,185.87,1/4
2023-01,TULUNGIA-JOGIGHOPA-PAIKAN PKG-5,NHIDCL,N24001367,ASSAM,3/2021,12/2022,-,636.42,-,356.35,1/4
2023-01,CONSTRUCTION OF 2 LANING OF EXISTING HUNLI-ANINI ROAD ON,,,,12/2016,1/2020,12/2021,188.78,-,145.75,4/4
2023-01,FOUR LANING OF DIMAPUR KOHIMA ROAD FROM DESIGN KM 123.840 TO KM 138.775 (EXISTING KM 124.100 TO KM 1,NHIDCL,N24000686,NAGALAND,3/2016,8/2016,9/2019,373.07,489.01,372.19,3/4
2023-01,CONSTRUCTION OF 2 LANE WITH HARD SHOULDER FROM DESIGN CHAINAGE KM 283.000 TO KM 325.440 (5- LEGGED J,NHIDCL,N24001475,NAGALAND,3/2022,12/2024,-,605.36,-,35.25,0/0
2023-01,KHELLANI-KHANABAL PKG-2,NHIDCL,N24001394,JAMMU AND KASHMIR,7/2021,2/2023,-,512.43,-,16.98,0/4
2023-01,TAMENGLONG - MAHUR PKG-6,NHIDCL,N24001437,MANIPUR,9/2021,5/2023,-,311.18,-,42.71,1/4
2023-01,2 LANING OF KOHIMA - JESSAMI SECTION (PACKAGE I),NHIDCL,N24001280,NAGALAND,3/2020,6/2022,-,320.97,-,135.87,1/4
2023-01,WIDENING AND UP-GRADATION TO 2-LANE WITH PAVED SHOULDER CONFIGURATION AND GEOMETRIC IMPROVEMENTS FRO,NHIDCL,N24000857,MIZORAM,4/2017,9/2019,-,519.09,-,440.97,1/4
2023-01,CONSTRUCTION OF 2 LANING OF EXISTING HUNLI-ANINI ROAD ON EPC BASIS FROM DESIGN KM 106.200 TO KM 120.,NHIDCL,N24000944,ARUNACHAL PRADESH,12/2016,1/2020,8/2021,200.44,-,138.09,3/4
2023-01,FOUR LANING OF NH-52 FROM END OF BISWANATH CHARIALI BY-PASS (KM 208.00) TO GOHPUR (KM 265.50) (TOTAL,NHIDCL,N24000823,ASSAM,3/2015,1/2016,-,829.00,-,643.10,2/3
2023-01,CONSTRUCTION OF MAJOR BRIDGE OVER MIDDLE STRAIT CREEK BETWEEN KM. 106.590 TO KM. 107.762 OF NH 223 (,NHIDCL,N24000744,A & N ISLANDS,3/2015,10/2018,-,262.97,-,85.42,1/4
2023-01,CONSTUCTION/UPGRADATION OF EXISTING HIGHWAY TO 2 LANE WITH PAVED SHOULDER FROM KM 26.10 TO KM 40.00,NHIDCL,N24001254,SIKKIM,3/2020,6/2022,-,242.97,-,114.98,2/4
2023-01,TWO-LANING OF HAYULIANG– HAWAI BYPASS ROAD ON EPC BASIS FROM DESIGN KM. 51.825 TO KM. 63.131 EXISTI,NHIDCL,N24000979,ARUNACHAL PRADESH,1/2017,5/2023,5/2023,256.66,-,0.00,1/4
2023-01,CONSTRUCTION OF 2-LANE WITH PAVED SHOULDER OF KOHIMA- BYPASS ROAD FROM DSIGN KM32.0 TO KM43.454,NHIDCL,DES - [N24001258,NAGALAND,8/2020,4/2022,-,202.36,-,46.44,1/4
2023-01,WIDENING AND UP-GRADATION TO 2-LANE WITH PAVED SHOULDER CONFIGURATION AND GEOMETRIC,,,,4/2017,9/2019,-,537.82,-,512.93,2/4
2023-01,CONSTRUCTION OF TWO LANE WITH PAVED SHOULDER OF SELLING-DULTE SECTION OF NH-06 (PKG-III),NHIDCL,N24001281,MIZORAM,3/2020,7/2022,4/2023,292.24,-,211.76,1/4
2023-01,REHABILITATION AND UPGRADATION OF ROAD FROM KM 0.00 TO KM 18.600 OF KUMARGHAT- KAILASHAHAR SECTION,NHIDCL,N24001263,TRIPURA,6/2020,1/2022,-,277.50,302.02,168.76,2/4
2023-01,2 LANING OF KOHIMA - JESSAMI SECTION (PACKAGE V),NHIDCL,N24001287,NAGALAND,4/2020,12/2021,-,330.80,-,78.62,1/4
2023-01,WIDENING AND UP-GRADATION TO 2-LANE WITH PAVED SHOULDER CONFIGURATION AND GEOMETRIC IMPROVEMENTS FRO,NHIDCL,N24000859,MIZORAM,4/2017,9/2019,-,642.96,-,395.27,1/4
2023-01,MARIAM - PEREN PKG-1A,NHIDCL,N24001349,MANIPUR,2/2021,12/2022,-,226.32,-,33.82,1/4
2023-01,TADADEGE - HENKAR,NHIDCL,N24001315,ARUNACHAL PRADESH,2/2021,3/2023,-,550.45,-,35.64,0/4
2023-01,2-LANING OF CHURACHANDPUR TUIVAI SECTION OF NH-102B (PKG- 4B),NHIDCL,N24001273,MANIPUR,7/2020,8/2022,-,177.76,-,70.23,2/4
2023-01,KARGIL-ZANSKR PACKAGE-5,NHIDCL,N24001330,LADAKH,8/2020,12/2023,-,169.79,-,143.17,3/4
2023-01,TLABUNG - LUNGLEI PKG-B,NHIDCL,N24001359,MIZORAM,3/2021,1/2023,-,740.58,-,79.51,0/4
2023-01,CONSTRUCTION OF TWO LANE WITH HARD SHOULDERS OF MERANGKONG-TAMLU-MON ROAD FROM EXISTING KM 41.065 TO,NHIDCL,N24000764,NAGALAND,3/2018,9/2018,10/2022,272.89,-,130.55,0/4
2023-01,DOGINALA - GAU,NHIDCL,N24001320,ARUNACHAL PRADESH,12/2020,9/2022,-,242.30,-,21.39,1/4
2023-01,CONSTRUCTION OF 2-LANE SPECIFICATION ROAD WITH PAVED SHOULDER AS REALIGNMENT (GREENFIELD ALIGNMENT),NHIDCL,N24001325,SIKKIM,9/2020,5/2023,-,262.84,-,129.59,1/4
2023-01,KHELLANI-KHANABAL PKG-6,NHIDCL,N24001324,JAMMU AND KASHMIR,2/2021,9/2022,-,285.28,-,123.29,2/4
2023-01,KAILASHAHAR TO KHOWAI PKG-2,NHIDCL,N24001311,TRIPURA,11/2020,7/2022,2/2023,206.78,218.24,86.94,3/4
2023-01,UP-GRADATION TO 2-LANE WITH PAVED SHOULDER FROM KM 20.300 TO KM 29.030 OF 8.730 KM LENGTH ON GOHA-K,NHIDCL,N24001266,JAMMU AND KASHMIR,7/2020,4/2022,5/2023,210.79,-,33.38,2/4
2023-01,REHABITITATION AND UP GRADATION OF NONGSTOIN- RAMBRAI-KYRSHAI ROAD UP TO MEGHALAYA-ASSAM BORDER FROM,NHIDCL,N24001474,MEGHALAYA,9/2021,5/2024,-,359.86,-,104.21,0/0
2023-01,PEREN-DIMAPUR SECTION PKG-2,NHIDCL,N24001406,NAGALAND,7/2021,3/2023,2/2023,258.52,-,57.58,0/4
2023-01,IMPROVEMENT/UPGRADATION OF EXISTING 2-LANE TO 4-LANE DIVIDED HIGHWAY FROM DAILI TO KURAOPOKPI SECTIO,NHIDCL,N24001275,MANIPUR,8/2020,4/2022,-,268.98,-,22.08,0/4
2023-01,2-LANING OF KHOWAI -AGARTALA SECTION FROM DESIGN KM 31.300 TO KM 45.300 OF NH-208A PKG-3,NHIDCL,N24001318,TRIPURA,9/2020,4/2022,10/2022,173.17,-,33.61,1/4
2023-01,TAMENGLONG - MAHUR PKG-1,NHIDCL,N24001402,MANIPUR,7/2021,3/2023,-,185.80,-,31.42,1/4
2023-01,UP-GRADATION TO 2-LANE WITH PAVED SHOULDER FROM KM 12.850 TO KM20.300 OF 7.450KM LENGTH ON GOHA-KHEL,NHIDCL,N24001264,JAMMU AND KASHMIR,7/2020,4/2022,6/2023,228.39,-,23.32,2/4
2023-01,CONSTRUCTION OF TWO LANE WITH PAVED SHOULDER OF SELLING-DULTE SECTION OF NH-06 (PKG-I),NHIDCL,N24001278,MIZORAM,3/2020,7/2022,4/2023,206.88,-,200.98,1/4
2023-01,IMPROVEMENT/WIDENING TO 2- LANE WITH PAVED SHOULDER FROM (DESIGN KM 10.670 TO KM 37.550) BETWEEN SHIL,NHIDCL,N24001314,MEGHALAYA,11/2020,12/2023,-,525.68,-,354.60,3/4
2023-01,FOUR LANING OF JHANJHI JN TO DEMOW SECTION FROM KM. 491.050 TO KM. 535.250(DESIGN KM 490.800 TO KM 5,NHIDCL,N24000320,ASSAM,6/2015,6/2018,-,463.49,-,247.74,2/4
2023-01,CONSTRUCTION OF MAJOR BRIDGE OVER HUMPHREY STRAIT CREEK BETWEEN KM. 129.420 TO KM. 130.600 OF NH 4 C,NHIDCL,N24000746,A & N ISLANDS,3/2015,4/2017,4/2020,277.17,-,252.52,4/4
2023-01,4-LANING OF HAPACHARA - TULUNGIA SECTION,NHIDCL,N24001246,ASSAM,3/2020,12/2022,-,220.20,-,119.60,2/4
2023-01,TAMENGLONG - MAHUR PKG-4,NHIDCL,N24001404,MANIPUR,7/2021,3/2023,-,198.77,-,27.70,1/4
2023-01,FOUR LANING OF DIMAPUR KOHIMA ROAD FROM DESIGN KM 138.775 TO KM 152.490 (EXISTING KM 140.000 TO KM 1,NHIDCL,N24000687,NAGALAND,3/2016,8/2016,8/2019,396.52,519.72,327.89,3/4
2023-01,KARGIL-ZANSKR PACKAGE-3,,,,8/2020,1/2023,-,381.01,-,54.35,1/4
2023-01,CONSTRUCTION OF 2-LANE WITH HARD SHOULDER OF PEREN- DIMAPUR SECTION ON NH129A FROM DESIGN KM109.494 T,NHIDCL,N24001260,NAGALAND,9/2020,4/2022,2/2023,257.15,-,100.61,2/4
2023-01,PATAS-VASUNDE PHATA - BARAMATI BYPASS,NHAI,N24001501,MAHARASHTRA,9/2021,9/2023,-,531.86,-,378.53,0/0
2023-01,KHAMMAM DEVARAPALLE PKG II 4L ACCESS CONTROLLED (GREENFIELD) FROM SOMAVARAM VILLAGE TO CHINTAGUDEM V,NHAI,N24001483,TELANGANA,2/2022,9/2024,-,637.11,-,0.02,0/0
2023-01,SIX LANING OF SHAMLA JI TO MOTACHILODHA FROM KM 401.200 TO KM 494.410 (LENGTH 93.210 KM) SECTION OF,NHAI,N24000801,GUJARAT,2/2018,12/2020,6/2021,"1,052.21",-,525.47,3/4
2023-01,HUNGUND-SURATHKAL AND MANGALORE-KNT/KERALA BORDER,NHAI,N24000138,KARNATAKA,9/2010,6/2018,3/2023,946.00,"1,046.56",823.68,3/4
2023-01,CONSTRUCTION OF FOUR LANE EXPRESSWAY FROM START OF VEJALLKA VILLAGE TO START OF DSIR ZONE OF AHMEDAB,NHAI,N24001445,GUJARAT,5/2020,7/2023,-,691.52,-,139.25,1/4
2023-01,FOUR LANING OF SATTANATHAPURAM (KM.123/800) TO NAGAPATTINAM (KM.179/555) SECTION OF NH-45A ON HAM UN,NHAI,N24001431,TAMIL NADU,3/2018,10/2020,-,"1,872.68","2,661.51",691.71,0/0
2023-01,"FOUR LANING OF EXISTING 2 LANE SECTION FROM MALOUT (DESIGN KM 44.500, EXISTING KM 80.200 OF NH-07) V",NHAI,N24001514,PUNJAB,1/2021,1/2024,5/2023,"1,060.29",-,379.68,0/0
2023-01,CONSTRUCTION OF NH-24 4-LANE BYPASS STARTING FROM KM 479.500 OF NH-24 AND TERMINATING AT KM 17.600 O,NHAI,N24000722,UTTAR PRADESH,12/2017,7/2019,-,305.00,-,236.44,0/0
2023-01,CONSTRUCTION OF EIGHT LANE ACCESS CONTROLLED EXPRESSWAY CARRIAGEWAY FROM RAJASTHAN/MP BORDER TO JODM,NHAI,N24001214,MADHYA PRADESH,12/2017,12/2022,-,217.96,-,835.00,3/4
2023-01,6L OF ACCESS-CONTROLLED HIGHWAY FROM MOHAND TO DAAT KALI TUNNEL OF GANESHPUR – DEHRADUN SECTION FROM,NHAI,N24001524,UTTAR PRADESH,3/2021,10/2023,10/2023,990.28,-,194.82,0/0
2023-01,VARANASI-AURANGABAD KM.786 TO KM.978.40,NHAI,N24000182,MULTI STATE,9/2011,3/2014,-,"2,848.00",-,"3,411.93",0/0
2023-01,TWO / FOUR LANING OF RAEBARELI - JAGDISHPUR SECTION OF NH-330A FROM KM. 0.000 TO KM. 47.800 (DESIGN,NHAI,N24001306,UTTAR PRADESH,10/2020,3/2023,-,724.60,-,680.12,0/1
2023-01,FOUR LANING OF BARHI - KODERMA SECTION OF NH - 31,NHAI,N24000725,JHARKHAND,1/2018,11/2021,-,273.46,-,189.21,0/0
2023-01,FOUR LANING OF NH-363 FROM REPALLEWADA (DESIGN KM 40.000/EXISTING KM 288.510) TO TELANGANA/MAHARASHT,NHAI,N24000825,TELANGANA,3/2018,2/2023,3/2021,828.29,"1,140.50",358.84,0/0
2023-01,4 LANNING OF MUKKOLA JUNCTION TO KERALA/ TAMIL NADU BORDER FROM KM 26.500 TO KM 43.000 OF NH-47 IN T,NHAI,N24000566,KERALA,4/2016,6/2018,10/2022,804.97,571.45,620.12,0/0
2023-01,DELHI VADODARA GREENFIELD ALIGNMENT SECTION OF NH 148N PACKAGE 28,NHAI,N24001519,GUJARAT,9/2020,11/2023,-,"1,198.55",-,268.30,0/0
2023-01,4-LANNING EXISTING KM 189.700 TO 237.00] HASSAN TO MARANAHALLY,NHAI,N24000552,KARNATAKA,3/2016,3/2019,3/2023,701.40,-,190.01,2/4
2023-01,2-LANING OF KRISHNAGIRI- TINDIVANAM (APPROVED LENHTH 170 KM),NHAI,N24000213,TAMIL NADU,4/2012,4/2014,-,624.00,619.96,238.62,0/0
2023-01,DELHI VADODARA GREENFIELD ALIGNMENT SECTION OF NH 148N PACKAGE 26,NHAI,N24001515,GUJARAT,9/2020,2/2024,-,"1,542.02",-,215.24,0/0
2023-01,4L OF AHMEDNAGAR - MIRAJGAON - KARMALA - TEMBHURNI (PKG-I),FROM KM. 0.00 - [N24001498],AHMEDNAGAR TO GHOGARGAON,NHAI,12/2021,12/2023,-,605.00,-,141.67,0/0
2023-01,CONSTRUCTION OF EIGHT LANE VADODARA KIM EXPRESSWAY FROM KM 254.430 TO KM 279.000 (KIM TO ANKLESHWAR,NHAI,N24000834,GUJARAT,3/2018,10/2021,-,"1,161.39",-,0.00,0/0
2023-01,4L OF ADDAHOLE TO BANTWAL CROSS SECTION,NHAI,N24001426,KARNATAKA,3/2021,10/2021,-,317.90,317.90,146.48,2/4
2023-01,FOUR LANNING OF TAKOLI-KULLU SECTION OF NH-21 (KM 242+000 TO KM 272+000),NHAI,N24000634,HIMACHAL PRADESH,10/2016,11/2019,-,447.75,-,"1,415.47",0/0
2023-01,4-LANNING OF BODHRE-DHULE SECTION(KM 390.000 TO 452.800),NHAI,N24000656,MAHARASHTRA,3/2017,3/2020,7/2022,744.64,-,143.88,0/0
2023-01,FOUR LANING OF ALIGARH - KANPUR SECTION PKG-I FROM ALIGARH - BHADWAS,NHAI,N24000792,UTTAR PRADESH,3/2018,6/2022,-,809.07,-,"1,135.13",0/0
2023-01,BALANCE WORK OF 4- LANING OF PATNA-GAYA-DOBHI SECTION (KM. 39.00 TO KM. 83.00) OF NH-83 IN THE,,,,10/2013,11/2020,-,446.97,-,244.13,0/0
2023-01,REHABILITATION AND UP- GRADATION OF EXISTING 2-LANE TO 4 LANE OF KOIDA (KM206.20) TO RAJAMUNDA (KM 25,NHAI,N24000731,ODISHA,1/2018,5/2020,-,953.09,-,705.78,0/0
2023-01,CONSTRUCTION OF 8 LANING OF EXISTING 4 LANE VADAPE TO THANE FROM KM 539.202 TO KM 563.000 SECTION OF,NHAI,N24000851,MAHARASHTRA,3/2018,7/2021,-,"1,162.92","1,182.87",110.69,0/0
2023-01,"SIX LANING OF NIDAGATTA-MYSORE SECTION, KM 74.20 TO KM 135.304 OF NH-275, IN THE STATE OF KARNATAKA",NHAI,N24000789,KARNATAKA,2/2018,6/2022,-,"2,177.80",-,"2,710.15",0/0
2023-01,SIX-LANING OF BARWA ADDA- PANAGARH,NHAI,N24000515,WEST BENGAL,4/2014,9/2016,-,"1,665.00",-,"4,529.68",0/0
2023-01,SIX LANNING OF AUNTA- SIMARIA(GANGA BRIDGE WITH APPROACH ROADS) SECTION OF NH-31,NHAI,N24000696,BIHAR,8/2017,2/2022,8/2023,950.64,"1,161.00",550.68,0/0
2023-01,FOUR LANING OF UDHAMBUR - RAMBAN SECTION OF NH-1A,NHAI,N24000488,JAMMU AND KASHMIR,12/2015,12/2018,4/2023,"2,136.97","2,288.97","2,075.05",3/4
2023-01,FOUR LANING OF MADURAI- CHETTIKULAM SECTION OF NH-785 FROM MADURAI (KM 0/000) TO CHETTICULAM (7/300),NHAI,N24000827,TAMIL NADU,3/2018,11/2020,2/2023,628.71,-,524.21,0/0
2023-01,TWO-LANNING WITH PAVED SHOULDER OF MAHSHKUNT- SAHARSA-PURNEA SECTION FROM EXISTING KM.89.020 (DESIGN,NHAI,N24000665,BIHAR,3/2017,3/2020,12/2018,672.89,736.01,31.82,0/0
2023-01,DELHI-AMRITSAR-KATRA EXPRESSWAY (PHASE-I PKG-XI) FROM JUNCTION WITH JALANDHAR - KAPURTHALA ROAD (NH-,NHAI,N24001419,PUNJAB,2/2021,4/2024,11/2024,"1,269.96",-,0.00,0/1
2023-01,CONSTRUCTION OF 4-LANE GREEN FIELD DELHI-AMRITSAR-KATRA EXPRESSWAY (NE-05) FROM JUSSUR KHERI ON KMP,NHAI,N24001533,HARYANA,11/2020,12/2023,-,"1,690.23",-,858.97,0/0
2023-01,DELHI VADODARA GREENFIELD ALIGNMENT SECTION OF NH 148N PACKAGE 30,NHAI,N24001518,GUJARAT,11/2019,9/2023,-,"1,669.56",-,346.13,0/0
2023-01,FOUR LANING OF SANGLI - SOLAPUR (PKG IV),FROM KM 321.6 - KM 378.10 - [N24001492],MANGALWEDHA- SOLAPUR,NHAI,5/2019,2/2021,-,"1,141.00",-,787.74,0/0
2023-01,DELHI-AMRITSAR-KATRA EXPRESSWAY (PHASE-I PKG-VI) FROM JUNCTION WITH PATIALA- SAMANA-PATRAN ROAD (SH-1,NHAI,N24001414,PUNJAB,12/2020,1/2024,5/2024,733.00,-,186.98,1/1
2023-01,FOUR LANING OF TRICHY TO KALLAGAM SECTION ON NH-227 IN THE STATE OF TAMIL NADU,NHAI,N24000785,TAMIL NADU,2/2018,2/2021,-,"1,166.26","1,296.93",444.08,0/0
2023-01,4-LANNING OF STHIYATHOPU- CHOLOPURAM,NHAI,N24000708,TAMIL NADU,9/2017,8/2020,8/2023,"1,227.87",-,"1,018.32",0/0
2023-01,DELHI VADODARA GREENFIELD ALIGNMENT SECTION OF NH 148N PACKAGE 27,NHAI,N24001516,GUJARAT,9/2020,2/2024,-,"1,185.69",-,281.41,0/0
2023-01,4-LANNING OF KODINAR TO VERAVAL SECTION OF NH-8E FROM KM 221.610 TO KM 263.000,NHAI,N24000592,GUJARAT,7/2016,7/2020,-,829.97,-,329.71,1/1
2023-01,4-LANING OF LOHA - WARANGA SECTION OF NH-361 FROM KM. 187.800 TO KM. 244.369 (DESIGN LENGTH 56.569 K,NHAI,N24000854,JHARKHAND,3/2018,3/2021,6/2023,"1,005.08","1,073.10",699.05,0/0
2023-01,FOUR LANING OF VILUPPURAM TO PUDHUCHERRY (DESIGN CH. KM. 00/000 TO KM. 29/000) SECTION OF NH-45A ON,NHAI,N24001428,TAMIL NADU,3/2018,11/2021,-,998.70,"1,358.31",568.28,0/0
2023-01,4-LANNING OF VARANASI GORAKHPUR SECTION OF NH-29 FROM 88.00 148.00 KM 4-LANNING OF VARANASI GORAKHPU,NHAI,N24000549,UTTAR PRADESH,3/2016,10/2019,-,"1,396.74","4,041.80","3,704.91",0/0
2023-01,FOUR LANING OF SANGLI - SOLAPUR (PKG I),- [N24001494],SANGLI - BORGAON KM 182.556 - KM 224.00,NHAI,5/2019,3/2023,6/2022,"1,102.40","1,040.26",4.03,0/0
2023-01,4L OF AHMEDNAGAR - MIRAJGAON - KARMALA - TEMBHURNI (PKG-II),NHAI,GHOGARGAON TO AHMEDNAGAR- SOLPAUR DISTR - [N24001499,MAHARASHTRA,1/2022,1/2024,-,629.00,-,180.64,0/0
2023-01,NAGPUR RING ROAD PACKAGE-2,NHAI,N24000560,MAHARASHTRA,3/2016,7/2019,10/2023,591.66,-,345.14,0/0
2023-01,4L FROM KM 42.000 TO KM 80.00 OF DODABALLAPUR BYPASS TO HOSKOTE SECTION OF NH-648 (OLD NH- 207) ON H,NHAI,N24001510,KARNATAKA,1/2020,2/2021,-,"1,278.00",-,777.72,0/0
2023-01,BALANCE WORK UNDER PHASE-I FOR 4L OF KHED SINNER SECTION COMPRISING OF THE STRETCHES (I) KHED BYPASS,NHAI,N24001487,MAHARASHTRA,10/2020,10/2022,-,169.83,-,156.71,0/0
2023-01,CONSTRUCTION OF FOUR LANE EXPRESSWAY FROM START OF SARDAR PATEL RING ROAD TO SINDHREJ VILLAGE (CH. 0,NHAI,N24001443,GUJARAT,5/2020,3/2024,-,690.30,-,151.12,1/4
2023-01,4-LANNING OF WARANGA-,,,,3/2017,3/2017,-,"1,059.73",-,837.73,0/0
2023-01,4-LANNING OF RAIPUR-KODEBAD SECTION OF NH-43 (FROM KM. 10.200 TO KM. 43.400) IN THE STATE OF CHHATTI,NHAI,N24000629,MAHARASHTRA,11/2016,3/2019,-,400.25,-,287.08,0/0
2023-01,PACKAGE-23 CONSTRUCTION OF DELHI-VADODARA EIGHT LANE ACCESS- CONTROLLED EXPRESSWAY FROM BAWDI VILLAG,NHAI,N24001233,MADHYA PRADESH,3/2019,5/2020,12/2022,"1,047.00",-,"1,097.00",2/3
2023-01,4-LANNING OF END OF PANDOH BYPASS TAKOLI IN H.P,NHAI,N24000692,HIMACHAL PRADESH,6/2017,6/2020,-,"2,485.93",-,"1,333.58",0/0
2023-01,PACKAGE-21 CONSTRUCTION OF EIGHTLANE ACCESS- CONTROLLED EXPRESSWAY CARRIAGEWAY FROM KAMLIYA VILLAGE,NHAI,N24001231,MADHYA PRADESH,2/2019,12/2021,9/2022,990.97,-,"1,092.00",3/3
2023-01,DELHI-AMRITSAR-KATRA EXPRESSWAY FROM JUNCTION WITH PATIALA-BATHINDA ROAD (NH- 7) NEAR BHAWANIGARH TO,NHAI,N24001415,PUNJAB,12/2020,4/2024,7/2024,881.00,-,183.91,1/1
2023-01,SIX LANING OF BIHAR - JHARKHAND BORDER (CHORDAHA) TO GORHAR SECTION,NHAI,N24000726,JHARKHAND,1/2018,11/2021,-,"1,155.16",-,545.09,0/0
2023-01,KHUDUS TO DHARAMPURI PACKAGE 3 SANT DNYANESHWAR MAHARAJ PALKHI MARG SECTION OF NH965,NHAI,N24001379,MAHARASHTRA,2/2019,1/2022,12/2022,594.75,594.75,468.11,0/4
2023-01,BALANCE WORK OF 4- LANING OF PATNA-GAYA-DOBHI SECTION (KM. 0.00 TO KM. 127.217) OF NH-83 IN THE STAT,NHAI,N24001303,BIHAR,10/2013,12/2020,-,649.90,-,215.54,0/0
2023-01,"FOUR LANING OF SOLAN- KAITHLIGHAT SECTION OF NH-22 (NOW NH-5) FROM KM 106.139 TO KM 129.050, ON EPC M",NHAI,N24000852,HIMACHAL PRADESH,3/2018,5/2021,11/2022,478.74,-,964.23,0/0
2023-01,4-LANING OF DEWAS-UJJAIN OF SECTION NH-148 NG FROM KM 0+000 TO KM 41.42 IN MP ON HAM MODE,NHAI,N24001340,MADHYA PRADESH,11/2019,7/2021,-,716.00,-,261.88,0/0
2023-01,CONSTRUCTION OF EIGHT LANE ACCESS CONTROLLED EXPRESSWAY CARRIAGEWAY FROM JODMI VILLAGE TO BANI VILLA,NHAI,N24001213,MADHYA PRADESH,12/2017,2/2022,11/2022,"1,094.97",-,"1,188.00",3/4
2023-01,SIX-LANNING OF GREENFIELD PROPOSED UDAIPUR BYPASS PKG- IV,NHAI,N24000691,RAJASTHAN,4/2017,4/2020,9/2023,894.00,-,880.00,0/0
2023-01,BALANCE WORKS OF FOUR LANING FROM RAMBAN KM 151.00 TO BANIHAL KM 187.00 OF NH-1A (NOW NH-44) WITH VA,NHAI,N24001472,JAMMU AND KASHMIR,9/2021,12/2023,1/2024,811.19,-,247.79,0/0
2023-01,UPGRADATION AND 4L OF HARIDWAR BYPASS FROM KM 0.000 (KM 188.100 OF NH-58) TO KM. 15.100 (KM 5.100 OF,NHAI,N24001526,UTTARAKHAND,8/2021,10/2024,10/2024,"1,377.79",-,315.41,0/0
2023-01,SIX LANNING OF NH-5 (NEW NH-16) FROM TANGI TO BHUBANESHWAR (KM 355.000 TO KM 414.000),NHAI,N24000844,ODISHA,3/2018,4/2021,-,806.11,-,730.73,0/0
2023-01,6L ACCESS-CONTROLLED HIGHWAY OF DAAT KALI TUNNEL - DEHRADUN OF GANESHPUR – DEHRADUN SECTION FROM KM.,NHAI,N24001525,UTTARAKHAND,3/2021,3/2024,3/2024,169.08,-,13.55,0/0
2023-01,4-LANNING OF CHAPRA-HAJIPUR,NHAI,N24000187,BIHAR,1/2011,7/2013,6/2023,575.00,-,519.82,2/3
2023-01,CONSTRUCTION OF NH-24 EXTENSION 4-LANE BYPASS STARTING FROM BEHTA ROAD AND TERMINATING AT SITAPUR RO,NHAI,N24000796,UTTAR PRADESH,3/2018,12/2021,-,"1,117.84",-,516.47,0/0
2023-01,CONSTRUCTION OF NEW LINK (NH- 133B) FROM KM 0/00 (KM 200/87 OF SAHIBANJ BYPASS) IN JHARKHAND TO KM 15,NHAI,N24000714,BIHAR,12/2017,10/2024,-,"2,598.00",-,810.78,0/0
2023-01,FOUR OF SIMARIA - KHAGARIA SECTION OF NH-31,NHAI,N24000480,BIHAR,12/2015,4/2019,7/2022,"1,041.10",567.00,504.37,0/0
2023-01,SIX LANNING FROM KM. 401.200 TO 494.410 OF NH-8 ON HYBRID ANNUITY MODE UNDER NHDP- V(PKG VI)REG.,NHAI,N24000649,GUJARAT,1/2017,12/2020,6/2021,"1,251.11",-,525.47,3/4
2023-01,DEVELOPMENT OF NEWLY DECLARED NH-527C FROM MAJHAULI TO CHAROUT SECTION TO 2 LANE WITH PAVED SHOULDER,NHAI,N24000813,BIHAR,3/2018,11/2021,-,496.20,-,197.62,0/0
2023-01,CONSTRUCTION OF EIGHT LANE ACCESS CONTROLLED EXPRESSWAY CARRIAGEWAY FROM BANI VILLAGE TO BARDAWADI V,NHAI,N24001212,MADHYA PRADESH,12/2017,11/2022,-,656.98,-,756.00,2/4
2023-01,CONSTRUCTION OF FOUR-LANE GREENFIELD DELHI-AMRITSAR- KATRA EXPRESSWAY FROM JUNCTION WITH ROHTAK-PANIP,NHAI,N24001534,HARYANA,12/2020,1/2024,1/2024,"1,334.04",-,603.17,0/0
2023-01,REHABILITATION AND UP-,,,,7/2017,11/2020,-,476.56,-,309.68,0/0
2023-01,SIX LANING OF HAPUR BYPASS TO MORADABAD SECTION INCLUDING HAPUR BYPASS FROM KM 50.000 (DESIGN CHAINA,NHAI,N24000798,UTTAR PRADESH,3/2018,11/2021,-,"2,140.93",-,"1,889.54",0/0
2023-01,HOSPET-BELLARY-KARNATAKA AP BORDER,NHAI,N24000603,KARNATAKA,8/2016,3/2019,6/2023,"1,167.42",-,380.24,0/4
2023-01,NAGPUR RING ROAD PACKAGE-1,NHAI,N24000558,MAHARASHTRA,3/2016,7/2019,7/2023,546.00,-,360.06,2/3
2023-01,CONSTRUCTION OF FOUR LANE RINGROAD BYPASS SRINAGAR CITY,NHAI,N24001511,JAMMU AND KASHMIR,3/2021,2/2024,2/2024,"2,919.96",-,"1,538.44",1/4
2023-01,4L OF INDAPUR TO TONDLE (PKG-III) FROM KM.84.550 TO KM. 131.00 OF NH-965G (SAINT TUKARAM MARG),NHAI,N24001503,MAHARASHTRA,9/2021,9/2023,-,667.66,666.21,243.23,0/0
2023-01,4-LANNING OF KODEBAD-DHAMTARI SECTION OF NH-43 (FROM KM. 43.400 TO KM. 82.209) IN THE STATE OF CHHAT,NHAI,N24000630,MAHARASHTRA,11/2016,3/2019,-,446.17,-,281.18,0/0
2023-01,"6L FLYOVER AT BORAGAON, GORCHUK, LOKHRA AND BASISTHA JUNCTION ON GUWAHATI BYPASS SECTION FROM KM 146",NHAI,N24001432,ASSAM,12/2021,8/2024,-,300.00,-,142.00,0/0
2023-01,DELHI-AMRITSAR-KATRA EXPRESSWAY FROM CH.KM 303+900 TO KM 319+400 OF MAIN EXPRESSWAY) AND AMRITSAR CO,NHAI,N24001418,PUNJAB,12/2020,4/2024,7/2024,"1,094.46",-,195.42,0/1
2023-01,REHABILITATION AND UPGRADATION OF TWO LANING OF MAHESHKHUNT - SAHARSA - PURNEA SECTION PKG - I,NHAI,N24000723,BIHAR,1/2018,12/2021,12/2019,573.70,644.50,309.69,0/0
2023-01,6-LANING OF EXISTING 2-LANE (I) NANDIGAMA BYPASS FROM KM 220.700 TO KM 226.600 (DESIGN CHAINAGE FROM,NHAI,N24000718,ANDHRA PRADESH,12/2017,6/2019,5/2023,328.67,416.07,332.37,0/0
2023-01,PATNA-MUZZAFFARPUR,NHAI,N24000165,BIHAR,8/2010,2/2013,12/2022,671.30,-,"1,590.65",3/4
2023-01,VADODARA MUMBAI EXPRESSWAY (PHASE II - PKG XI),(GANJAD - TALSARI) - [N24001504],KM. 77.000 TO KM. 103.400,NHAI,5/2022,5/2024,-,"1,260.00",-,57.43,0/0
2023-01,4L OF KODAD (DESIGN KM 0.00/EXISTING KM 185.00 OF NH-65) TO KHAMMAM (DESIGN KM 31.800/EXISTING KM 29,NHAI,N24001522,TELANGANA,1/2021,1/2024,-,"1,307.95",-,260.18,0/0
2023-01,CONSTRUCTION OF 8 LANE DWARKA EXPRESSWAY (NH-248BB,,,,3/2018,12/2020,-,"1,484.30",-,"1,038.77",0/0
2023-01,MOHOL TO WAKHARI PACKAGE1 SANT DNYANESHWAR MAHARAJ PALKHI MARG SECTION OF NH965,NHAI,N24001377,MAHARASHTRA,2/2019,1/2022,1/2022,731.89,736.02,580.39,3/3
2023-01,CONSTRUCTION OF EIGHT LANE ACCESS CONTROLLED EXPRESSWAY CARRIAGEWAY FROM BARDAWADI VILLAGE TO MANDSA,NHAI,N24001199,MADHYA PRADESH,10/2019,12/2021,11/2022,743.88,-,831.50,2/3
2023-01,FOUR LANING OF FORBESGANJ - JOGBANI,NHAI,N24000501,BIHAR,8/2015,4/2018,3/2023,322.09,-,278.16,0/0
2023-01,CONSTRUCTION OF NEW 4-LANE BRIDGE ACROSS VARSOVA CREEK AND ITS APPROACHES WITH INTERCHANGE IN THE ST,NHAI,N24000655,MAHARASHTRA,3/2017,3/2020,-,247.02,-,46.30,0/0
2023-01,4-LANING OF GOA/KARNATAKA BORDER-KUNDAPUR SECTION,NHAI,N24000462,KARNATAKA,5/2014,8/2016,3/2023,"1,655.01","2,639.00","1,751.81",3/4
2023-01,KHAMMAM-DEVARAPALLE PKG I,NHAI,4L ACCESS CONTROLLED (GREENFIELD) FROM THALLAMPADU VILLAGE TO SOMAVARAM - [N24001482,TELANGANA,8/2022,10/2024,-,772.11,-,0.01,0/0
2023-01,REHABILITATION AND UPGRADATION OF CUTTACK-ANGUL SECTION TO 4 LANE (KM 60.20) TO (KM 112.0) PKG II ON,NHAI,N24000736,ODISHA,1/2018,9/2020,-,686.65,-,282.72,0/0
2023-01,DELHI-AMRITSAR-KATRA EXPRESSWAY FROM JUNCTION WITH LUDHIANA-MALERKOTLA ROAD (SH-11) NEAR BHOGIWAL VI,NHAI,N24001416,PUNJAB,12/2020,1/2024,-,989.66,-,0.00,0/0
2023-01,VADODARA MUMBAI EXPRESSWAY (PHASE II - PKG XIII),(SHIRSAD - MASVAN) - [N24001506],KM. 26.582 TO KM. 50.700,NHAI,2/2022,2/2024,-,"2,747.00",-,36.08,0/0
2023-01,4L OF RATNAGIRI - KOLHAPUR SECTION OF NH-166 FROM KM 0.000 TO KM 19.769 AND KM 31.000 TO KM 67.140 (,NHAI,N24001495,MAHARASHTRA,11/2022,11/2024,-,930.00,-,0.00,0/0
2023-01,REHABILITATION AND UPGRADATION OF SIX LANING OF BHADRAK BALESHWAR SECTION (KM 136.50) TO (KM 199.141,NHAI,N24000738,ODISHA,1/2018,/,-,999.00,-,324.23,0/0
2023-01,KHAMMAM-DEVARAPALLE PKG III,NHAI,4L ACCESS CONTROLLED (GREENFIELD) FROM CHINTAGUDEM VILLAGE TO RECHERLA - [N24001484,TELANGANA,9/2022,2/2024,-,804.69,-,0.03,0/0
2023-01,TUNNEL AT KHAMBATAKI GHAT SECTION AND ITS APPROACHES FROM EXISTING KM. 771.730 TO EXISTING KM. 782.0 -,,,,2/2019,2/2022,3/2023,493.00,-,219.95,0/0
2023-01,VADODARA MUMBAI EXPRESSWAY (PHASE II - PKG XVI),(AMNE - BHOJ) - [N24001508],KM. 43.000 TO KM. 69.800 OF SPUR,NHAI,11/2022,10/2024,-,"1,450.00",-,0.00,0/0
2023-01,FOUR LANÌNG OF PUDUCHERRY (KM.29/000) TO POONDIYANKUPPAM (KM.67/000) SECTION OF NH-45A ON HAM UNDER,NHAI,N24001429,TAMIL NADU,3/2018,11/2021,-,"1,294.47",-,0.00,0/0
2023-01,REHABILITATION AND UP GRADATION OF EXISTING ROAD TO 2-LANE WITH PAVED SHOULDER CONFIGURATION IN PURU,NHAI,N24000788,WEST BENGAL,3/2018,/,-,841.57,-,0.00,0/0
2023-01,TWO LANING WITH PAVED SHOULDER OF MEENSURUTTI (KM. 98.433) TO CHIDAMBARM (KM. 129.965.) SECTION OF N,NHAI,N24000828,TAMIL NADU,3/2018,9/2023,8/2023,633.55,664.10,134.04,0/0
2023-01,REHABILITATION AND UPGRADATION OF CUTTACK ANGUL SECTION OF NH-42 (NEW NH-55) TO 4 LANE (KM. 0+400 TO,NHAI,N24000715,ODISHA,12/2017,7/2020,-,686.65,-,359.57,0/0
2023-01,SIX LANING OF CHANDIKHOL- JAGATPUR-BHUBANESWAR,NHAI,N24000205,ODISHA,12/2011,6/2014,-,"1,047.00",-,"1,855.00",0/0
2023-01,4L OF EXISTING 2/4L STRETCH FROM LONAND TO DIVE GHAT (KM 166.400 TO KM 220.900 ) OF MOHOL – ALANDI S,NHAI,N24001489,MAHARASHTRA,5/2022,5/2024,-,519.93,-,19.88,0/0
2023-01,FOUR LANING OF BAKHTIYARPUR - MOKAMA SECTION OF NH-31,NHAI,N24000507,BIHAR,12/2015,12/2019,-,"1,167.45",-,465.43,0/0
2023-01,6-LANING OF VIJAYAWADA BYPASS FROM CHINNA AVUTUPALLI (DESIGN CH.0+000) TO GOLLAPUDI (DESIGN CH. 30+0,NHAI,N24001300,ANDHRA PRADESH,11/2019,2/2021,2/2023,"1,226.88","1,321.79",925.65,0/0
2023-01,PACKAGE-25 CONSTRUCTION OF EIGHTLANE ACCESS- CONTROLLED EXPRESSWAY CARRIAGEWAY FROM MIYATI VILLAGE T,NHAI,N24001234,MADHYA PRADESH,2/2019,3/2022,11/2022,996.27,-,"1,078.50",3/3
2023-01,DEVELOPMENT OF FOUR LANNING OF ANGUL-SAMBALPUR SECTION OF NATIONAL HIGHWAY NH-42 (NEW NH-55 IN THE S,NHAI,N24000619,ODISHA,9/2016,8/2019,-,"2,510.04",-,688.15,0/0
2023-01,FOUR LANING OF UNA TO KODINAR OF NH-8E FROM KM. 180.478 TO KM 221.610 (PACKAGE-V) IN THE STATE OF GU,NHAI,N24000570,GUJARAT,5/2016,8/2019,-,763.08,-,408.37,2/2
2023-01,BALANCE WORK FOR FOUR LANING OF ITARSI TO BETUL SECTION OF NH69 FROM KM 63.000 TO KM 137.00 (DESIGN,NHAI,N24000709,MADHYA PRADESH,12/2017,2/2020,-,950.27,-,468.57,4/4
2023-01,DHARAMPURI-LONAND FROM KM. 117.00 TO 166.40 (PKG-IV) ON MOHOL-ALANDI SECTION,NHAI,N24001488,MAHARASHTRA,9/2021,9/2023,-,618.45,-,206.30,0/0
2023-01,FOUR LANING OF DANGIAWAS (KM 96.595 TO NH-112) TO JAJIWAL (KM 283.500 OF NH 65 NAGAUR ROAD) SECTIO,NHAI,N24000711,RAJASTHAN,12/2017,12/2020,-,"1,308.73",-,221.14,0/0
2023-01,FOUR LANNING OF CHOLOPURAM- THANJAVUR,NHAI,N24000697,TAMIL NADU,8/2017,9/2020,6/2023,"1,176.37",-,838.25,0/0
2023-01,INTEGRATED STRUCTURE WITH DEVELOPMENT OF OTHER ALLIED STRUCTURES ON BOTH SIDES OF CHANDNI CHOWK JUNC,NHAI,N24001485,MAHARASHTRA,2/2019,2/2022,-,397.60,-,250.17,0/0
2023-01,FOUR LANING OF SANGLI - SOLAPUR (PKG II),FROM KM. 224.00 TO KM. 276.00 - [N24001490],BOREGAON- WATAMBARE,NHAI,4/2019,8/2021,-,"1,029.40",-,753.38,0/0
2023-01,JUNAGADH BYPASS,NHAI,N24000701,GUJARAT,10/2017,4/2021,6/2023,232.49,375.78,235.17,0/0
2023-01,2 LANING WITH PAVED SHOULDER FROM KM 30.800 TO KM 70.800 AND 2 LANING WITHOUT PAVED SHOULDER FROM KM,NHAI,N24000783,KARNATAKA,2/2018,1/2022,5/2024,486.78,486.78,171.98,3/3
2023-01,FOUR LANING OF SANGLI - SOLAPUR (PKG III),FROM KM 276.0 - KM 321.60 - [N24001491],WATAMBARE- MANGALWEDHA,NHAI,12/2018,12/2020,-,957.00,-,789.08,0/0
2023-01,FOUR LANING OF KAGAVADAR - UNA SECTION OF NH-8E FROM KM 139.915 TO KM 180.478 (PACKAGE-IV) IN THE ST,NHAI,N24000569,GUJARAT,5/2016,9/2019,-,723.64,-,551.69,2/2
2023-01,4 LANING OF NH-31D FROM GHOSHPUKUR - SALSALABARI ( KM 0.00 TO KM . 83.785),NHAI,N24000463,WEST BENGAL,12/2015,6/2018,-,"1,083.00","1,414.01","1,003.09",0/0
2023-01,4-LANNING OF THALSERRY -MAHE BYPASS,NHAI,N24000704,KERALA,9/2017,5/2020,12/2017,"1,124.11","1,323.27","1,219.29",0/0
2023-01,FOUR LANING OF SULTANPUR TO VARANASI (PKG-I),NHAI,N24000493,UTTAR PRADESH,1/2016,6/2018,4/2022,"1,027.53","2,950.04","2,588.02",0/1
2023-01,CONSTRUCTION OF 4 LANE ACCESS CONTROLLED NEW GREENFIELD HIGHWAY SECTION OF NH-365BG (KHAMMAM-DEVARAP,NHAI,N24001477,ANDHRA PRADESH,9/2021,9/2022,9/2024,622.00,-,1.40,0/0
2023-01,REHABILITATION AND UP-,,,,1/2018,6/2021,-,503.88,-,172.47,0/0
2023-01,6-LANING OF VIJAYAWADA BYPASS FROM GOLLAPUDI (DESIGN CH. 30+000) TO CHINNAKAKANI (DESIGN CH. 47+881),NHAI,N24001301,ANDHRA PRADESH,11/2019,1/2024,-,"1,601.10",-,647.85,0/0
2023-01,4-LANNING OF VARANASI GORAKHPUR SECTION OF NH-29 FROM 148.00 208.300 KM,- [N24000551],PACKAGE- IV,NHAI,3/2016,4/2019,3/2022,"1,587.49","3,150.00","2,904.36",0/0
2023-01,WAKHARI TO KHUDUS PACKAGE2 SANT DNYANESHWAR MAHARAJ PALKHI MARG SECTION OF NH965,NHAI,N24001378,MAHARASHTRA,2/2019,1/2022,12/2022,362.46,372.46,338.31,0/4
2023-01,FOUR LANINIG OF CHETTIKULAM TO NATHAM SECTION OF NH-785 FROM CHETTIKULUM (KM 7.300) TO NATHAM (KM. 3,NHAI,N24000826,TAMIL NADU,3/2018,10/2022,4/2023,505.35,-,336.42,0/0
2023-01,REHABILITATION AND UP GRADATION TO FOUR LANING OF NH-31D FROM KM 113.200 TO KM 154.854 (PACKAGE IIA),NHAI,N24000790,WEST BENGAL,3/2018,9/2022,-,"1,261.98","2,145.96",218.00,0/0
2023-01,4-LANING OF SOLAPUR - MAHARASHTRA/ KARNATKA SECTION,NHAI,N24000454,MAHARASHTRA,6/2014,11/2016,-,923.04,-,870.71,0/0
2023-01,4-LANING OF BRAHAMPORE-FARAKA,NHAI,N24000203,WEST BENGAL,2/2011,8/2013,-,998.79,-,"2,100.68",3/4
2023-01,4L OF BARAMATI TO INDAPUR (PKG- II) FROM KM. 41.400 TO KM. 84.550 OF NH-965G (SAINT TUKARAM MARG),NHAI,N24001502,MAHARASHTRA,9/2021,9/2023,-,624.45,-,240.73,0/0
2023-01,CONSTRUCTION OF PARTIALLY ACESS CONTROLLED FOUR LANE ELEVATED HIGHWAY BETWEEN SAMRALA CHOWK (DESIGN,NHAI,N24000662,PUNJAB,3/2017,3/2020,6/2023,754.54,668.74,585.97,3/4
2023-01,PACKAGE-24 CONSTRUCTION OF EIGHTLANE ACCESS- CONTROLLED EXPRESSWAY CARRIAGEWAY FROM RANNI VILLAGE TO,NHAI,N24001232,MADHYA PRADESH,2/2019,3/2022,11/2022,847.00,-,920.50,3/3
2023-01,4L OF KM 0.00 TO KM 42.00 OF OFDOBBASPET TO DODDABALLAPURA BYPASS SECTION NH 648 OLD NH 207 BANGALO,NHAI,N24001509,KARNATAKA,1/2020,4/2021,-,"1,307.00",-,576.27,0/0
2023-01,DEVELOPMENT OF SIX LANE EASTERN PERIPHERAL EXPRESSWAY ( PKG-I),NHAI,N24000424,HARYANA,9/2015,3/2018,-,771.18,-,0.00,0/0
2023-01,TWO/FOUR LANNING OF BRT TIGER,,,,9/2016,8/2019,-,950.69,-,"1,566.51",0/0
2023-01,FOUR LANNING OF NERCHOWK- PANDOH BYPASS SECTION OF NH- 21(PACKAGE-I KM 190.000 TO KM 221.305) UNDER NH,NHAI,N24000613,HIMACHAL PRADESH,9/2016,7/2020,-,"1,273.71",-,"1,147.88",0/0
2023-01,FOUR LANING OF BHAVNAGAR- TALAJA SECTION OF NH-8E FROM KM. 7.090 TO KM. 53.585 (DESIGN CH FROM KM. 6.,NHAI,N24000567,GUJARAT,5/2016,8/2019,-,998.18,-,781.17,2/2
2023-01,FOUR LANNING OF VIKRAVANDI- SETHIYAHOPU FROM KM 0.000 TO KM 60.250(DESIGN CHAINAGE KM 0.000 TO KM 65.,NHAI,N24000652,TAMIL NADU,3/2017,3/2020,11/2023,848.45,-,276.48,0/0
2023-01,DELHI VADODARA GREENFIELD ALIGNMENT SECTION OF NH 148N PACKAGE 29,NHAI,N24001517,GUJARAT,9/2020,4/2023,-,"1,523.77",-,697.74,0/0
2023-01,CONSTRUCTION/ UP-GRATION OF FOUR/TWO LANE WITH PAVED SHOULDER OF NH68 FROM TANOT- RAMGARH BHADASAR-JA,NHAI,N24000795,RAJASTHAN,2/2018,4/2021,3/2023,741.86,649.00,185.59,0/0
2023-01,CONSTRUCTION OF SIX LANING OF DEDICATED PORT ROAD TO KRISHNAPATNAM PORT (PACKAGE- I) KM 0+000 TO KM 1,NHAI,N24000811,ANDHRA PRADESH,3/2018,12/2020,12/2022,314.43,-,85.61,0/0
2023-01,SIX / FOUR LANING OF NH 5 (NEW NH 16) FROM PUINTOLA TO TANGI (KM. 284.000 TO KM. 355.000),NHAI,N24000845,ODISHA,3/2018,/,-,538.41,-,0.00,0/0
2023-01,DELHI VADODARA GREENFIELD ALIGNMENT SECTION OF NH 148N PACKAGE 31,NHAI,N24001520,GUJARAT,11/2019,5/2024,-,"1,604.06",-,895.89,0/0
2023-01,FOUR LANING OF GHAGHRA BRIDGE TO VARANASI (PKG-II),NHAI,N24000499,UTTAR PRADESH,12/2015,6/2018,12/2021,667.00,"3,192.10","2,989.89",0/0
2023-01,FOUR LANNING OF RAMPUR- KATHGODAM SECTION OF NH-87 FROM KM 42.791 (DESIGN CHAINAGE 43.446) TO KM 88,NHAI,N24000559,UTTARAKHAND,3/2016,10/2019,3/2024,720.00,870.59,348.27,2/4
2023-01,SIX LANING OF EXISTING 4-LANE ROAD FROM GUNDUGOLANU (DESIGN KM 1023.280) TO KALAPARRU (DESIGN KM 105,NHAI,N24001298,ANDHRA PRADESH,9/2018,1/2020,1/2022,597.67,641.90,563.26,0/0
2023-01,VADODARA MUMBAI EXPRESSWAY (PHASE II - PKG XIV),(SHIRSAD - AKLOLI) - [N24001507],KM. 3.000 TO KM. 20.200 OF SPUR,NHAI,11/2022,5/2024,-,"1,124.00",-,0.00,0/0
2023-01,4-LANNING OF TARSOD- FAGNE(FROM KM 422.700-510.00),,,,11/2016,7/2021,3/2023,"1,064.88",-,697.44,2/4
2023-01,VADODARA MUMBAI EXPRESSWAY (PHASE II - PKG XII),(MASVAN - GANJAD) - [N24001505],KM. 50.700 TO KM. 77.000,NHAI,3/2022,3/2024,-,"1,549.02",-,36.05,0/0
2023-01,FOUR LANING OF KOILWAR TO BHOJPUR,NHAI,N24000482,BIHAR,8/2015,1/2020,-,814.04,-,"1,041.98",3/4
2023-01,6-LANING OF KOZHIKODE BYPASS (CALICUT BYPASS) (I.E. VENGALAM JN. TO RAMANATTUKARA JN.) SECTION OF NH,NHAI,N24000784,KERALA,2/2018,2/2023,-,"1,424.77","1,862.77",271.25,0/0
2023-01,FOUR LANNING OF RAMPUR- KATHGODAM SECTION OF NH-87 FROM KM 0.000 (KM. 190.000 OF NH- 24) TO KM 42.791,NHAI,N24000556,UTTAR PRADESH,3/2016,4/2019,1/2024,899.00,"1,298.67",920.39,3/4
2023-01,4-LANNING OF HARIDWAR-NAGINA SECTION OF NH-74 FROM KM 0.000 (KM 204.300 OF NH-58) TO KM 73.00,NHAI,N24000564,UTTAR PRADESH,3/2016,7/2020,12/2022,"1,408.00","1,504.64","1,067.76",1/4
2023-01,SIX LANING OF AURANGABAD TO BIHAR - JHARKHAND BORDER (CHORDAHA) SECTION,NHAI,N24000724,BIHAR,1/2018,4/2024,-,895.39,-,"1,384.52",0/0
2023-01,VADODARA MUMBAI EXPRESSWAY (PHASE II - PKG XV),(AKLOLI - AMNE) - [N24001521],KM. 20.200 TO KM. 43.000 OF SPUR,NHAI,11/2022,10/2024,5/2024,990.00,-,0.00,0/0
2023-01,AHMEDNAGAR BYPASS,NHAI,N24001497,MAHARASHTRA,7/2021,7/2023,-,715.00,-,198.38,0/0
2023-01,REHABILITATION AND UP- GRADATION OF EXISTING 2-LANE TO FOUR LANE FROM TALCHAR TO END OF KAMAKHYANAG,NHAI,N24000734,ODISHA,1/2018,8/2021,-,614.48,-,450.00,0/0
2023-01,REHABILITATION AND UP- GRADATION OF EXISTING 2-LANE TO 4 LANE OF DUBURI (KM 388.376) TO CHANDIKHOLE (,NHAI,N24000733,ODISHA,1/2018,8/2022,-,633.68,-,335.38,0/1
2023-01,DELHI-AMRITSAR-KATRA EXPRESSWAY (PHASE-I PKG-XII) FROM JUNCTION WITH AMRITSAR- MEHTA-SRIHARGOBINDPUR-,NHAI,N24001420,PUNJAB,2/2021,4/2024,-,853.66,-,0.00,0/0
2023-01,BALANCE WORK OF 4- L ANING OF PATNA-GAYA-DOBHI SECTION (KM.83.00 TO KM. 127.217) OF NH-83 IN THE STA,NHAI,N24001305,BIHAR,10/2013,11/2020,-,464.09,-,242.19,0/0
2023-01,4-LANING OF GOHANA-SONIPAT (PKG-2) SECTION FROM KM 40.601 TO KM 78.837 (LENGTH = 38.236KM) OF NH-352,NHAI,N24001535,HARYANA,7/2020,7/2022,5/2023,899.00,-,850.67,0/0
2023-01,CONSTRUCTION OF FOUR LANE EXPRESSWAY FROM START OF,,,,5/2020,12/2023,-,894.00,-,266.68,1/4
2023-01,CONSTRUCTION OF STAND ALONE RING ROAD/ BYPASS AROUND JAMMU CITY IN THE STATE OF J AND K ON EPC MODE,NHAI,N24000717,JAMMU AND KASHMIR,12/2017,7/2021,3/2023,"1,471.75","1,471.75","1,349.00",3/3
2023-01,4L OF ADDAHOLE TO BANTWAL CROSS SECTION INCLUDING FLYOVER AT KALLADKA TOWN,NHAI,N24001425,KARNATAKA,3/2021,11/2021,-,"1,100.88","1,100.88",339.02,1/4
2023-01,SINNAR-SHIRDI (INCLUDING SINNAR BYPASS),NHAI,N24001496,MAHARASHTRA,8/2020,8/2022,-,"1,026.00",-,733.62,0/0
2023-01,6L ACCESS-CONTROLLED HIGHWAY FROM (GANESHPUR) TO(NEAR MOHAND) OF GANESHPUR – DEHRADUN SECTION FROM K,NHAI,N24001523,UTTAR PRADESH,3/2021,10/2023,10/2023,836.24,-,142.62,0/0
2023-01,CONSTRUCTION OF 4 LANE ACCESS CONTROLLED NEW GREENFIELD HIGHWAY SECTION OF NH 365BG FROM RECHARLA VI,NHAI,N24001476,ANDHRA PRADESH,9/2021,9/2022,9/2024,517.05,-,5.58,0/0
2023-01,CONSTRUCTION OF 2 LANE BRIDGE ACROSS RIVER KOSI WITH APPROACH ROAD FROM BHEJA TO BAKAUR SECTION OF N,NHAI,N24001371,BIHAR,10/2019,8/2023,-,"1,101.99",-,449.24,2/4
2023-01,"CONSTRUCTION OF 4-LANE NH- 344P-PACKAGE-4 (FROM KM 0+000 TO KM 29+600, 29.6KM), STARTING FROM BAWANA",NHAI,N24001532,HARYANA,11/2021,11/2023,11/2023,694.00,-,432.00,0/0
2023-01,SIX LANING OF CHAKERI TO ALLAHABAD SECTION OF NH-2 FROM KM 483.687 TO KM 628.753 (DESIGN LENGTH – 14,NHAI,N24001185,UTTAR PRADESH,11/2017,7/2021,3/2023,"2,159.00","2,262.00","2,113.93",0/0
2023-01,6L OF KAGAL-SATARA SECTION FROM KM 658.000 TO KM 725.000 OF NH-48 (PKG-II),NHAI,N24001493,MAHARASHTRA,12/2022,12/2024,-,"1,749.86",-,0.00,0/0
2023-01,FOUR LANING OF POONDIYANKUPPAM (KM.67/000) TO SATTANATHAPOURAM (KM.123/800) SECTION OF NH-45A ON HAM,NHAI,N24001430,TAMIL NADU,3/2018,1/2022,-,"2,120.40",-,0.00,0/0
2023-01,"CONSTRUCTION OF FLYOVER AT KM.544.650 INCLUDING ROB ,SERVICE ROADS ,FOOTPATH FOR RCC DRAINS ON URBAN",NHAI,N24000442,MAHARASHTRA,12/2015,3/2019,4/2023,649.50,-,287.85,0/4
2023-01,JAL MARG VIKAS PROJECT,IWAI,N25000072,MULTI STATE,1/2018,3/2023,-,"5,369.18","4,633.81","2,269.48",2/7
2023-01,CENTRE FOR DISABILITY SPORTS STEEL,,,,2/2019,3/2024,-,170.99,-,73.80,1/5
2023-01,NMDC INTEGRATED STEEL PLANT,NMDC,N12000086,CHHATISGARH,1/2010,5/2015,3/2023,"15,525.00","21,940.00","21,742.33",81/86
2023-01,SCREENING PLANT-III AT KIRANDUL,NMDC,N12000127,CHHATISGARH,3/2021,8/2024,-,"2,092.97","2,221.86",515.42,0/5
2023-01,NMDC SLURRY PIPE LINE PROJECT - PHASE-1,NMDC,N12000124,CHHATISGARH,11/2015,6/2023,-,"2,907.00",-,"1,061.73",3/8
2023-01,NEW SINTER PLANT AT BOKARO STEEL PLANT,SAIL,N12000095,JHARKHAND,3/2015,10/2017,12/2021,"1,034.01",-,801.17,0/2
2023-01,REBUILDING OF COKE OVEN BATTERY NO. 7 and 8 AT BSP,SAIL,N12000123,CHHATISGARH,11/2020,12/2023,-,542.24,-,146.67,0/0
2023-01,UP GRADATION OF AUTOMATION SYSTEM OF HOT STRIP MILL AT BOKARO STEEL PLANT,SAIL,N12000126,JHARKHAND,2/2022,6/2024,-,207.74,-,16.57,0/0
2023-01,INSTALLATION OF 4TH SLAB CASTER ALONG WITH ITS AUXILIARIES AND A NEW LADLE FURNACE IN SMS-II AT RSP,SAIL,N12000125,ODISHA,1/2022,5/2025,-,970.18,-,105.47,0/1
2023-01,REBUILDING OF COKE OVEN BATTERY-2 ALONGWITH AUGMENTATION OF COKE HANDLING AND GAS HANDLING FACILITY,SAIL,N12000122,ODISHA,11/2020,5/2023,-,377.18,-,211.60,0/1
2023-01,PHASE-I OF CONSOLIDATION OF EXISTING CDR DATA CENTERS AND NIB-P3 DATA CENTERS WITH STATE OF THE ART,BSNL,N26000114,MULTI STATE,3/2020,6/2021,11/2021,461.42,461.42,124.15,0/0
2023-01,SETTING UP PHYSICAL INFRASTRUCTURE FOR THE NATIONAL INSTITUTE OF COMMUNICATION FINANCE(NICF) AT GHIT,CPWD FOR TELECO,N28000115,DELHI,10/2014,3/2018,-,248.20,-,182.25,3/5
2023-01,NETWORK FOR SPECTRUM,DOT,N26000101,MULTI STATE,3/2012,7/2015,12/2022,"13,334.00",-,"21,545.00",0/0
2023-01,AHMEDABAD METRO RAIL PROJECT PHASE II,MEGA,N28000137,GUJARAT,3/2019,3/2024,-,"5,384.17",-,998.24,0/1
2023-01,AHMEDABAD METRO RAIL PROJECT PHASE 1,MEGA,N28000122,GUJARAT,11/2014,12/2018,-,"10,773.00",-,"11,384.32",0/1
2023-01,SURAT METRO RAIL PROJECT,MEGA,N28000138,GUJARAT,3/2019,3/2024,-,"12,020.32",-,"1,359.69",0/1
2023-01,BANGALORE METRO RAIL PROJECT LIMITED. PHASE. 2A AND 2B,BMRCL,N28000151,KARNATAKA,6/2021,6/2026,-,"14,788.10",-,"2,942.84",0/76
2023-01,BANGALORE METRO RAIL PROJECT,,,,2/2014,2/2021,-,"26,405.14",-,"22,869.55",164/249
2023-01,CONSTRUCTION729 QUARTERS (TYPE II-180 TYPE III-364 TYPE IV-112 TYPE V-68 TYPE-VI-5 SHOPS COMMUNI,CPWD,N28000149,CHHATISGARH,5/2019,9/2020,11/2023,299.97,299.97,96.25,3/6
2023-01,REDEVELOPMENT OF GENERAL POOL RESIDENTIAL COLONY AT SRINIWASPURI NEW DELHI PHASE-I,CPWD,N28000128,DELHI,10/2016,7/2021,-,"1,180.00",-,36.69,0/6
2023-01,"CONSTRUCTION OF 184 MULTI STORIED FLATS FOR HON'BLE MPS AT BKS MARG, NEW DELHI",CPWD,N28000153,DELHI,1/2022,11/2024,5/2025,646.52,-,1.51,1/6
2023-01,REDEVELOPMENT OF GPRA AT KASTURBA NAGAR PHASE I,CPWD,N28000129,DELHI,10/2016,3/2022,6/2024,"1,128.00",-,119.84,0/0
2023-01,CHENNAI METRO RAIL LTD (PHASE 1),CMRL,N28000084,TAMIL NADU,2/2009,12/2015,-,"14,600.00",-,"17,629.68",24/24
2023-01,CHENNAI METRO RAIL LTD (PHASE 1 EXT),CMRL,N28000097,TAMIL NADU,6/2016,3/2018,2/2021,"3,770.00",-,"2,549.19",21/21
2023-01,DELHI METRO PHASE IV THREE PRIORITY CORRIDORS,DMRC,N28000135,DELHI,7/2019,3/2025,-,"24,948.65",-,"5,839.61",0/1
2023-01,DELHI MRTS PHASE-III,DMRC,N28000056,DELHI,9/2011,3/2016,8/2021,"38,585.00",-,"40,072.49",1/1
2023-01,DELHI METRO RAIL EXTENSION FROM NAJAFGARH TO DHANSA BUS STAND,DMRC,N28000136,DELHI,5/2017,12/2020,9/2021,565.00,-,519.02,1/1
2023-01,KOCHI METRO RAIL PROJECT,KMRCL,N28000081,KERALA,7/2012,7/2017,9/2020,"5,181.79",-,"6,065.85",0/0
2023-01,KANPUR METRO RAIL PROJECT,LMRCL,N28000144,UTTAR PRADESH,5/2019,3/2024,-,"11,076.48",-,"4,262.28",0/0
2023-01,AGRA METRO RAIL PROJECT,LMRCL,N28000145,UTTAR PRADESH,5/2019,3/2024,-,"8,379.62",-,"1,761.17",0/0
2023-01,PUNE METRO RAIL PROJECT (PHASE 1),MMRC,N28000121,MAHARASHTRA,12/2016,11/2021,6/2023,"11,420.00",-,"9,887.00",0/0
2023-01,MUMBAI METRO LINE 3 (COLABA- BANDRA-SEEPZ),MMRCL,N28000086,MAHARASHTRA,7/2013,3/2020,-,"23,136.00",-,"22,898.50",0/0
2023-01,INDORE METRO RAIL,MPMRCL,N28000125,MADHYA PRADESH,11/2018,2/2023,7/2025,"7,500.80",-,763.12,0/0
2023-01,BHOPAL METRO RAIL,MPMRCL,N28000124,MADHYA PRADESH,11/2018,2/2023,5/2025,"6,941.40",-,544.98,0/0
2023-01,NAGPUR METRO RAIL,NMRCL,N28000085,MAHARASHTRA,8/2014,3/2018,-,"8,680.00",-,"8,531.11",0/0
2023-01,REDEVELOPMENT OF GPRA COLONY AT NAUROJI NAGAR,,,,7/2016,/,-,"2,694.00",-,"1,462.03",0/9
2023-01,DELHI GHAZIABAD MEERUT RRTS CORRIDOR,NCRTC,N28000134,MULTI STATE,3/2019,6/2025,-,"30,274.00",-,"12,812.69",0/8
2023-01,PATNA METRO RAIL CORPORATION LIMITED,PATNA METRO RAI,N28000148,BIHAR,2/2019,6/2024,9/2024,"13,365.77",-,"1,104.94",0/0
2023-01,PROTECTION OF MAJULI ISLAND FROM FLOOD AND EROSION OF RIVER BRAHMAPUTRA,BPB,N30000001,MAHARASHTRA,3/2017,12/2019,-,233.57,-,196.88,0/0
2023-01,SEWERAGE SYSTEM WITH SEWER NETWORK PATNA KARMALICHAK,BUIDCO,N30000044,BIHAR,3/2017,5/2021,-,277.42,-,328.54,0/0
2023-01,"SEWERAGE SYSTEM AND STP FOR DIGHA ZONE, PATNA",BUIDCO,N30000051,BIHAR,8/2017,6/2022,-,824.00,-,152.90,0/0
2023-01,SEWERAGE SCHEME AT PAHARI ZONE V PATNA,BUIDCO,N30000040,BIHAR,5/2017,4/2021,-,356.37,-,260.98,0/0
2023-01,SEWERAGE SYSTEM AND STP FOR KANKARBAG ZONE PATNA,BUIDCO,N30000050,BIHAR,8/2017,6/2022,-,578.89,-,27.25,0/0
2023-01,SEWERAGE TREATMENT PLANT AT PAHARI PATNA,BUIDCO,N30000043,BIHAR,5/2017,11/2020,-,191.62,-,101.72,0/0
2023-01,SEWER NETWORK SPS AND STP BEGUSARAI,BUIDCO,N30000026,BIHAR,3/2018,7/2021,-,230.06,-,174.60,0/0
2023-01,I AND D AND STP AT CHAPPRA,BUIDCO,N30000028,BIHAR,11/2018,12/2020,-,236.15,-,89.27,0/0
2023-01,SEWERAGE SYSTEM WITH SEWER NETWORK PATNA BEUR,BUIDCO,N30000037,BIHAR,12/2014,3/2020,-,225.77,398.90,344.48,0/0
2023-01,SAIDPUR SEWER NETWORK PATNA,BUIDCO,N30000039,BIHAR,4/2015,1/2021,-,268.63,431.21,464.47,0/0
2023-01,SEWER NETWORKS SPS AND STP HAJIPUR,BUIDCO,N30000035,BIHAR,3/2018,8/2021,-,305.19,-,216.42,0/0
2023-01,"SEWER NETWORKS, SPS AND STP, MUNGER",BUIDCO,N30000036,BIHAR,3/2018,10/2021,-,294.02,-,129.08,0/0
2023-01,I AND D AND STP WORKS FOR BHAGALPUR,BUIDCO,N30000027,BIHAR,10/2017,9/2020,11/2020,254.13,413.29,0.07,0/0
2023-01,REHABILITATION AND UPGRADATION OF KONDLI PHASE I STP 45 MLD PHASE II STP 114 MLD AND PHASE III S,DJB,N30000016,DELHI,5/2016,2/2022,-,239.11,-,217.24,0/0
2023-01,CONSTRUCTION OF 564 MLD 124 MGD WASTE WATER TREATMENT PLANT WITH EFFLUENT STANDARDS OF BOD – 10MG/L,DJB,N30000014,DELHI,3/2017,12/2022,-,665.78,-,459.35,0/0
2023-01,REHABILITATION AND UP- GRADATION OF PHASE I STP 182,,,,5/2016,12/2021,-,211.79,-,147.73,0/0
2023-01,CONSTRUCTION OF 318 MLD WWTP WITH 10 YEARS O AND M AT CORONATION PILLAR DELHI,DJB,N30000017,DELHI,12/2018,1/2021,-,515.07,-,388.08,0/0
2023-01,7 NOS PRIORITIZED STPS 1 NO. SPS AND PERIPHERAL SEWERS IN COMMAND AREA OF NAJAFHARH DRAIN DHANSA TO,DJB,N30000018,DELHI,5/2017,5/2020,-,344.81,-,0.00,0/0
2023-01,INTERCEPTION DIVERSION TREATMENT WORKS AT TOLLYS NULLAH ADI GANGA,KMDA,N30000034,WEST BENGAL,8/2017,9/2022,-,307.12,-,0.00,0/0
2023-01,"INTERCEPTION, DIVERSION AND TREATMENT WORKS AT BARANAGAR AND KAMARAHATI",KMDA,N30000048,WEST BENGAL,1/2018,12/2021,2/2021,172.10,-,37.22,0/0
2023-01,INTERCEPTION AND DIVERSION WITH STP AT MAHESHTALA,KMDA,N30000032,WEST BENGAL,5/2018,2/2022,-,198.43,224.69,0.00,0/0
2023-01,INTERCEPTION AND DIVERSION WORKS WITH STP FOR DRAINS FALLING IN RIVER DAMODAR AT DURGAPURL,KMDA,N30000030,WEST BENGAL,3/2019,4/2022,-,287.53,-,0.00,0/0
2023-01,SEWERAGE SYSTEM AND STP WORKS AT HALISHAHR,KMDA,N30000046,WEST BENGAL,2/2014,12/2019,-,274.76,-,249.88,0/0
2023-01,INTEGRATION OF STPS WITH REHABILITATION AND O AND M OF EXISTING ASSETS,KMDA,N30000033,WEST BENGAL,3/2018,6/2022,-,165.16,-,0.00,0/0
2023-01,SEWERAGE SYSTEM WITH SEWER NETWORK AT BARRACKPORE,KMDA,N30000047,WEST BENGAL,12/2014,4/2020,-,272.32,-,285.96,0/0
2023-01,INTERCEPTION AND DIVERSION WITH STP AT HUGHLY-CHINSURAH,KMDA,N30000042,WEST BENGAL,5/2018,2/2022,9/2020,160.00,154.73,26.01,0/0
2023-01,DETAILED PROJECT REPORT FOR I AND D SEWERAGE SYSTEM AND STP FOR ASANSOL AND KULTI TOWNS,KMDA,N30000029,WEST BENGAL,1/2019,4/2022,-,384.96,-,0.00,0/0
2023-01,I AND D AND STP WORKS AT BURDWAN WEST BENGAL,KMDA,N30000031,WEST BENGAL,12/2018,4/2022,-,234.31,-,0.00,0/0
2023-01,INTERCEPTION AND DIVERSION WITH STP AT BALLY,KMDA,N30000049,WEST BENGAL,10/2017,12/2021,-,164.93,-,37.22,0/0
2023-01,"INTERCEPTION, DIVERSION AND TREATMENT WORKS AT HOWRAH",KMDA,N30000045,WEST BENGAL,8/2017,12/2021,2/2021,185.22,-,37.22,0/0
2023-01,POLAVARAM IRRIGATION PROJECT,PPA,N30000002,ANDHRA PRADESH,2/2009,3/2020,3/2024,"10,151.04","55,548.87","20,775.80",8/19
2023-01,FARRUKHABAD I AND D AND STP WORKS HAM,UPJalNigam,N30000008,UTTAR PRADESH,10/2017,3/2022,2/2021,213.62,261.12,21.49,0/0
2023-01,"INTERCEPTION, DIVERSION AND TREATMENT WORKS FOR NAINI DISTRICT G PHAPHAMAU DISTRICT F AND JHUSI AREA",UPJalNigam,N30000006,UTTAR PRADESH,5/2017,9/2021,-,767.59,-,276.97,0/0
2023-01,SEWERAGE SCHEME INTERCEPTION AND DIVERSION WITH STP WORKS AT MEERUT UTTAR PRADESH,UPJalNigam,N30000024,UTTAR PRADESH,2/2019,6/2022,-,681.78,690.71,0.00,0/0
2023-01,INTERCEPTION AND DIVERSION WORKS AND SEWAGE TREATMENT PLANT AT JAUNPUR UTTAR PRADESH,UPJalNigam,N30000022,UTTAR PRADESH,1/2019,10/2021,-,206.05,-,122.26,0/0
2023-01,MATHURA SEWERAGE SCHEME,UPJalNigam,N30000019,UTTAR PRADESH,12/2017,12/2020,-,460.45,-,287.27,0/0
2023-01,"INTERCEPTION AND DIVERSION WORKS WITH STP AT BAREILLY, UTTAR PRADESH",UPJalNigam,N30000013,UTTAR PRADESH,3/2019,8/2021,-,271.39,-,59.32,0/0
2023-01,STP AT PANKHA KANPUR AND INTEGRATION WITH EXISTING STPS,UPJalNigam,N30000010,UTTAR PRADESH,3/2018,9/2021,-,967.23,-,220.73,0/0
2023-01,INTERCEPTION AND DIVERSION WORKS WITH STP AT LUCKNOW UTTAR PRADESH,UPJalNigam,N30000025,UTTAR PRADESH,3/2019,7/2021,5/2020,298.12,213.91,7.90,0/0
2023-01,INTERCEPTION AND DIVERSION WITH STP AT RISHIKESH,UKJalNigam,N30000004,UTTARAKHA ND,3/2017,11/2019,-,158.00,-,93.90,0/0
